2026-04-22T14:01:25+0000 INFO Fetched page: 198 total IDs, 10 rendered details
2026-04-22T14:01:25+0000 INFO 0 new offer(s) found
2026-04-22T15:22:27+0000 INFO Fetched page: 201 total IDs, 10 rendered details
2026-04-22T15:22:27+0000 INFO 4 new offer(s) found
2026-04-22T15:22:28+0000 INFO Telegram sent: 🏠 Neues Wohnungsangebot — Reinickendorf

📍 Roedernallee 118C
2026-04-22T15:22:28+0000 INFO Notified: ID 16081 — Roedernallee 118C, 13437 Reinickendorf
2026-04-22T15:22:28+0000 INFO Telegram sent: 🏠 Neues Wohnungsangebot — Treptow-Köpenick

📍 Salvador-Allen
2026-04-22T15:22:28+0000 INFO Notified: ID 16082 — Salvador-Allende-Straße 68, 12559 Treptow-Köpenick
2026-04-22T15:22:29+0000 INFO Telegram sent: 🏠 Neues Wohnungsangebot — Spandau

📍 Asnièresstraße 1, 13587
2026-04-22T15:22:29+0000 INFO Notified: ID 16083 — Asnièresstraße 1, 13587 Spandau
2026-04-22T15:22:29+0000 INFO Telegram sent: 🏠 Neues Wohnungsangebot — Treptow-Köpenick

📍 Joachimstraße 
2026-04-22T15:22:29+0000 INFO Notified: ID 16084 — Joachimstraße 6, 12555 Treptow-Köpenick
2026-04-22T16:36:39+0000 INFO Fetched page: 203 total IDs, 10 rendered details
2026-04-22T16:36:39+0000 INFO 3 new offer(s) found
2026-04-22T16:36:39+0000 INFO Skipped (district Spandau not in allowlist): ID 16086
2026-04-22T16:36:39+0000 INFO Skipped (district Lichtenberg not in allowlist): ID 16087
2026-04-22T16:36:39+0000 INFO Skipped (district Spandau not in allowlist): ID 16088
2026-04-22T17:38:51+0000 INFO Fetched page: 203 total IDs, 10 rendered details
2026-04-22T17:38:51+0000 INFO 1 new offer(s) found
2026-04-22T17:38:51+0000 INFO Telegram sent: 🏠 Neues Wohnungsangebot — Charlottenburg-Wilmersdorf

📍 Teic
2026-04-22T17:38:51+0000 INFO Notified: ID 16089 — Teichgräberzeile 1, 13627 Charlottenburg-Wilmersdorf
2026-04-22T18:45:17+0000 INFO Fetched page: 203 total IDs, 10 rendered details
2026-04-22T18:45:17+0000 INFO 0 new offer(s) found
2026-04-22T19:54:53+0000 INFO Fetched page: 203 total IDs, 10 rendered details
2026-04-22T19:54:53+0000 INFO 0 new offer(s) found
2026-04-22T20:53:53+0000 INFO Fetched page: 202 total IDs, 10 rendered details
2026-04-22T20:53:53+0000 INFO 0 new offer(s) found
2026-04-22T21:46:31+0000 INFO Fetched page: 202 total IDs, 10 rendered details
2026-04-22T21:46:31+0000 INFO 0 new offer(s) found
2026-04-22T22:34:22+0000 INFO Fetched page: 201 total IDs, 10 rendered details
2026-04-22T22:34:22+0000 INFO 0 new offer(s) found
2026-04-22T23:30:16+0000 INFO Fetched page: 201 total IDs, 10 rendered details
2026-04-22T23:30:16+0000 INFO 0 new offer(s) found
2026-04-23T01:10:19+0000 INFO Fetched page: 201 total IDs, 10 rendered details
2026-04-23T01:10:19+0000 INFO 0 new offer(s) found
2026-04-23T04:21:52+0000 INFO Fetched page: 201 total IDs, 10 rendered details
2026-04-23T04:21:52+0000 INFO 0 new offer(s) found
2026-04-23T06:21:30+0000 INFO Fetched page: 201 total IDs, 10 rendered details
2026-04-23T06:21:30+0000 INFO 3 new offer(s) found
2026-04-23T06:21:30+0000 INFO Skipped (district Pankow not in allowlist): ID 16090
2026-04-23T06:21:30+0000 INFO Skipped (district Pankow not in allowlist): ID 16091
2026-04-23T06:21:30+0000 INFO Skipped (district Pankow not in allowlist): ID 16092
2026-04-23T08:15:24+0000 INFO Fetched page: 207 total IDs, 10 rendered details
2026-04-23T08:15:24+0000 INFO 11 new offer(s) found
2026-04-23T08:15:24+0000 WARNING ID 16094 not in top-10 details (>10 new in one window?)
2026-04-23T08:15:25+0000 INFO Telegram sent: 🏠 New offer (ID 16094) — details not rendered, see site:
🔗 h
2026-04-23T08:15:25+0000 INFO Telegram sent: 🏠 Neues Wohnungsangebot — Neukölln

📍 Bruno-Taut-Ring 11B, 1
2026-04-23T08:15:25+0000 INFO Notified: ID 16095 — Bruno-Taut-Ring 11B, 12359 Neukölln
2026-04-23T08:15:26+0000 INFO Telegram sent: 🏠 Neues Wohnungsangebot — Neukölln

📍 Bruno-Taut-Ring 17A, 1
2026-04-23T08:15:26+0000 INFO Notified: ID 16096 — Bruno-Taut-Ring 17A, 12359 Neukölln
2026-04-23T08:15:26+0000 INFO Telegram sent: 🏠 Neues Wohnungsangebot — Neukölln

📍 Bruno-Taut-Ring 17A, 1
2026-04-23T08:15:26+0000 INFO Notified: ID 16097 — Bruno-Taut-Ring 17A, 12359 Neukölln
2026-04-23T08:15:27+0000 INFO Telegram sent: 🏠 Neues Wohnungsangebot — Neukölln

📍 Bruno-Taut-Ring 15A, 1
2026-04-23T08:15:27+0000 INFO Notified: ID 16098 — Bruno-Taut-Ring 15A, 12359 Neukölln
2026-04-23T08:15:27+0000 INFO Telegram sent: 🏠 Neues Wohnungsangebot — Neukölln

📍 Glasower Straße 4, 120
2026-04-23T08:15:27+0000 INFO Notified: ID 16099 — Glasower Straße 4, 12051 Neukölln
2026-04-23T08:15:27+0000 INFO Skipped (district Lichtenberg not in allowlist): ID 16100
2026-04-23T08:15:28+0000 INFO Telegram sent: 🏠 Neues Wohnungsangebot — Neukölln

📍 Marienfelder Chaussee 
2026-04-23T08:15:28+0000 INFO Notified: ID 16101 — Marienfelder Chaussee 122, 12349 Neukölln
2026-04-23T08:15:28+0000 INFO Telegram sent: 🏠 Neues Wohnungsangebot — Neukölln

📍 Am Mühlanger 13, 12349
2026-04-23T08:15:28+0000 INFO Notified: ID 16102 — Am Mühlanger 13, 12349 Neukölln
2026-04-23T08:15:28+0000 INFO Skipped (district Lichtenberg not in allowlist): ID 16103
2026-04-23T08:15:29+0000 INFO Telegram sent: 🏠 Neues Wohnungsangebot — Neukölln

📍 Knyphausenweg 4, 12349
2026-04-23T08:15:29+0000 INFO Notified: ID 16104 — Knyphausenweg 4, 12349 Neukölln
2026-04-23T09:59:21+0000 INFO Fetched page: 207 total IDs, 10 rendered details
2026-04-23T09:59:21+0000 INFO 7 new offer(s) found
2026-04-23T09:59:21+0000 INFO Skipped (district Marzahn-Hellersdorf not in allowlist): ID 16105
2026-04-23T09:59:21+0000 INFO Skipped (district Marzahn-Hellersdorf not in allowlist): ID 16106
2026-04-23T09:59:21+0000 INFO Skipped (district Treptow-Köpenick not in allowlist): ID 16107
2026-04-23T09:59:21+0000 INFO Skipped (district Marzahn-Hellersdorf not in allowlist): ID 16108
2026-04-23T09:59:22+0000 INFO Telegram sent: 🏠 Neues Wohnungsangebot — Mitte

📍 Soldiner Straße 71, 13359
2026-04-23T09:59:22+0000 INFO Notified: ID 16109 — Soldiner Straße 71, 13359 Mitte
2026-04-23T09:59:22+0000 INFO Skipped (district Reinickendorf not in allowlist): ID 16110
2026-04-23T09:59:22+0000 INFO Telegram sent: 🏠 Neues Wohnungsangebot — Tempelhof-Schöneberg

📍 Martin-Lut
2026-04-23T09:59:22+0000 INFO Notified: ID 16111 — Martin-Luther-Straße 25, 10777 Tempelhof-Schöneberg
2026-04-23T11:17:10+0000 INFO Fetched page: 209 total IDs, 10 rendered details
2026-04-23T11:17:10+0000 INFO 6 new offer(s) found
2026-04-23T11:17:10+0000 INFO Skipped (district Marzahn-Hellersdorf not in allowlist): ID 16112
2026-04-23T11:17:10+0000 INFO Skipped (district Treptow-Köpenick not in allowlist): ID 16113
2026-04-23T11:17:10+0000 INFO Skipped (district Marzahn-Hellersdorf not in allowlist): ID 16114
2026-04-23T11:17:10+0000 INFO Skipped (district Lichtenberg not in allowlist): ID 16115
2026-04-23T11:17:10+0000 INFO Skipped (district Spandau not in allowlist): ID 16117
2026-04-23T11:17:10+0000 INFO Skipped (district Marzahn-Hellersdorf not in allowlist): ID 16118
2026-04-23T12:11:22+0000 INFO Fetched page: 212 total IDs, 10 rendered details
2026-04-23T12:11:22+0000 INFO 6 new offer(s) found
2026-04-23T12:11:22+0000 INFO Telegram sent: 🏠 Neues Wohnungsangebot — Tempelhof-Schöneberg

📍 Greizer St
2026-04-23T12:11:22+0000 INFO Notified: ID 16119 — Greizer Straße 30, 12279 Tempelhof-Schöneberg
2026-04-23T12:11:22+0000 INFO Telegram sent: 🏠 Neues Wohnungsangebot — Mitte

📍 Mühlendamm 1, 10179 Mitte
2026-04-23T12:11:22+0000 INFO Notified: ID 16120 — Mühlendamm 1, 10179 Mitte
2026-04-23T12:11:22+0000 INFO Skipped (district Marzahn-Hellersdorf not in allowlist): ID 16121
2026-04-23T12:11:23+0000 INFO Telegram sent: 🏠 Neues Wohnungsangebot — Tempelhof-Schöneberg

📍 Am Mühlenb
2026-04-23T12:11:23+0000 INFO Notified: ID 16122 — Am Mühlenberg 5, 10825 Tempelhof-Schöneberg
2026-04-23T12:11:23+0000 INFO Skipped (district Treptow-Köpenick not in allowlist): ID 16123
2026-04-23T12:11:23+0000 INFO Telegram sent: 🏠 Neues Wohnungsangebot — Tempelhof-Schöneberg

📍 Am Mühlenb
2026-04-23T12:11:23+0000 INFO Notified: ID 16124 — Am Mühlenberg 5, 10825 Tempelhof-Schöneberg
2026-04-23T14:12:36+0000 INFO Fetched page: 216 total IDs, 10 rendered details
2026-04-23T14:12:36+0000 INFO 12 new offer(s) found
2026-04-23T14:12:36+0000 WARNING ID 16125 not in top-10 details (>10 new in one window?)
2026-04-23T14:12:37+0000 INFO Telegram sent: 🏠 New offer (ID 16125) — details not rendered, see site:
🔗 h
2026-04-23T14:12:37+0000 WARNING ID 16126 not in top-10 details (>10 new in one window?)
2026-04-23T14:12:37+0000 INFO Telegram sent: 🏠 New offer (ID 16126) — details not rendered, see site:
🔗 h
2026-04-23T14:12:37+0000 INFO Skipped (district Treptow-Köpenick not in allowlist): ID 16127
2026-04-23T14:12:37+0000 INFO Skipped (district Treptow-Köpenick not in allowlist): ID 16128
2026-04-23T14:12:37+0000 INFO Skipped (district Lichtenberg not in allowlist): ID 16129
2026-04-23T14:12:38+0000 INFO Telegram sent: 🏠 Neues Wohnungsangebot — Friedrichshain-Kreuzberg

📍 Marian
2026-04-23T14:12:38+0000 INFO Notified: ID 16130 — Mariannenstraße 53, 10997 Friedrichshain-Kreuzberg
2026-04-23T14:12:38+0000 INFO Telegram sent: 🏠 Neues Wohnungsangebot — Tempelhof-Schöneberg

📍 Intzestraß
2026-04-23T14:12:38+0000 INFO Notified: ID 16131 — Intzestraße 21, 12277 Tempelhof-Schöneberg
2026-04-23T14:12:38+0000 INFO Telegram sent: 🏠 Neues Wohnungsangebot — Mitte

📍 Reinickendorfer Straße 31
2026-04-23T14:12:38+0000 INFO Notified: ID 16132 — Reinickendorfer Straße 31, 13347 Mitte
2026-04-23T14:12:39+0000 INFO Telegram sent: 🏠 Neues Wohnungsangebot — Charlottenburg-Wilmersdorf

📍 Krum
2026-04-23T14:12:39+0000 INFO Notified: ID 16133 — Krumme Straße 77, 10585 Charlottenburg-Wilmersdorf
2026-04-23T14:12:39+0000 INFO Telegram sent: 🏠 Neues Wohnungsangebot — Friedrichshain-Kreuzberg

📍 Großbe
2026-04-23T14:12:39+0000 INFO Notified: ID 16135 — Großbeerenstraße 3, 10963 Friedrichshain-Kreuzberg
2026-04-23T14:12:39+0000 INFO Skipped (district Marzahn-Hellersdorf not in allowlist): ID 16136
2026-04-23T14:12:39+0000 INFO Skipped (district Lichtenberg not in allowlist): ID 16137
2026-04-23T17:45:36+0000 INFO Fetched page: 215 total IDs, 10 rendered details
2026-04-23T17:45:36+0000 INFO 7 new offer(s) found
2026-04-23T17:45:36+0000 INFO Skipped (district Treptow-Köpenick not in allowlist): ID 16138
2026-04-23T17:45:36+0000 INFO Skipped (district Pankow not in allowlist): ID 16140
2026-04-23T17:45:36+0000 INFO Skipped (district Lichtenberg not in allowlist): ID 16141
2026-04-23T17:45:36+0000 INFO Skipped (district Lichtenberg not in allowlist): ID 16142
2026-04-23T17:45:36+0000 INFO Skipped (district Lichtenberg not in allowlist): ID 16143
2026-04-23T17:45:36+0000 INFO Skipped (district Lichtenberg not in allowlist): ID 16144
2026-04-23T17:45:36+0000 INFO Telegram sent: 🏠 Neues Wohnungsangebot — Tempelhof-Schöneberg

📍 Barnetstra
2026-04-23T17:45:36+0000 INFO Notified: ID 16146 — Barnetstraße 81, 12305 Tempelhof-Schöneberg
2026-04-23T18:47:17+0000 INFO Fetched page: 212 total IDs, 10 rendered details
2026-04-23T18:47:17+0000 INFO 0 new offer(s) found
2026-04-23T19:57:44+0000 INFO Fetched page: 211 total IDs, 10 rendered details
2026-04-23T19:57:44+0000 INFO 0 new offer(s) found
2026-04-23T20:58:51+0000 INFO Fetched page: 209 total IDs, 10 rendered details
2026-04-23T20:58:51+0000 INFO 0 new offer(s) found
2026-04-23T21:55:11+0000 INFO Fetched page: 209 total IDs, 10 rendered details
2026-04-23T21:55:11+0000 INFO 0 new offer(s) found
2026-04-23T22:43:08+0000 INFO Fetched page: 208 total IDs, 10 rendered details
2026-04-23T22:43:08+0000 INFO 0 new offer(s) found
2026-04-23T23:31:07+0000 INFO Fetched page: 208 total IDs, 10 rendered details
2026-04-23T23:31:07+0000 INFO 0 new offer(s) found
2026-04-24T01:10:45+0000 INFO Fetched page: 208 total IDs, 10 rendered details
2026-04-24T01:10:45+0000 INFO 0 new offer(s) found
2026-04-24T04:26:59+0000 INFO Fetched page: 207 total IDs, 10 rendered details
2026-04-24T04:26:59+0000 INFO 0 new offer(s) found
2026-04-24T06:26:16+0000 INFO Fetched page: 209 total IDs, 10 rendered details
2026-04-24T06:26:16+0000 INFO 11 new offer(s) found
2026-04-24T06:26:16+0000 WARNING ID 16147 not in top-10 details (>10 new in one window?)
2026-04-24T06:26:16+0000 INFO Telegram sent: 🏠 New offer (ID 16147) — details not rendered, see site:
🔗 h
2026-04-24T06:26:16+0000 INFO Skipped (district Reinickendorf not in allowlist): ID 16148
2026-04-24T06:26:17+0000 INFO Telegram sent: 🏠 Neues Wohnungsangebot — Mitte

📍 Soldiner Straße 71, 13359
2026-04-24T06:26:17+0000 INFO Notified: ID 16149 — Soldiner Straße 71, 13359 Mitte
2026-04-24T06:26:17+0000 INFO Skipped (district Treptow-Köpenick not in allowlist): ID 16150
2026-04-24T06:26:17+0000 INFO Skipped (district Treptow-Köpenick not in allowlist): ID 16151
2026-04-24T06:26:17+0000 INFO Skipped (district Treptow-Köpenick not in allowlist): ID 16152
2026-04-24T06:26:17+0000 INFO Skipped (district Treptow-Köpenick not in allowlist): ID 16153
2026-04-24T06:26:17+0000 INFO Skipped (district Treptow-Köpenick not in allowlist): ID 16154
2026-04-24T06:26:17+0000 INFO Skipped (district Treptow-Köpenick not in allowlist): ID 16155
2026-04-24T06:26:17+0000 INFO Skipped (district Treptow-Köpenick not in allowlist): ID 16156
2026-04-24T06:26:17+0000 INFO Skipped (district Treptow-Köpenick not in allowlist): ID 16157
2026-04-24T08:31:49+0000 INFO Fetched page: 212 total IDs, 10 rendered details
2026-04-24T08:31:49+0000 INFO 19 new offer(s) found
2026-04-24T08:31:49+0000 WARNING ID 16158 not in top-10 details (>10 new in one window?)
2026-04-24T08:31:50+0000 INFO Telegram sent: 🏠 New offer (ID 16158) — details not rendered, see site:
🔗 h
2026-04-24T08:31:50+0000 WARNING ID 16159 not in top-10 details (>10 new in one window?)
2026-04-24T08:31:50+0000 INFO Telegram sent: 🏠 New offer (ID 16159) — details not rendered, see site:
🔗 h
2026-04-24T08:31:50+0000 WARNING ID 16160 not in top-10 details (>10 new in one window?)
2026-04-24T08:31:50+0000 INFO Telegram sent: 🏠 New offer (ID 16160) — details not rendered, see site:
🔗 h
2026-04-24T08:31:50+0000 WARNING ID 16161 not in top-10 details (>10 new in one window?)
2026-04-24T08:31:51+0000 INFO Telegram sent: 🏠 New offer (ID 16161) — details not rendered, see site:
🔗 h
2026-04-24T08:31:51+0000 WARNING ID 16162 not in top-10 details (>10 new in one window?)
2026-04-24T08:31:51+0000 INFO Telegram sent: 🏠 New offer (ID 16162) — details not rendered, see site:
🔗 h
2026-04-24T08:31:51+0000 WARNING ID 16163 not in top-10 details (>10 new in one window?)
2026-04-24T08:31:51+0000 INFO Telegram sent: 🏠 New offer (ID 16163) — details not rendered, see site:
🔗 h
2026-04-24T08:31:51+0000 WARNING ID 16164 not in top-10 details (>10 new in one window?)
2026-04-24T08:31:52+0000 INFO Telegram sent: 🏠 New offer (ID 16164) — details not rendered, see site:
🔗 h
2026-04-24T08:31:52+0000 WARNING ID 16165 not in top-10 details (>10 new in one window?)
2026-04-24T08:31:52+0000 INFO Telegram sent: 🏠 New offer (ID 16165) — details not rendered, see site:
🔗 h
2026-04-24T08:31:52+0000 WARNING ID 16166 not in top-10 details (>10 new in one window?)
2026-04-24T08:31:52+0000 INFO Telegram sent: 🏠 New offer (ID 16166) — details not rendered, see site:
🔗 h
2026-04-24T08:31:52+0000 INFO Skipped (district Marzahn-Hellersdorf not in allowlist): ID 16167
2026-04-24T08:31:52+0000 INFO Skipped (district Marzahn-Hellersdorf not in allowlist): ID 16168
2026-04-24T08:31:52+0000 INFO Skipped (district Pankow not in allowlist): ID 16169
2026-04-24T08:31:52+0000 INFO Skipped (district Marzahn-Hellersdorf not in allowlist): ID 16170
2026-04-24T08:31:52+0000 INFO Skipped (district Marzahn-Hellersdorf not in allowlist): ID 16171
2026-04-24T08:31:53+0000 INFO Telegram sent: 🏠 Neues Wohnungsangebot — Neukölln

📍 Agnes-Straub-Weg 2B, 1
2026-04-24T08:31:53+0000 INFO Notified: ID 16172 — Agnes-Straub-Weg 2B, 12353 Neukölln
2026-04-24T08:31:53+0000 INFO Telegram sent: 🏠 Neues Wohnungsangebot — Neukölln

📍 Heinrich-Schlusnus-Str
2026-04-24T08:31:53+0000 INFO Notified: ID 16173 — Heinrich-Schlusnus-Straße 8, 12057 Neukölln
2026-04-24T08:31:53+0000 INFO Skipped (district Treptow-Köpenick not in allowlist): ID 16174
2026-04-24T08:31:53+0000 INFO Skipped (district Marzahn-Hellersdorf not in allowlist): ID 16175
2026-04-24T08:31:53+0000 INFO Telegram sent: 🏠 Neues Wohnungsangebot — Mitte

📍 Stralsunder Straße 61, 13
2026-04-24T08:31:53+0000 INFO Notified: ID 16176 — Stralsunder Straße 61, 13355 Mitte
2026-04-24T10:10:07+0000 INFO Fetched page: 216 total IDs, 10 rendered details
2026-04-24T10:10:07+0000 INFO 10 new offer(s) found
2026-04-24T10:10:08+0000 INFO Telegram sent: 🏠 Neues Wohnungsangebot — Tempelhof-Schöneberg

📍 Hildburgha
2026-04-24T10:10:08+0000 INFO Notified: ID 16177 — Hildburghauser Straße 29A, 12279 Tempelhof-Schöneberg
2026-04-24T10:10:08+0000 INFO Skipped (district Reinickendorf not in allowlist): ID 16178
2026-04-24T10:10:08+0000 INFO Skipped (district Marzahn-Hellersdorf not in allowlist): ID 16179
2026-04-24T10:10:08+0000 INFO Skipped (district Marzahn-Hellersdorf not in allowlist): ID 16180
2026-04-24T10:10:08+0000 INFO Telegram sent: 🏠 Neues Wohnungsangebot — Neukölln

📍 Gensweg 10, 12349 Neuk
2026-04-24T10:10:08+0000 INFO Notified: ID 16181 — Gensweg 10, 12349 Neukölln
2026-04-24T10:10:08+0000 INFO Skipped (district Pankow not in allowlist): ID 16182
2026-04-24T10:10:08+0000 INFO Skipped (district Pankow not in allowlist): ID 16183
2026-04-24T10:10:08+0000 INFO Skipped (district Reinickendorf not in allowlist): ID 16184
2026-04-24T10:10:08+0000 INFO Skipped (district Lichtenberg not in allowlist): ID 16185
2026-04-24T10:10:08+0000 INFO Skipped (district Steglitz-Zehlendorf not in allowlist): ID 16186
2026-04-24T11:34:13+0000 INFO Fetched page: 219 total IDs, 10 rendered details
2026-04-24T11:34:13+0000 INFO 6 new offer(s) found
2026-04-24T11:34:13+0000 INFO Skipped (district Reinickendorf not in allowlist): ID 16188
2026-04-24T11:34:14+0000 INFO Telegram sent: 🏠 Neues Wohnungsangebot — Mitte

📍 Frauenfelder Weg 9, 13407
2026-04-24T11:34:14+0000 INFO Notified: ID 16189 — Frauenfelder Weg 9, 13407 Mitte
2026-04-24T11:34:14+0000 INFO Skipped (district Treptow-Köpenick not in allowlist): ID 16191
2026-04-24T11:34:14+0000 INFO Skipped (district Treptow-Köpenick not in allowlist): ID 16192
2026-04-24T11:34:14+0000 INFO Skipped (district Treptow-Köpenick not in allowlist): ID 16193
2026-04-24T11:34:14+0000 INFO Skipped (district Marzahn-Hellersdorf not in allowlist): ID 16195
2026-04-24T12:41:12+0000 INFO Fetched page: 216 total IDs, 10 rendered details
2026-04-24T12:41:12+0000 INFO 1 new offer(s) found
2026-04-24T12:41:12+0000 INFO Skipped (district Treptow-Köpenick not in allowlist): ID 16197
2026-04-24T14:19:15+0000 INFO Fetched page: 221 total IDs, 10 rendered details
2026-04-24T14:19:15+0000 INFO 6 new offer(s) found
2026-04-24T14:19:15+0000 INFO Skipped (district Treptow-Köpenick not in allowlist): ID 16198
2026-04-24T14:19:15+0000 INFO Skipped (district Treptow-Köpenick not in allowlist): ID 16199
2026-04-24T14:19:15+0000 INFO Skipped (district Treptow-Köpenick not in allowlist): ID 16200
2026-04-24T14:19:15+0000 INFO Skipped (district Treptow-Köpenick not in allowlist): ID 16201
2026-04-24T14:19:15+0000 INFO Skipped (district Treptow-Köpenick not in allowlist): ID 16202
2026-04-24T14:19:15+0000 INFO Skipped (district Lichtenberg not in allowlist): ID 16204
2026-04-24T15:42:01+0000 INFO Fetched page: 221 total IDs, 10 rendered details
2026-04-24T15:42:01+0000 INFO 1 new offer(s) found
2026-04-24T15:42:01+0000 INFO Skipped (district Treptow-Köpenick not in allowlist): ID 16205
2026-04-24T16:40:13+0000 INFO Fetched page: 219 total IDs, 10 rendered details
2026-04-24T16:40:13+0000 INFO 0 new offer(s) found
2026-04-24T17:37:20+0000 INFO Fetched page: 218 total IDs, 10 rendered details
2026-04-24T17:37:20+0000 INFO 0 new offer(s) found
2026-04-24T18:28:14+0000 INFO Fetched page: 217 total IDs, 10 rendered details
2026-04-24T18:28:14+0000 INFO 0 new offer(s) found
2026-04-24T19:31:35+0000 INFO Fetched page: 217 total IDs, 10 rendered details
2026-04-24T19:31:35+0000 INFO 0 new offer(s) found
2026-04-24T20:25:00+0000 INFO Fetched page: 217 total IDs, 10 rendered details
2026-04-24T20:25:00+0000 INFO 0 new offer(s) found
2026-04-24T21:12:50+0000 INFO Fetched page: 217 total IDs, 10 rendered details
2026-04-24T21:12:50+0000 INFO 0 new offer(s) found
2026-04-24T22:03:51+0000 INFO Fetched page: 217 total IDs, 10 rendered details
2026-04-24T22:03:51+0000 INFO 0 new offer(s) found
2026-04-24T22:55:06+0000 INFO Fetched page: 210 total IDs, 10 rendered details
2026-04-24T22:55:06+0000 INFO 0 new offer(s) found
2026-04-24T23:38:08+0000 INFO Fetched page: 210 total IDs, 10 rendered details
2026-04-24T23:38:08+0000 INFO 0 new offer(s) found
2026-04-25T01:05:19+0000 INFO Fetched page: 210 total IDs, 10 rendered details
2026-04-25T01:05:19+0000 INFO 0 new offer(s) found
2026-04-25T04:06:52+0000 INFO Fetched page: 210 total IDs, 10 rendered details
2026-04-25T04:06:52+0000 INFO 0 new offer(s) found
2026-04-25T05:56:30+0000 INFO Fetched page: 210 total IDs, 10 rendered details
2026-04-25T05:56:30+0000 INFO 0 new offer(s) found
2026-04-25T07:22:07+0000 INFO Fetched page: 211 total IDs, 10 rendered details
2026-04-25T07:22:07+0000 INFO 1 new offer(s) found
2026-04-25T07:22:08+0000 INFO Telegram sent: 🏠 Neues Wohnungsangebot — Charlottenburg-Wilmersdorf

📍 Heil
2026-04-25T07:22:08+0000 INFO Notified: ID 16206 — Heilmannring 14, 13627 Charlottenburg-Wilmersdorf
2026-04-25T08:14:19+0000 INFO Fetched page: 211 total IDs, 10 rendered details
2026-04-25T08:14:19+0000 INFO 0 new offer(s) found
2026-04-25T09:12:52+0000 INFO Fetched page: 211 total IDs, 10 rendered details
2026-04-25T09:12:52+0000 INFO 0 new offer(s) found
2026-04-25T10:07:26+0000 INFO Fetched page: 211 total IDs, 10 rendered details
2026-04-25T10:07:26+0000 INFO 0 new offer(s) found
2026-04-25T11:01:37+0000 INFO Fetched page: 211 total IDs, 10 rendered details
2026-04-25T11:01:37+0000 INFO 0 new offer(s) found
2026-04-25T11:49:40+0000 INFO Fetched page: 211 total IDs, 10 rendered details
2026-04-25T11:49:40+0000 INFO 0 new offer(s) found
2026-04-25T12:32:13+0000 INFO Fetched page: 211 total IDs, 10 rendered details
2026-04-25T12:32:13+0000 INFO 0 new offer(s) found
2026-04-25T13:47:48+0000 INFO Fetched page: 211 total IDs, 10 rendered details
2026-04-25T13:47:48+0000 INFO 0 new offer(s) found
2026-04-25T14:32:47+0000 INFO Fetched page: 211 total IDs, 10 rendered details
2026-04-25T14:32:47+0000 INFO 0 new offer(s) found
2026-04-25T15:23:21+0000 INFO Fetched page: 211 total IDs, 10 rendered details
2026-04-25T15:23:21+0000 INFO 0 new offer(s) found
2026-04-25T16:02:00+0000 INFO Fetched page: 211 total IDs, 10 rendered details
2026-04-25T16:02:00+0000 INFO 0 new offer(s) found
2026-04-25T16:58:01+0000 INFO Fetched page: 210 total IDs, 10 rendered details
2026-04-25T16:58:01+0000 INFO 0 new offer(s) found
2026-04-25T17:45:26+0000 INFO Fetched page: 210 total IDs, 10 rendered details
2026-04-25T17:45:26+0000 INFO 0 new offer(s) found
2026-04-25T18:29:09+0000 INFO Fetched page: 210 total IDs, 10 rendered details
2026-04-25T18:29:09+0000 INFO 0 new offer(s) found
2026-04-25T19:28:44+0000 INFO Fetched page: 216 total IDs, 10 rendered details
2026-04-25T19:28:44+0000 INFO 6 new offer(s) found
2026-04-25T19:28:44+0000 INFO Skipped (district Lichtenberg not in allowlist): ID 16207
2026-04-25T19:28:44+0000 INFO Skipped (district Lichtenberg not in allowlist): ID 16208
2026-04-25T19:28:44+0000 INFO Skipped (district Lichtenberg not in allowlist): ID 16209
2026-04-25T19:28:44+0000 INFO Skipped (district Lichtenberg not in allowlist): ID 16210
2026-04-25T19:28:44+0000 INFO Skipped (district Lichtenberg not in allowlist): ID 16211
2026-04-25T19:28:44+0000 INFO Skipped (district Lichtenberg not in allowlist): ID 16212
2026-04-25T20:04:13+0000 INFO Fetched page: 216 total IDs, 10 rendered details
2026-04-25T20:04:13+0000 INFO 0 new offer(s) found
2026-04-25T20:53:48+0000 INFO Fetched page: 216 total IDs, 10 rendered details
2026-04-25T20:53:48+0000 INFO 0 new offer(s) found
2026-04-25T21:32:21+0000 INFO Fetched page: 216 total IDs, 10 rendered details
2026-04-25T21:32:21+0000 INFO 0 new offer(s) found
2026-04-25T22:04:37+0000 INFO Fetched page: 216 total IDs, 10 rendered details
2026-04-25T22:04:37+0000 INFO 0 new offer(s) found
2026-04-25T22:53:47+0000 INFO Fetched page: 216 total IDs, 10 rendered details
2026-04-25T22:53:47+0000 INFO 0 new offer(s) found
2026-04-25T23:33:06+0000 INFO Fetched page: 216 total IDs, 10 rendered details
2026-04-25T23:33:06+0000 INFO 0 new offer(s) found
2026-04-26T00:07:07+0000 INFO Fetched page: 216 total IDs, 10 rendered details
2026-04-26T00:07:07+0000 INFO 0 new offer(s) found
2026-04-26T03:54:11+0000 INFO Fetched page: 216 total IDs, 10 rendered details
2026-04-26T03:54:11+0000 INFO 0 new offer(s) found
2026-04-26T06:04:45+0000 INFO Fetched page: 216 total IDs, 10 rendered details
2026-04-26T06:04:45+0000 INFO 0 new offer(s) found
2026-04-26T07:53:00+0000 INFO Fetched page: 216 total IDs, 10 rendered details
2026-04-26T07:53:00+0000 INFO 0 new offer(s) found
2026-04-26T08:52:08+0000 INFO Fetched page: 216 total IDs, 10 rendered details
2026-04-26T08:52:08+0000 INFO 0 new offer(s) found
2026-04-26T09:44:09+0000 INFO Fetched page: 216 total IDs, 10 rendered details
2026-04-26T09:44:09+0000 INFO 0 new offer(s) found
2026-04-26T10:31:29+0000 INFO Fetched page: 216 total IDs, 10 rendered details
2026-04-26T10:31:29+0000 INFO 0 new offer(s) found
2026-04-26T11:23:48+0000 INFO Fetched page: 216 total IDs, 10 rendered details
2026-04-26T11:23:48+0000 INFO 0 new offer(s) found
2026-04-26T12:02:22+0000 INFO Fetched page: 216 total IDs, 10 rendered details
2026-04-26T12:02:22+0000 INFO 0 new offer(s) found
2026-04-26T13:37:23+0000 INFO Fetched page: 216 total IDs, 10 rendered details
2026-04-26T13:37:23+0000 INFO 0 new offer(s) found
2026-04-26T14:26:40+0000 INFO Fetched page: 216 total IDs, 10 rendered details
2026-04-26T14:26:40+0000 INFO 0 new offer(s) found
2026-04-26T15:09:47+0000 INFO Fetched page: 215 total IDs, 10 rendered details
2026-04-26T15:09:47+0000 INFO 0 new offer(s) found
2026-04-26T15:57:28+0000 INFO Fetched page: 215 total IDs, 10 rendered details
2026-04-26T15:57:28+0000 INFO 0 new offer(s) found
2026-04-26T16:52:47+0000 INFO Fetched page: 215 total IDs, 10 rendered details
2026-04-26T16:52:47+0000 INFO 0 new offer(s) found
2026-04-26T17:33:02+0000 INFO Fetched page: 215 total IDs, 10 rendered details
2026-04-26T17:33:02+0000 INFO 0 new offer(s) found
2026-04-26T18:08:33+0000 INFO Fetched page: 215 total IDs, 10 rendered details
2026-04-26T18:08:33+0000 INFO 1 new offer(s) found
2026-04-26T18:08:34+0000 INFO Telegram sent: 🏠 Neues Wohnungsangebot — Tempelhof-Schöneberg

📍 Forddamm 4
2026-04-26T18:08:34+0000 INFO Notified: ID 16213 — Forddamm 4, 12107 Tempelhof-Schöneberg
2026-04-26T19:13:07+0000 INFO Fetched page: 215 total IDs, 10 rendered details
2026-04-26T19:13:07+0000 INFO 0 new offer(s) found
2026-04-26T19:57:16+0000 INFO Fetched page: 215 total IDs, 10 rendered details
2026-04-26T19:57:16+0000 INFO 0 new offer(s) found
2026-04-26T20:46:15+0000 INFO Fetched page: 216 total IDs, 10 rendered details
2026-04-26T20:46:15+0000 INFO 1 new offer(s) found
2026-04-26T20:46:15+0000 INFO Skipped (district Treptow-Köpenick not in allowlist): ID 16214
2026-04-26T21:23:32+0000 INFO Fetched page: 216 total IDs, 10 rendered details
2026-04-26T21:23:32+0000 INFO 0 new offer(s) found
2026-04-26T22:01:27+0000 INFO Fetched page: 216 total IDs, 10 rendered details
2026-04-26T22:01:27+0000 INFO 0 new offer(s) found
2026-04-26T22:52:55+0000 INFO Fetched page: 216 total IDs, 10 rendered details
2026-04-26T22:52:55+0000 INFO 0 new offer(s) found
2026-04-26T23:32:24+0000 INFO Fetched page: 216 total IDs, 10 rendered details
2026-04-26T23:32:24+0000 INFO 0 new offer(s) found
2026-04-27T00:08:18+0000 INFO Fetched page: 216 total IDs, 10 rendered details
2026-04-27T00:08:18+0000 INFO 0 new offer(s) found
2026-04-27T03:58:58+0000 INFO Fetched page: 215 total IDs, 10 rendered details
2026-04-27T03:58:58+0000 INFO 0 new offer(s) found
2026-04-27T06:37:00+0000 INFO Fetched page: 208 total IDs, 10 rendered details
2026-04-27T06:37:00+0000 INFO 2 new offer(s) found
2026-04-27T06:37:01+0000 INFO Telegram sent: 🏠 Neues Wohnungsangebot — Neukölln

📍 Theodor-Loos-Weg 1, 12
2026-04-27T06:37:01+0000 INFO Notified: ID 16215 — Theodor-Loos-Weg 1, 12353 Neukölln
2026-04-27T06:37:01+0000 INFO Skipped (district Lichtenberg not in allowlist): ID 16216
2026-04-27T09:07:38+0000 INFO Fetched page: 213 total IDs, 10 rendered details
2026-04-27T09:07:38+0000 INFO 11 new offer(s) found
2026-04-27T09:07:38+0000 WARNING ID 16217 not in top-10 details (>10 new in one window?)
2026-04-27T09:07:38+0000 INFO Telegram sent: 🏠 New offer (ID 16217) — details not rendered, see site:
🔗 h
2026-04-27T09:07:38+0000 INFO Skipped (district Lichtenberg not in allowlist): ID 16218
2026-04-27T09:07:39+0000 INFO Telegram sent: 🏠 Neues Wohnungsangebot — Mitte

📍 Klara-Franke-Straße 6, 10
2026-04-27T09:07:39+0000 INFO Notified: ID 16219 — Klara-Franke-Straße 6, 10557 Mitte
2026-04-27T09:07:39+0000 INFO Skipped (district Lichtenberg not in allowlist): ID 16220
2026-04-27T09:07:39+0000 INFO Skipped (district Pankow not in allowlist): ID 16221
2026-04-27T09:07:39+0000 INFO Skipped (district Treptow-Köpenick not in allowlist): ID 16222
2026-04-27T09:07:39+0000 INFO Skipped (district Lichtenberg not in allowlist): ID 16223
2026-04-27T09:07:39+0000 INFO Skipped (district Pankow not in allowlist): ID 16224
2026-04-27T09:07:39+0000 INFO Telegram sent: 🏠 Neues Wohnungsangebot — Friedrichshain-Kreuzberg

📍 Liebig
2026-04-27T09:07:39+0000 INFO Notified: ID 16225 — Liebigstraße 2, 10247 Friedrichshain-Kreuzberg
2026-04-27T09:07:39+0000 INFO Telegram sent: 🏠 Neues Wohnungsangebot — Mitte

📍 Aroser Allee 30, 13407 Mi
2026-04-27T09:07:39+0000 INFO Notified: ID 16226 — Aroser Allee 30, 13407 Mitte
2026-04-27T09:07:39+0000 INFO Skipped (district Lichtenberg not in allowlist): ID 16227
2026-04-27T11:16:49+0000 INFO Fetched page: 210 total IDs, 10 rendered details
2026-04-27T11:16:49+0000 INFO 7 new offer(s) found
2026-04-27T11:16:49+0000 INFO Skipped (district Lichtenberg not in allowlist): ID 16228
2026-04-27T11:16:49+0000 INFO Skipped (district Pankow not in allowlist): ID 16229
2026-04-27T11:16:49+0000 INFO Telegram sent: 🏠 Neues Wohnungsangebot — Mitte

📍 Iranische Straße 4B, 1334
2026-04-27T11:16:49+0000 INFO Notified: ID 16230 — Iranische Straße 4B, 13347 Mitte
2026-04-27T11:16:49+0000 INFO Skipped (district Lichtenberg not in allowlist): ID 16231
2026-04-27T11:16:49+0000 INFO Skipped (district Reinickendorf not in allowlist): ID 16232
2026-04-27T11:16:49+0000 INFO Skipped (district Reinickendorf not in allowlist): ID 16233
2026-04-27T11:16:50+0000 INFO Telegram sent: 🏠 Neues Wohnungsangebot — Charlottenburg-Wilmersdorf

📍 Heck
2026-04-27T11:16:50+0000 INFO Notified: ID 16234 — Heckerdamm 217, 13627 Charlottenburg-Wilmersdorf
2026-04-27T12:54:44+0000 INFO Fetched page: 217 total IDs, 10 rendered details
2026-04-27T12:54:44+0000 INFO 16 new offer(s) found
2026-04-27T12:54:44+0000 WARNING ID 16235 not in top-10 details (>10 new in one window?)
2026-04-27T12:54:44+0000 INFO Telegram sent: 🏠 New offer (ID 16235) — details not rendered, see site:
🔗 h
2026-04-27T12:54:44+0000 WARNING ID 16236 not in top-10 details (>10 new in one window?)
2026-04-27T12:54:45+0000 INFO Telegram sent: 🏠 New offer (ID 16236) — details not rendered, see site:
🔗 h
2026-04-27T12:54:45+0000 WARNING ID 16237 not in top-10 details (>10 new in one window?)
2026-04-27T12:54:45+0000 INFO Telegram sent: 🏠 New offer (ID 16237) — details not rendered, see site:
🔗 h
2026-04-27T12:54:45+0000 WARNING ID 16239 not in top-10 details (>10 new in one window?)
2026-04-27T12:54:45+0000 INFO Telegram sent: 🏠 New offer (ID 16239) — details not rendered, see site:
🔗 h
2026-04-27T12:54:45+0000 WARNING ID 16240 not in top-10 details (>10 new in one window?)
2026-04-27T12:54:46+0000 INFO Telegram sent: 🏠 New offer (ID 16240) — details not rendered, see site:
🔗 h
2026-04-27T12:54:46+0000 WARNING ID 16241 not in top-10 details (>10 new in one window?)
2026-04-27T12:54:46+0000 INFO Telegram sent: 🏠 New offer (ID 16241) — details not rendered, see site:
🔗 h
2026-04-27T12:54:46+0000 INFO Skipped (district Treptow-Köpenick not in allowlist): ID 16242
2026-04-27T12:54:46+0000 INFO Skipped (district Lichtenberg not in allowlist): ID 16243
2026-04-27T12:54:46+0000 INFO Skipped (district Pankow not in allowlist): ID 16244
2026-04-27T12:54:46+0000 INFO Telegram sent: 🏠 Neues Wohnungsangebot — Charlottenburg-Wilmersdorf

📍 Kiss
2026-04-27T12:54:46+0000 INFO Notified: ID 16245 — Kissinger Straße 25, 14199 Charlottenburg-Wilmersdorf
2026-04-27T12:54:47+0000 INFO Telegram sent: 🏠 Neues Wohnungsangebot — Mitte

📍 Soldiner Straße 71, 13359
2026-04-27T12:54:47+0000 INFO Notified: ID 16246 — Soldiner Straße 71, 13359 Mitte
2026-04-27T12:54:47+0000 INFO Skipped (district Pankow not in allowlist): ID 16247
2026-04-27T12:54:47+0000 INFO Skipped (district Marzahn-Hellersdorf not in allowlist): ID 16248
2026-04-27T12:54:47+0000 INFO Telegram sent: 🏠 Neues Wohnungsangebot — Mitte

📍 Soldiner Straße 71, 13359
2026-04-27T12:54:47+0000 INFO Notified: ID 16249 — Soldiner Straße 71, 13359 Mitte
2026-04-27T12:54:47+0000 INFO Skipped (district Lichtenberg not in allowlist): ID 16250
2026-04-27T12:54:47+0000 INFO Telegram sent: 🏠 Neues Wohnungsangebot — Mitte

📍 Soldiner Straße 71, 13359
2026-04-27T12:54:47+0000 INFO Notified: ID 16251 — Soldiner Straße 71, 13359 Mitte
2026-04-27T15:06:28+0000 INFO Fetched page: 213 total IDs, 10 rendered details
2026-04-27T15:06:28+0000 INFO 7 new offer(s) found
2026-04-27T15:06:28+0000 INFO Telegram sent: 🏠 Neues Wohnungsangebot — Mitte

📍 Soldiner Straße 71, 13359
2026-04-27T15:06:28+0000 INFO Notified: ID 16252 — Soldiner Straße 71, 13359 Mitte
2026-04-27T15:06:28+0000 INFO Telegram sent: 🏠 Neues Wohnungsangebot — Mitte

📍 Armenische Straße 7, 1334
2026-04-27T15:06:28+0000 INFO Notified: ID 16253 — Armenische Straße 7, 13349 Mitte
2026-04-27T15:06:29+0000 INFO Telegram sent: 🏠 Neues Wohnungsangebot — Friedrichshain-Kreuzberg

📍 Wilhel
2026-04-27T15:06:29+0000 INFO Notified: ID 16255 — Wilhelmstraße 3, 10963 Friedrichshain-Kreuzberg
2026-04-27T15:06:29+0000 INFO Skipped (district Spandau not in allowlist): ID 16256
2026-04-27T15:06:29+0000 INFO Skipped (district Lichtenberg not in allowlist): ID 16258
2026-04-27T15:06:29+0000 INFO Skipped (district Treptow-Köpenick not in allowlist): ID 16259
2026-04-27T15:06:29+0000 INFO Skipped (district Treptow-Köpenick not in allowlist): ID 16260
2026-04-27T16:53:21+0000 INFO Fetched page: 211 total IDs, 10 rendered details
2026-04-27T16:53:21+0000 INFO 2 new offer(s) found
2026-04-27T16:53:21+0000 INFO Skipped (district Lichtenberg not in allowlist): ID 16262
2026-04-27T16:53:21+0000 INFO Skipped (district Lichtenberg not in allowlist): ID 16263
2026-04-27T18:02:22+0000 INFO Fetched page: 208 total IDs, 10 rendered details
2026-04-27T18:02:22+0000 INFO 0 new offer(s) found
2026-04-27T19:45:27+0000 INFO Fetched page: 206 total IDs, 10 rendered details
2026-04-27T19:45:27+0000 INFO 0 new offer(s) found
2026-04-27T20:44:45+0000 INFO Fetched page: 206 total IDs, 10 rendered details
2026-04-27T20:44:45+0000 INFO 0 new offer(s) found
2026-04-27T21:41:08+0000 INFO Fetched page: 204 total IDs, 10 rendered details
2026-04-27T21:41:08+0000 INFO 0 new offer(s) found
2026-04-27T22:34:55+0000 INFO Fetched page: 200 total IDs, 10 rendered details
2026-04-27T22:34:55+0000 INFO 0 new offer(s) found
2026-04-27T23:33:48+0000 INFO Fetched page: 198 total IDs, 10 rendered details
2026-04-27T23:33:48+0000 INFO 0 new offer(s) found
2026-04-28T01:18:37+0000 INFO Fetched page: 198 total IDs, 10 rendered details
2026-04-28T01:18:37+0000 INFO 0 new offer(s) found
2026-04-28T04:47:08+0000 INFO Fetched page: 197 total IDs, 10 rendered details
2026-04-28T04:47:08+0000 INFO 0 new offer(s) found
2026-04-28T07:22:38+0000 INFO Fetched page: 203 total IDs, 10 rendered details
2026-04-28T07:22:38+0000 INFO 12 new offer(s) found
2026-04-28T07:22:38+0000 WARNING ID 16264 not in top-10 details (>10 new in one window?)
2026-04-28T07:22:38+0000 INFO Telegram sent: 🏠 New offer (ID 16264) — details not rendered, see site:
🔗 h
2026-04-28T07:22:38+0000 WARNING ID 16265 not in top-10 details (>10 new in one window?)
2026-04-28T07:22:39+0000 INFO Telegram sent: 🏠 New offer (ID 16265) — details not rendered, see site:
🔗 h
2026-04-28T07:22:39+0000 INFO Skipped (district Pankow not in allowlist): ID 16266
2026-04-28T07:22:39+0000 INFO Telegram sent: 🏠 Neues Wohnungsangebot — Friedrichshain-Kreuzberg

📍 Wilhel
2026-04-28T07:22:39+0000 INFO Notified: ID 16267 — Wilhelmstraße 3, 10963 Friedrichshain-Kreuzberg
2026-04-28T07:22:39+0000 INFO Telegram sent: 🏠 Neues Wohnungsangebot — Neukölln

📍 Wutzkyallee 47, 12353 
2026-04-28T07:22:39+0000 INFO Notified: ID 16268 — Wutzkyallee 47, 12353 Neukölln
2026-04-28T07:22:40+0000 INFO Telegram sent: 🏠 Neues Wohnungsangebot — Mitte

📍 Lichtenberger Straße 11, 
2026-04-28T07:22:40+0000 INFO Notified: ID 16269 — Lichtenberger Straße 11, 10178 Mitte
2026-04-28T07:22:40+0000 INFO Telegram sent: 🏠 Neues Wohnungsangebot — Mitte

📍 Karl-Liebknecht-Straße 7,
2026-04-28T07:22:40+0000 INFO Notified: ID 16270 — Karl-Liebknecht-Straße 7, 10178 Mitte
2026-04-28T07:22:40+0000 INFO Telegram sent: 🏠 Neues Wohnungsangebot — Charlottenburg-Wilmersdorf

📍 Caue
2026-04-28T07:22:40+0000 INFO Notified: ID 16271 — Cauerstraße 6, 10587 Charlottenburg-Wilmersdorf
2026-04-28T07:22:41+0000 INFO Telegram sent: 🏠 Neues Wohnungsangebot — Friedrichshain-Kreuzberg

📍 Wilhel
2026-04-28T07:22:41+0000 INFO Notified: ID 16272 — Wilhelmstraße 2, 10963 Friedrichshain-Kreuzberg
2026-04-28T07:22:41+0000 INFO Telegram sent: 🏠 Neues Wohnungsangebot — Friedrichshain-Kreuzberg

📍 Wilhel
2026-04-28T07:22:41+0000 INFO Notified: ID 16273 — Wilhelmstraße 3, 10963 Friedrichshain-Kreuzberg
2026-04-28T07:22:41+0000 INFO Skipped (district Treptow-Köpenick not in allowlist): ID 16274
2026-04-28T07:22:41+0000 INFO Skipped (district Lichtenberg not in allowlist): ID 16275
2026-04-28T09:39:30+0000 INFO Fetched page: 210 total IDs, 10 rendered details
2026-04-28T09:39:30+0000 INFO 17 new offer(s) found
2026-04-28T09:39:30+0000 WARNING ID 16277 not in top-10 details (>10 new in one window?)
2026-04-28T09:39:30+0000 INFO Telegram sent: 🏠 New offer (ID 16277) — details not rendered, see site:
🔗 h
2026-04-28T09:39:30+0000 WARNING ID 16278 not in top-10 details (>10 new in one window?)
2026-04-28T09:39:31+0000 INFO Telegram sent: 🏠 New offer (ID 16278) — details not rendered, see site:
🔗 h
2026-04-28T09:39:31+0000 WARNING ID 16279 not in top-10 details (>10 new in one window?)
2026-04-28T09:39:31+0000 INFO Telegram sent: 🏠 New offer (ID 16279) — details not rendered, see site:
🔗 h
2026-04-28T09:39:31+0000 WARNING ID 16280 not in top-10 details (>10 new in one window?)
2026-04-28T09:39:31+0000 INFO Telegram sent: 🏠 New offer (ID 16280) — details not rendered, see site:
🔗 h
2026-04-28T09:39:31+0000 WARNING ID 16281 not in top-10 details (>10 new in one window?)
2026-04-28T09:39:32+0000 INFO Telegram sent: 🏠 New offer (ID 16281) — details not rendered, see site:
🔗 h
2026-04-28T09:39:32+0000 WARNING ID 16282 not in top-10 details (>10 new in one window?)
2026-04-28T09:39:32+0000 INFO Telegram sent: 🏠 New offer (ID 16282) — details not rendered, see site:
🔗 h
2026-04-28T09:39:32+0000 WARNING ID 16283 not in top-10 details (>10 new in one window?)
2026-04-28T09:39:32+0000 INFO Telegram sent: 🏠 New offer (ID 16283) — details not rendered, see site:
🔗 h
2026-04-28T09:39:32+0000 INFO Skipped (district Treptow-Köpenick not in allowlist): ID 16284
2026-04-28T09:39:33+0000 INFO Telegram sent: 🏠 Neues Wohnungsangebot — Neukölln

📍 Parchimer Allee 34, 12
2026-04-28T09:39:33+0000 INFO Notified: ID 16285 — Parchimer Allee 34, 12359 Neukölln
2026-04-28T09:39:33+0000 INFO Skipped (district Lichtenberg not in allowlist): ID 16286
2026-04-28T09:39:33+0000 INFO Telegram sent: 🏠 Neues Wohnungsangebot — Tempelhof-Schöneberg

📍 Westphalwe
2026-04-28T09:39:33+0000 INFO Notified: ID 16287 — Westphalweg 7, 12109 Tempelhof-Schöneberg
2026-04-28T09:39:34+0000 INFO Telegram sent: 🏠 Neues Wohnungsangebot — Tempelhof-Schöneberg

📍 Luitpoldst
2026-04-28T09:39:34+0000 INFO Notified: ID 16288 — Luitpoldstraße 28, 10777 Tempelhof-Schöneberg
2026-04-28T09:39:34+0000 INFO Skipped (district Treptow-Köpenick not in allowlist): ID 16289
2026-04-28T09:39:34+0000 INFO Telegram sent: 🏠 Neues Wohnungsangebot — Mitte

📍 Iranische Straße 4B, 1334
2026-04-28T09:39:34+0000 INFO Notified: ID 16290 — Iranische Straße 4B, 13347 Mitte
2026-04-28T09:39:34+0000 INFO Skipped (district Treptow-Köpenick not in allowlist): ID 16291
2026-04-28T09:39:34+0000 INFO Skipped (district Marzahn-Hellersdorf not in allowlist): ID 16292
2026-04-28T09:39:34+0000 INFO Skipped (district Pankow not in allowlist): ID 16293
2026-04-28T11:27:03+0000 INFO Fetched page: 209 total IDs, 10 rendered details
2026-04-28T11:27:03+0000 INFO 6 new offer(s) found
2026-04-28T11:27:03+0000 INFO Skipped (district Treptow-Köpenick not in allowlist): ID 16294
2026-04-28T11:27:03+0000 INFO Skipped (district Lichtenberg not in allowlist): ID 16295
2026-04-28T11:27:03+0000 INFO Skipped (district Marzahn-Hellersdorf not in allowlist): ID 16296
2026-04-28T11:27:03+0000 INFO Skipped (district Lichtenberg not in allowlist): ID 16297
2026-04-28T11:27:03+0000 INFO Skipped (district Pankow not in allowlist): ID 16298
2026-04-28T11:27:03+0000 INFO Skipped (district Treptow-Köpenick not in allowlist): ID 16299
2026-04-28T13:14:57+0000 INFO Fetched page: 216 total IDs, 10 rendered details
2026-04-28T13:14:57+0000 INFO 10 new offer(s) found
2026-04-28T13:14:58+0000 INFO Telegram sent: 🏠 Neues Wohnungsangebot — Mitte

📍 Glasgower Straße 19, 1334
2026-04-28T13:14:58+0000 INFO Notified: ID 16300 — Glasgower Straße 19, 13349 Mitte
2026-04-28T13:14:58+0000 INFO Skipped (district Marzahn-Hellersdorf not in allowlist): ID 16301
2026-04-28T13:14:58+0000 INFO Skipped (district Spandau not in allowlist): ID 16302
2026-04-28T13:14:58+0000 INFO Skipped (district Marzahn-Hellersdorf not in allowlist): ID 16303
2026-04-28T13:14:58+0000 INFO Skipped (district Lichtenberg not in allowlist): ID 16304
2026-04-28T13:14:58+0000 INFO Skipped (district Steglitz-Zehlendorf not in allowlist): ID 16305
2026-04-28T13:14:58+0000 INFO Skipped (district Lichtenberg not in allowlist): ID 16306
2026-04-28T13:14:58+0000 INFO Telegram sent: 🏠 Neues Wohnungsangebot — Mitte

📍 Karl-Liebknecht-Straße 11
2026-04-28T13:14:58+0000 INFO Notified: ID 16307 — Karl-Liebknecht-Straße 11, 10178 Mitte
2026-04-28T13:14:58+0000 INFO Skipped (district Spandau not in allowlist): ID 16308
2026-04-28T13:14:58+0000 INFO Skipped (district Treptow-Köpenick not in allowlist): ID 16309
2026-04-28T15:39:54+0000 INFO Fetched page: 217 total IDs, 10 rendered details
2026-04-28T15:39:54+0000 INFO 5 new offer(s) found
2026-04-28T15:39:54+0000 INFO Skipped (district Lichtenberg not in allowlist): ID 16310
2026-04-28T15:39:54+0000 INFO Skipped (district Lichtenberg not in allowlist): ID 16311
2026-04-28T15:39:54+0000 INFO Telegram sent: 🏠 Neues Wohnungsangebot — Neukölln

📍 Gensweg 10, 12349 Neuk
2026-04-28T15:39:54+0000 INFO Notified: ID 16312 — Gensweg 10, 12349 Neukölln
2026-04-28T15:39:54+0000 INFO Skipped (district Lichtenberg not in allowlist): ID 16313
2026-04-28T15:39:54+0000 INFO Skipped (district Reinickendorf not in allowlist): ID 16314
2026-04-28T17:21:12+0000 INFO Fetched page: 215 total IDs, 10 rendered details
2026-04-28T17:21:12+0000 INFO 1 new offer(s) found
2026-04-28T17:21:12+0000 INFO Skipped (district Lichtenberg not in allowlist): ID 16315
2026-04-28T18:58:47+0000 INFO Fetched page: 213 total IDs, 10 rendered details
2026-04-28T18:58:47+0000 INFO 0 new offer(s) found
2026-04-28T20:23:33+0000 INFO Fetched page: 211 total IDs, 10 rendered details
2026-04-28T20:23:33+0000 INFO 0 new offer(s) found
2026-04-28T21:35:49+0000 INFO Fetched page: 209 total IDs, 10 rendered details
2026-04-28T21:35:49+0000 INFO 0 new offer(s) found
2026-04-28T22:36:53+0000 INFO Fetched page: 207 total IDs, 10 rendered details
2026-04-28T22:36:53+0000 INFO 0 new offer(s) found
2026-04-28T23:34:54+0000 INFO Fetched page: 207 total IDs, 10 rendered details
2026-04-28T23:34:54+0000 INFO 0 new offer(s) found
2026-04-29T01:21:37+0000 INFO Fetched page: 207 total IDs, 10 rendered details
2026-04-29T01:21:37+0000 INFO 0 new offer(s) found
2026-04-29T04:44:37+0000 INFO Fetched page: 207 total IDs, 10 rendered details
2026-04-29T04:44:37+0000 INFO 0 new offer(s) found
2026-04-29T07:12:17+0000 INFO Fetched page: 202 total IDs, 10 rendered details
2026-04-29T07:12:17+0000 INFO 3 new offer(s) found
2026-04-29T07:12:17+0000 INFO Skipped (district Marzahn-Hellersdorf not in allowlist): ID 16316
2026-04-29T07:12:17+0000 INFO Skipped (district Lichtenberg not in allowlist): ID 16318
2026-04-29T07:12:17+0000 INFO Telegram sent: 🏠 Neues Wohnungsangebot — Mitte

📍 Soldiner Straße 70, 13359
2026-04-29T07:12:17+0000 INFO Notified: ID 16319 — Soldiner Straße 70, 13359 Mitte
2026-04-29T09:25:54+0000 INFO Fetched page: 205 total IDs, 10 rendered details
2026-04-29T09:25:54+0000 INFO 8 new offer(s) found
2026-04-29T09:25:54+0000 INFO Skipped (district Treptow-Köpenick not in allowlist): ID 16320
2026-04-29T09:25:54+0000 INFO Telegram sent: 🏠 Neues Wohnungsangebot — Mitte

📍 Soldiner Straße 70, 13359
2026-04-29T09:25:54+0000 INFO Notified: ID 16321 — Soldiner Straße 70, 13359 Mitte
2026-04-29T09:25:54+0000 INFO Skipped (district Marzahn-Hellersdorf not in allowlist): ID 16322
2026-04-29T09:25:54+0000 INFO Skipped (district Marzahn-Hellersdorf not in allowlist): ID 16323
2026-04-29T09:25:54+0000 INFO Skipped (district Spandau not in allowlist): ID 16324
2026-04-29T09:25:54+0000 INFO Skipped (district Spandau not in allowlist): ID 16325
2026-04-29T09:25:54+0000 INFO Skipped (district Lichtenberg not in allowlist): ID 16326
2026-04-29T09:25:54+0000 INFO Telegram sent: 🏠 Neues Wohnungsangebot — Mitte

📍 Soldiner Straße 70, 13359
2026-04-29T09:25:54+0000 INFO Notified: ID 16327 — Soldiner Straße 70, 13359 Mitte
2026-04-29T11:14:50+0000 INFO Fetched page: 206 total IDs, 10 rendered details
2026-04-29T11:14:50+0000 INFO 8 new offer(s) found
2026-04-29T11:14:50+0000 INFO Skipped (district Lichtenberg not in allowlist): ID 16328
2026-04-29T11:14:50+0000 INFO Skipped (district Marzahn-Hellersdorf not in allowlist): ID 16329
2026-04-29T11:14:50+0000 INFO Skipped (district Lichtenberg not in allowlist): ID 16330
2026-04-29T11:14:50+0000 INFO Skipped (district Marzahn-Hellersdorf not in allowlist): ID 16331
2026-04-29T11:14:50+0000 INFO Telegram sent: 🏠 Neues Wohnungsangebot — Mitte

📍 Kühnemannstraße 50A, 1340
2026-04-29T11:14:50+0000 INFO Notified: ID 16332 — Kühnemannstraße 50A, 13409 Mitte
2026-04-29T11:14:50+0000 INFO Skipped (district Steglitz-Zehlendorf not in allowlist): ID 16333
2026-04-29T11:14:50+0000 INFO Skipped (district Lichtenberg not in allowlist): ID 16334
2026-04-29T11:14:50+0000 INFO Skipped (district Marzahn-Hellersdorf not in allowlist): ID 16335
2026-04-29T12:57:07+0000 INFO Fetched page: 223 total IDs, 10 rendered details
2026-04-29T12:57:07+0000 INFO 25 new offer(s) found
2026-04-29T12:57:07+0000 WARNING ID 16336 not in top-10 details (>10 new in one window?)
2026-04-29T12:57:08+0000 INFO Telegram sent: 🏠 New offer (ID 16336) — details not rendered, see site:
🔗 h
2026-04-29T12:57:08+0000 WARNING ID 16337 not in top-10 details (>10 new in one window?)
2026-04-29T12:57:08+0000 INFO Telegram sent: 🏠 New offer (ID 16337) — details not rendered, see site:
🔗 h
2026-04-29T12:57:08+0000 WARNING ID 16338 not in top-10 details (>10 new in one window?)
2026-04-29T12:57:09+0000 INFO Telegram sent: 🏠 New offer (ID 16338) — details not rendered, see site:
🔗 h
2026-04-29T12:57:09+0000 WARNING ID 16339 not in top-10 details (>10 new in one window?)
2026-04-29T12:57:09+0000 INFO Telegram sent: 🏠 New offer (ID 16339) — details not rendered, see site:
🔗 h
2026-04-29T12:57:09+0000 WARNING ID 16340 not in top-10 details (>10 new in one window?)
2026-04-29T12:57:10+0000 INFO Telegram sent: 🏠 New offer (ID 16340) — details not rendered, see site:
🔗 h
2026-04-29T12:57:10+0000 WARNING ID 16342 not in top-10 details (>10 new in one window?)
2026-04-29T12:57:10+0000 INFO Telegram sent: 🏠 New offer (ID 16342) — details not rendered, see site:
🔗 h
2026-04-29T12:57:10+0000 WARNING ID 16343 not in top-10 details (>10 new in one window?)
2026-04-29T12:57:11+0000 INFO Telegram sent: 🏠 New offer (ID 16343) — details not rendered, see site:
🔗 h
2026-04-29T12:57:11+0000 WARNING ID 16344 not in top-10 details (>10 new in one window?)
2026-04-29T12:57:11+0000 INFO Telegram sent: 🏠 New offer (ID 16344) — details not rendered, see site:
🔗 h
2026-04-29T12:57:11+0000 WARNING ID 16345 not in top-10 details (>10 new in one window?)
2026-04-29T12:57:12+0000 INFO Telegram sent: 🏠 New offer (ID 16345) — details not rendered, see site:
🔗 h
2026-04-29T12:57:12+0000 WARNING ID 16346 not in top-10 details (>10 new in one window?)
2026-04-29T12:57:12+0000 INFO Telegram sent: 🏠 New offer (ID 16346) — details not rendered, see site:
🔗 h
2026-04-29T12:57:12+0000 WARNING ID 16347 not in top-10 details (>10 new in one window?)
2026-04-29T12:57:13+0000 INFO Telegram sent: 🏠 New offer (ID 16347) — details not rendered, see site:
🔗 h
2026-04-29T12:57:13+0000 WARNING ID 16348 not in top-10 details (>10 new in one window?)
2026-04-29T12:57:13+0000 INFO Telegram sent: 🏠 New offer (ID 16348) — details not rendered, see site:
🔗 h
2026-04-29T12:57:13+0000 WARNING ID 16349 not in top-10 details (>10 new in one window?)
2026-04-29T12:57:14+0000 INFO Telegram sent: 🏠 New offer (ID 16349) — details not rendered, see site:
🔗 h
2026-04-29T12:57:14+0000 WARNING ID 16350 not in top-10 details (>10 new in one window?)
2026-04-29T12:57:14+0000 INFO Telegram sent: 🏠 New offer (ID 16350) — details not rendered, see site:
🔗 h
2026-04-29T12:57:14+0000 WARNING ID 16351 not in top-10 details (>10 new in one window?)
2026-04-29T12:57:15+0000 INFO Telegram sent: 🏠 New offer (ID 16351) — details not rendered, see site:
🔗 h
2026-04-29T12:57:15+0000 INFO Skipped (district Steglitz-Zehlendorf not in allowlist): ID 16352
2026-04-29T12:57:15+0000 INFO Telegram sent: 🏠 Neues Wohnungsangebot — Friedrichshain-Kreuzberg

📍 Singer
2026-04-29T12:57:15+0000 INFO Notified: ID 16353 — Singerstraße 77, 10243 Friedrichshain-Kreuzberg
2026-04-29T12:57:16+0000 INFO Telegram sent: 🏠 Neues Wohnungsangebot — Friedrichshain-Kreuzberg

📍 Koppen
2026-04-29T12:57:16+0000 INFO Notified: ID 16354 — Koppenstraße 18, 10243 Friedrichshain-Kreuzberg
2026-04-29T12:57:16+0000 INFO Telegram sent: 🏠 Neues Wohnungsangebot — Friedrichshain-Kreuzberg

📍 Koppen
2026-04-29T12:57:16+0000 INFO Notified: ID 16355 — Koppenstraße 19, 10243 Friedrichshain-Kreuzberg
2026-04-29T12:57:16+0000 INFO Skipped (district Reinickendorf not in allowlist): ID 16356
2026-04-29T12:57:16+0000 INFO Skipped (district Lichtenberg not in allowlist): ID 16357
2026-04-29T12:57:16+0000 INFO Skipped (district Reinickendorf not in allowlist): ID 16358
2026-04-29T12:57:16+0000 INFO Skipped (district Lichtenberg not in allowlist): ID 16359
2026-04-29T12:57:16+0000 INFO Skipped (district Treptow-Köpenick not in allowlist): ID 16360
2026-04-29T12:57:16+0000 INFO Skipped (district Lichtenberg not in allowlist): ID 16361
2026-04-29T15:18:58+0000 INFO Fetched page: 221 total IDs, 10 rendered details
2026-04-29T15:18:58+0000 INFO 8 new offer(s) found
2026-04-29T15:18:58+0000 INFO Skipped (district Spandau not in allowlist): ID 16362
2026-04-29T15:18:58+0000 INFO Skipped (district Lichtenberg not in allowlist): ID 16363
2026-04-29T15:18:58+0000 INFO Skipped (district Spandau not in allowlist): ID 16364
2026-04-29T15:18:58+0000 INFO Skipped (district Spandau not in allowlist): ID 16365
2026-04-29T15:18:58+0000 INFO Skipped (district Pankow not in allowlist): ID 16366
2026-04-29T15:18:58+0000 INFO Skipped (district Pankow not in allowlist): ID 16367
2026-04-29T15:18:58+0000 INFO Skipped (district Pankow not in allowlist): ID 16368
2026-04-29T15:18:58+0000 INFO Skipped (district Lichtenberg not in allowlist): ID 16369
2026-04-29T16:56:46+0000 INFO Fetched page: 218 total IDs, 10 rendered details
2026-04-29T16:56:46+0000 INFO 1 new offer(s) found
2026-04-29T16:56:46+0000 INFO Skipped (district Lichtenberg not in allowlist): ID 16370
2026-04-29T18:13:53+0000 INFO Fetched page: 216 total IDs, 10 rendered details
2026-04-29T18:13:53+0000 INFO 0 new offer(s) found
2026-04-29T19:55:42+0000 INFO Fetched page: 212 total IDs, 10 rendered details
2026-04-29T19:55:42+0000 INFO 0 new offer(s) found
2026-04-29T21:05:12+0000 INFO Fetched page: 212 total IDs, 10 rendered details
2026-04-29T21:05:12+0000 INFO 0 new offer(s) found
2026-04-29T22:09:46+0000 INFO Fetched page: 211 total IDs, 10 rendered details
2026-04-29T22:09:46+0000 INFO 0 new offer(s) found
2026-04-29T23:10:14+0000 INFO Fetched page: 209 total IDs, 10 rendered details
2026-04-29T23:10:14+0000 INFO 0 new offer(s) found
2026-04-30T00:07:51+0000 INFO Fetched page: 209 total IDs, 10 rendered details
2026-04-30T00:07:51+0000 INFO 0 new offer(s) found
2026-04-30T04:02:15+0000 INFO Fetched page: 209 total IDs, 10 rendered details
2026-04-30T04:02:15+0000 INFO 0 new offer(s) found
2026-04-30T06:37:12+0000 INFO Fetched page: 216 total IDs, 10 rendered details
2026-04-30T06:37:12+0000 INFO 10 new offer(s) found
2026-04-30T06:37:12+0000 INFO Skipped (district Treptow-Köpenick not in allowlist): ID 16371
2026-04-30T06:37:13+0000 INFO Telegram sent: 🏠 Neues Wohnungsangebot — Tempelhof-Schöneberg

📍 Waldsassen
2026-04-30T06:37:13+0000 INFO Notified: ID 16372 — Waldsassener Straße 33, 12279 Tempelhof-Schöneberg
2026-04-30T06:37:13+0000 INFO Telegram sent: 🏠 Neues Wohnungsangebot — Tempelhof-Schöneberg

📍 Waldsassen
2026-04-30T06:37:13+0000 INFO Notified: ID 16373 — Waldsassener Straße 23, 12279 Tempelhof-Schöneberg
2026-04-30T06:37:13+0000 INFO Telegram sent: 🏠 Neues Wohnungsangebot — Tempelhof-Schöneberg

📍 Waldsassen
2026-04-30T06:37:13+0000 INFO Notified: ID 16374 — Waldsassener Straße 35, 12279 Tempelhof-Schöneberg
2026-04-30T06:37:14+0000 INFO Telegram sent: 🏠 Neues Wohnungsangebot — Tempelhof-Schöneberg

📍 Waldsassen
2026-04-30T06:37:14+0000 INFO Notified: ID 16375 — Waldsassener Straße 36, 12279 Tempelhof-Schöneberg
2026-04-30T06:37:14+0000 INFO Skipped (district Lichtenberg not in allowlist): ID 16376
2026-04-30T06:37:14+0000 INFO Telegram sent: 🏠 Neues Wohnungsangebot — Tempelhof-Schöneberg

📍 Waldsassen
2026-04-30T06:37:14+0000 INFO Notified: ID 16377 — Waldsassener Straße 38, 12279 Tempelhof-Schöneberg
2026-04-30T06:37:14+0000 INFO Telegram sent: 🏠 Neues Wohnungsangebot — Tempelhof-Schöneberg

📍 Tirschenre
2026-04-30T06:37:14+0000 INFO Notified: ID 16378 — Tirschenreuther Ring 13, 12279 Tempelhof-Schöneberg
2026-04-30T06:37:15+0000 INFO Telegram sent: 🏠 Neues Wohnungsangebot — Tempelhof-Schöneberg

📍 Tirschenre
2026-04-30T06:37:15+0000 INFO Notified: ID 16379 — Tirschenreuther Ring 16, 12279 Tempelhof-Schöneberg
2026-04-30T06:37:15+0000 INFO Telegram sent: 🏠 Neues Wohnungsangebot — Tempelhof-Schöneberg

📍 Waldsassen
2026-04-30T06:37:15+0000 INFO Notified: ID 16380 — Waldsassener Straße 43, 12279 Tempelhof-Schöneberg
2026-04-30T09:00:58+0000 INFO Fetched page: 215 total IDs, 10 rendered details
2026-04-30T09:00:58+0000 INFO 15 new offer(s) found
2026-04-30T09:00:58+0000 WARNING ID 16381 not in top-10 details (>10 new in one window?)
2026-04-30T09:00:59+0000 INFO Telegram sent: 🏠 New offer (ID 16381) — details not rendered, see site:
🔗 h
2026-04-30T09:00:59+0000 WARNING ID 16382 not in top-10 details (>10 new in one window?)
2026-04-30T09:00:59+0000 INFO Telegram sent: 🏠 New offer (ID 16382) — details not rendered, see site:
🔗 h
2026-04-30T09:00:59+0000 WARNING ID 16383 not in top-10 details (>10 new in one window?)
2026-04-30T09:01:00+0000 INFO Telegram sent: 🏠 New offer (ID 16383) — details not rendered, see site:
🔗 h
2026-04-30T09:01:00+0000 WARNING ID 16384 not in top-10 details (>10 new in one window?)
2026-04-30T09:01:00+0000 INFO Telegram sent: 🏠 New offer (ID 16384) — details not rendered, see site:
🔗 h
2026-04-30T09:01:00+0000 WARNING ID 16385 not in top-10 details (>10 new in one window?)
2026-04-30T09:01:00+0000 INFO Telegram sent: 🏠 New offer (ID 16385) — details not rendered, see site:
🔗 h
2026-04-30T09:01:01+0000 INFO Telegram sent: 🏠 Neues Wohnungsangebot — Neukölln

📍 Parchimer Allee 36/38,
2026-04-30T09:01:01+0000 INFO Notified: ID 16386 — Parchimer Allee 36/38, 12359 Neukölln
2026-04-30T09:01:01+0000 INFO Telegram sent: 🏠 Neues Wohnungsangebot — Neukölln

📍 Parchimer Allee 36/38,
2026-04-30T09:01:01+0000 INFO Notified: ID 16387 — Parchimer Allee 36/38, 12359 Neukölln
2026-04-30T09:01:02+0000 INFO Telegram sent: 🏠 Neues Wohnungsangebot — Neukölln

📍 Parchimer Allee 36/38,
2026-04-30T09:01:02+0000 INFO Notified: ID 16388 — Parchimer Allee 36/38, 12359 Neukölln
2026-04-30T09:01:02+0000 INFO Telegram sent: 🏠 Neues Wohnungsangebot — Neukölln

📍 Parchimer Allee 36/38,
2026-04-30T09:01:02+0000 INFO Notified: ID 16389 — Parchimer Allee 36/38, 12359 Neukölln
2026-04-30T09:01:03+0000 INFO Telegram sent: 🏠 Neues Wohnungsangebot — Neukölln

📍 Parchimer Allee 40/42,
2026-04-30T09:01:03+0000 INFO Notified: ID 16390 — Parchimer Allee 40/42, 12359 Neukölln
2026-04-30T09:01:03+0000 INFO Telegram sent: 🏠 Neues Wohnungsangebot — Neukölln

📍 Parchimer Allee 40/42,
2026-04-30T09:01:03+0000 INFO Notified: ID 16391 — Parchimer Allee 40/42, 12359 Neukölln
2026-04-30T09:01:04+0000 INFO Telegram sent: 🏠 Neues Wohnungsangebot — Neukölln

📍 Parchimer Allee 40/42,
2026-04-30T09:01:04+0000 INFO Notified: ID 16392 — Parchimer Allee 40/42, 12359 Neukölln
2026-04-30T09:01:04+0000 INFO Telegram sent: 🏠 Neues Wohnungsangebot — Neukölln

📍 Parchimer Allee 40/42,
2026-04-30T09:01:04+0000 INFO Notified: ID 16393 — Parchimer Allee 40/42, 12359 Neukölln
2026-04-30T09:01:05+0000 INFO Telegram sent: 🏠 Neues Wohnungsangebot — Neukölln

📍 Parchimer Allee 40/42,
2026-04-30T09:01:05+0000 INFO Notified: ID 16394 — Parchimer Allee 40/42, 12359 Neukölln
2026-04-30T09:01:05+0000 INFO Skipped (district Treptow-Köpenick not in allowlist): ID 16395
2026-04-30T11:01:17+0000 INFO Fetched page: 222 total IDs, 10 rendered details
2026-04-30T11:01:17+0000 INFO 11 new offer(s) found
2026-04-30T11:01:17+0000 WARNING ID 16396 not in top-10 details (>10 new in one window?)
2026-04-30T11:01:19+0000 INFO Telegram sent: 🏠 New offer (ID 16396) — details not rendered, see site:
🔗 h
2026-04-30T11:01:19+0000 INFO Skipped (district Marzahn-Hellersdorf not in allowlist): ID 16397
2026-04-30T11:01:19+0000 INFO Skipped (district Lichtenberg not in allowlist): ID 16398
2026-04-30T11:01:19+0000 INFO Skipped (district Lichtenberg not in allowlist): ID 16399
2026-04-30T11:01:19+0000 INFO Skipped (district Lichtenberg not in allowlist): ID 16401
2026-04-30T11:01:19+0000 INFO Skipped (district Lichtenberg not in allowlist): ID 16402
2026-04-30T11:01:19+0000 INFO Skipped (district Lichtenberg not in allowlist): ID 16403
2026-04-30T11:01:21+0000 INFO Telegram sent: 🏠 Neues Wohnungsangebot — Mitte

📍 Karl-Marx-Allee 44, 10178
2026-04-30T11:01:21+0000 INFO Notified: ID 16404 — Karl-Marx-Allee 44, 10178 Mitte
2026-04-30T11:01:21+0000 INFO Skipped (district Spandau not in allowlist): ID 16405
2026-04-30T11:01:21+0000 INFO Skipped (district Lichtenberg not in allowlist): ID 16406
2026-04-30T11:01:21+0000 INFO Skipped (district Lichtenberg not in allowlist): ID 16407
2026-04-30T12:20:32+0000 INFO Fetched page: 218 total IDs, 10 rendered details
2026-04-30T12:20:32+0000 INFO 4 new offer(s) found
2026-04-30T12:20:32+0000 INFO Telegram sent: 🏠 Neues Wohnungsangebot — Mitte

📍 Demminer Straße 3, 13355 
2026-04-30T12:20:32+0000 INFO Notified: ID 16408 — Demminer Straße 3, 13355 Mitte
2026-04-30T12:20:32+0000 INFO Skipped (district Spandau not in allowlist): ID 16409
2026-04-30T12:20:32+0000 INFO Skipped (district Lichtenberg not in allowlist): ID 16410
2026-04-30T12:20:32+0000 INFO Skipped (district Lichtenberg not in allowlist): ID 16411
2026-04-30T14:28:27+0000 INFO Fetched page: 210 total IDs, 10 rendered details
2026-04-30T14:28:27+0000 INFO 7 new offer(s) found
2026-04-30T14:28:27+0000 INFO Skipped (district Spandau not in allowlist): ID 16412
2026-04-30T14:28:27+0000 INFO Skipped (district Spandau not in allowlist): ID 16413
2026-04-30T14:28:27+0000 INFO Skipped (district Spandau not in allowlist): ID 16414
2026-04-30T14:28:27+0000 INFO Skipped (district Lichtenberg not in allowlist): ID 16415
2026-04-30T14:28:27+0000 INFO Telegram sent: 🏠 Neues Wohnungsangebot — Mitte

📍 Glasgower Straße 17, 1334
2026-04-30T14:28:27+0000 INFO Notified: ID 16416 — Glasgower Straße 17, 13349 Mitte
2026-04-30T14:28:27+0000 INFO Skipped (district Marzahn-Hellersdorf not in allowlist): ID 16417
2026-04-30T14:28:27+0000 INFO Skipped (district Marzahn-Hellersdorf not in allowlist): ID 16418
2026-04-30T16:04:47+0000 INFO Fetched page: 208 total IDs, 10 rendered details
2026-04-30T16:04:47+0000 INFO 0 new offer(s) found
2026-04-30T17:41:26+0000 INFO Fetched page: 206 total IDs, 10 rendered details
2026-04-30T17:41:26+0000 INFO 2 new offer(s) found
2026-04-30T17:41:26+0000 INFO Skipped (district Lichtenberg not in allowlist): ID 16419
2026-04-30T17:41:26+0000 INFO Skipped (district Treptow-Köpenick not in allowlist): ID 16420
2026-04-30T18:58:02+0000 INFO Fetched page: 204 total IDs, 10 rendered details
2026-04-30T18:58:02+0000 INFO 0 new offer(s) found
2026-04-30T20:13:32+0000 INFO Fetched page: 204 total IDs, 10 rendered details
2026-04-30T20:13:32+0000 INFO 0 new offer(s) found
2026-04-30T21:16:37+0000 INFO Fetched page: 206 total IDs, 10 rendered details
2026-04-30T21:16:37+0000 INFO 2 new offer(s) found
2026-04-30T21:16:37+0000 INFO Skipped (district Spandau not in allowlist): ID 16421
2026-04-30T21:16:37+0000 INFO Skipped (district Spandau not in allowlist): ID 16422
2026-04-30T22:13:08+0000 INFO Fetched page: 204 total IDs, 10 rendered details
2026-04-30T22:13:08+0000 INFO 0 new offer(s) found
2026-04-30T23:11:53+0000 INFO Fetched page: 204 total IDs, 10 rendered details
2026-04-30T23:11:53+0000 INFO 0 new offer(s) found
2026-05-01T00:07:05+0000 INFO Fetched page: 204 total IDs, 10 rendered details
2026-05-01T00:07:05+0000 INFO 0 new offer(s) found
2026-05-01T04:14:04+0000 INFO Fetched page: 204 total IDs, 10 rendered details
2026-05-01T04:14:04+0000 INFO 0 new offer(s) found
2026-05-01T06:46:30+0000 INFO Fetched page: 204 total IDs, 10 rendered details
2026-05-01T06:46:30+0000 INFO 0 new offer(s) found
2026-05-01T08:51:43+0000 INFO Fetched page: 200 total IDs, 10 rendered details
2026-05-01T08:51:43+0000 INFO 0 new offer(s) found
2026-05-01T10:14:28+0000 INFO Fetched page: 200 total IDs, 10 rendered details
2026-05-01T10:14:28+0000 INFO 0 new offer(s) found
2026-05-01T11:34:21+0000 INFO Fetched page: 200 total IDs, 10 rendered details
2026-05-01T11:34:21+0000 INFO 0 new offer(s) found
2026-05-01T12:39:14+0000 INFO Fetched page: 200 total IDs, 10 rendered details
2026-05-01T12:39:14+0000 INFO 0 new offer(s) found
2026-05-01T14:05:40+0000 INFO Fetched page: 200 total IDs, 10 rendered details
2026-05-01T14:05:40+0000 INFO 0 new offer(s) found
2026-05-01T15:12:37+0000 INFO Fetched page: 200 total IDs, 10 rendered details
2026-05-01T15:12:37+0000 INFO 0 new offer(s) found
2026-05-01T16:10:32+0000 INFO Fetched page: 200 total IDs, 10 rendered details
2026-05-01T16:10:32+0000 INFO 0 new offer(s) found
2026-05-01T17:13:07+0000 INFO Fetched page: 200 total IDs, 10 rendered details
2026-05-01T17:13:07+0000 INFO 0 new offer(s) found
2026-05-01T18:12:33+0000 INFO Fetched page: 200 total IDs, 10 rendered details
2026-05-01T18:12:33+0000 INFO 0 new offer(s) found
2026-05-01T19:40:21+0000 INFO Fetched page: 199 total IDs, 10 rendered details
2026-05-01T19:40:21+0000 INFO 0 new offer(s) found
2026-05-01T20:34:05+0000 INFO Fetched page: 199 total IDs, 10 rendered details
2026-05-01T20:34:05+0000 INFO 0 new offer(s) found
2026-05-01T21:31:17+0000 INFO Fetched page: 199 total IDs, 10 rendered details
2026-05-01T21:31:17+0000 INFO 0 new offer(s) found
2026-05-01T22:29:08+0000 INFO Fetched page: 199 total IDs, 10 rendered details
2026-05-01T22:29:08+0000 INFO 0 new offer(s) found
2026-05-01T23:29:59+0000 INFO Fetched page: 198 total IDs, 10 rendered details
2026-05-01T23:29:59+0000 INFO 0 new offer(s) found
2026-05-02T01:13:27+0000 INFO Fetched page: 198 total IDs, 10 rendered details
2026-05-02T01:13:27+0000 INFO 0 new offer(s) found
2026-05-02T04:28:22+0000 INFO Fetched page: 198 total IDs, 10 rendered details
2026-05-02T04:28:22+0000 INFO 0 new offer(s) found
2026-05-02T06:26:30+0000 INFO Fetched page: 198 total IDs, 10 rendered details
2026-05-02T06:26:30+0000 INFO 0 new offer(s) found
2026-05-02T08:08:18+0000 INFO Fetched page: 197 total IDs, 10 rendered details
2026-05-02T08:08:18+0000 INFO 0 new offer(s) found
2026-05-02T09:20:23+0000 INFO Fetched page: 197 total IDs, 10 rendered details
2026-05-02T09:20:23+0000 INFO 0 new offer(s) found
2026-05-02T10:14:48+0000 INFO Fetched page: 197 total IDs, 10 rendered details
2026-05-02T10:14:48+0000 INFO 0 new offer(s) found
2026-05-02T11:09:40+0000 INFO Fetched page: 197 total IDs, 10 rendered details
2026-05-02T11:09:40+0000 INFO 0 new offer(s) found
2026-05-02T11:59:06+0000 INFO Fetched page: 197 total IDs, 10 rendered details
2026-05-02T11:59:06+0000 INFO 0 new offer(s) found
2026-05-02T13:40:03+0000 INFO Fetched page: 197 total IDs, 10 rendered details
2026-05-02T13:40:03+0000 INFO 0 new offer(s) found
2026-05-02T14:33:34+0000 INFO Fetched page: 197 total IDs, 10 rendered details
2026-05-02T14:33:34+0000 INFO 0 new offer(s) found
2026-05-02T15:27:33+0000 INFO Fetched page: 197 total IDs, 10 rendered details
2026-05-02T15:27:33+0000 INFO 0 new offer(s) found
2026-05-02T16:11:14+0000 INFO Fetched page: 197 total IDs, 10 rendered details
2026-05-02T16:11:14+0000 INFO 0 new offer(s) found
2026-05-02T17:07:11+0000 INFO Fetched page: 197 total IDs, 10 rendered details
2026-05-02T17:07:11+0000 INFO 0 new offer(s) found
2026-05-02T18:00:53+0000 INFO Fetched page: 197 total IDs, 10 rendered details
2026-05-02T18:00:53+0000 INFO 0 new offer(s) found
2026-05-02T19:13:30+0000 INFO Fetched page: 197 total IDs, 10 rendered details
2026-05-02T19:13:30+0000 INFO 0 new offer(s) found
2026-05-02T19:59:59+0000 INFO Fetched page: 197 total IDs, 10 rendered details
2026-05-02T19:59:59+0000 INFO 0 new offer(s) found
2026-05-02T20:54:19+0000 INFO Fetched page: 197 total IDs, 10 rendered details
2026-05-02T20:54:19+0000 INFO 0 new offer(s) found
2026-05-02T21:37:14+0000 INFO Fetched page: 196 total IDs, 10 rendered details
2026-05-02T21:37:14+0000 INFO 0 new offer(s) found
2026-05-02T22:21:42+0000 INFO Fetched page: 196 total IDs, 10 rendered details
2026-05-02T22:21:42+0000 INFO 0 new offer(s) found
2026-05-02T23:07:23+0000 INFO Fetched page: 196 total IDs, 10 rendered details
2026-05-02T23:07:23+0000 INFO 0 new offer(s) found
2026-05-02T23:59:02+0000 INFO Fetched page: 196 total IDs, 10 rendered details
2026-05-02T23:59:02+0000 INFO 0 new offer(s) found
2026-05-03T04:02:47+0000 INFO Fetched page: 196 total IDs, 10 rendered details
2026-05-03T04:02:47+0000 INFO 0 new offer(s) found
2026-05-03T06:34:29+0000 INFO Fetched page: 196 total IDs, 10 rendered details
2026-05-03T06:34:29+0000 INFO 0 new offer(s) found
2026-05-03T08:22:17+0000 INFO Fetched page: 196 total IDs, 10 rendered details
2026-05-03T08:22:17+0000 INFO 0 new offer(s) found
2026-05-03T09:43:44+0000 INFO Fetched page: 194 total IDs, 10 rendered details
2026-05-03T09:43:44+0000 INFO 0 new offer(s) found
2026-05-03T10:38:55+0000 INFO Fetched page: 194 total IDs, 10 rendered details
2026-05-03T10:38:55+0000 INFO 0 new offer(s) found
2026-05-03T11:26:19+0000 INFO Fetched page: 194 total IDs, 10 rendered details
2026-05-03T11:26:19+0000 INFO 0 new offer(s) found
2026-05-03T12:06:14+0000 INFO Fetched page: 194 total IDs, 10 rendered details
2026-05-03T12:06:14+0000 INFO 0 new offer(s) found
2026-05-03T13:46:01+0000 INFO Fetched page: 193 total IDs, 10 rendered details
2026-05-03T13:46:01+0000 INFO 0 new offer(s) found
2026-05-03T14:37:35+0000 INFO Fetched page: 193 total IDs, 10 rendered details
2026-05-03T14:37:35+0000 INFO 0 new offer(s) found
2026-05-03T15:28:39+0000 INFO Fetched page: 193 total IDs, 10 rendered details
2026-05-03T15:28:39+0000 INFO 0 new offer(s) found
2026-05-03T16:11:55+0000 INFO Fetched page: 192 total IDs, 10 rendered details
2026-05-03T16:11:55+0000 INFO 0 new offer(s) found
2026-05-03T17:09:09+0000 INFO Fetched page: 192 total IDs, 10 rendered details
2026-05-03T17:09:09+0000 INFO 0 new offer(s) found
2026-05-03T18:02:42+0000 INFO Fetched page: 192 total IDs, 10 rendered details
2026-05-03T18:02:42+0000 INFO 0 new offer(s) found
2026-05-03T19:14:17+0000 INFO Fetched page: 192 total IDs, 10 rendered details
2026-05-03T19:14:17+0000 INFO 0 new offer(s) found
2026-05-03T20:01:35+0000 INFO Fetched page: 192 total IDs, 10 rendered details
2026-05-03T20:01:35+0000 INFO 0 new offer(s) found
2026-05-03T20:57:27+0000 INFO Fetched page: 192 total IDs, 10 rendered details
2026-05-03T20:57:27+0000 INFO 0 new offer(s) found
2026-05-03T21:51:07+0000 INFO Fetched page: 192 total IDs, 10 rendered details
2026-05-03T21:51:07+0000 INFO 0 new offer(s) found
2026-05-03T22:27:53+0000 INFO Fetched page: 192 total IDs, 10 rendered details
2026-05-03T22:27:53+0000 INFO 0 new offer(s) found
2026-05-03T23:11:51+0000 INFO Fetched page: 192 total IDs, 10 rendered details
2026-05-03T23:11:51+0000 INFO 0 new offer(s) found
2026-05-04T00:04:27+0000 INFO Fetched page: 192 total IDs, 10 rendered details
2026-05-04T00:04:27+0000 INFO 0 new offer(s) found
2026-05-04T04:04:12+0000 INFO Fetched page: 192 total IDs, 10 rendered details
2026-05-04T04:04:12+0000 INFO 0 new offer(s) found
2026-05-04T06:51:11+0000 INFO Fetched page: 190 total IDs, 10 rendered details
2026-05-04T06:51:11+0000 INFO 1 new offer(s) found
2026-05-04T06:51:11+0000 INFO Skipped (district Lichtenberg not in allowlist): ID 16423
2026-05-04T09:10:37+0000 INFO Fetched page: 192 total IDs, 10 rendered details
2026-05-04T09:10:37+0000 INFO 16 new offer(s) found
2026-05-04T09:10:37+0000 WARNING ID 16424 not in top-10 details (>10 new in one window?)
2026-05-04T09:10:37+0000 INFO Telegram sent: 🏠 New offer (ID 16424) — details not rendered, see site:
🔗 h
2026-05-04T09:10:37+0000 WARNING ID 16425 not in top-10 details (>10 new in one window?)
2026-05-04T09:10:38+0000 INFO Telegram sent: 🏠 New offer (ID 16425) — details not rendered, see site:
🔗 h
2026-05-04T09:10:38+0000 WARNING ID 16426 not in top-10 details (>10 new in one window?)
2026-05-04T09:10:38+0000 INFO Telegram sent: 🏠 New offer (ID 16426) — details not rendered, see site:
🔗 h
2026-05-04T09:10:38+0000 WARNING ID 16428 not in top-10 details (>10 new in one window?)
2026-05-04T09:10:39+0000 INFO Telegram sent: 🏠 New offer (ID 16428) — details not rendered, see site:
🔗 h
2026-05-04T09:10:39+0000 WARNING ID 16429 not in top-10 details (>10 new in one window?)
2026-05-04T09:10:39+0000 INFO Telegram sent: 🏠 New offer (ID 16429) — details not rendered, see site:
🔗 h
2026-05-04T09:10:39+0000 WARNING ID 16431 not in top-10 details (>10 new in one window?)
2026-05-04T09:10:39+0000 INFO Telegram sent: 🏠 New offer (ID 16431) — details not rendered, see site:
🔗 h
2026-05-04T09:10:39+0000 INFO Skipped (district Steglitz-Zehlendorf not in allowlist): ID 16432
2026-05-04T09:10:39+0000 INFO Skipped (district Lichtenberg not in allowlist): ID 16434
2026-05-04T09:10:39+0000 INFO Skipped (district Lichtenberg not in allowlist): ID 16435
2026-05-04T09:10:39+0000 INFO Skipped (district Steglitz-Zehlendorf not in allowlist): ID 16436
2026-05-04T09:10:39+0000 INFO Telegram sent: 🏠 Neues Wohnungsangebot — Neukölln

📍 Alt-Britz 107,107A, 12
2026-05-04T09:10:39+0000 INFO Notified: ID 16437 — Alt-Britz 107,107A, 12359 Neukölln
2026-05-04T09:10:40+0000 INFO Telegram sent: 🏠 Neues Wohnungsangebot — Neukölln

📍 Alt-Britz 107,107A, 12
2026-05-04T09:10:40+0000 INFO Notified: ID 16438 — Alt-Britz 107,107A, 12359 Neukölln
2026-05-04T09:10:40+0000 INFO Telegram sent: 🏠 Neues Wohnungsangebot — Neukölln

📍 Alt-Britz 107,107A, 12
2026-05-04T09:10:40+0000 INFO Notified: ID 16439 — Alt-Britz 107,107A, 12359 Neukölln
2026-05-04T09:10:40+0000 INFO Telegram sent: 🏠 Neues Wohnungsangebot — Neukölln

📍 Alt-Britz 107,107A, 12
2026-05-04T09:10:40+0000 INFO Notified: ID 16440 — Alt-Britz 107,107A, 12359 Neukölln
2026-05-04T09:10:41+0000 INFO Telegram sent: 🏠 Neues Wohnungsangebot — Neukölln

📍 Alt-Britz 107,107A, 12
2026-05-04T09:10:41+0000 INFO Notified: ID 16441 — Alt-Britz 107,107A, 12359 Neukölln
2026-05-04T09:10:41+0000 INFO Telegram sent: 🏠 Neues Wohnungsangebot — Neukölln

📍 Alt-Britz 107,107A, 12
2026-05-04T09:10:41+0000 INFO Notified: ID 16442 — Alt-Britz 107,107A, 12359 Neukölln
2026-05-04T11:17:51+0000 INFO Fetched page: 197 total IDs, 10 rendered details
2026-05-04T11:17:51+0000 INFO 17 new offer(s) found
2026-05-04T11:17:51+0000 WARNING ID 16443 not in top-10 details (>10 new in one window?)
2026-05-04T11:17:51+0000 INFO Telegram sent: 🏠 New offer (ID 16443) — details not rendered, see site:
🔗 h
2026-05-04T11:17:51+0000 WARNING ID 16444 not in top-10 details (>10 new in one window?)
2026-05-04T11:17:52+0000 INFO Telegram sent: 🏠 New offer (ID 16444) — details not rendered, see site:
🔗 h
2026-05-04T11:17:52+0000 WARNING ID 16445 not in top-10 details (>10 new in one window?)
2026-05-04T11:17:52+0000 INFO Telegram sent: 🏠 New offer (ID 16445) — details not rendered, see site:
🔗 h
2026-05-04T11:17:52+0000 WARNING ID 16446 not in top-10 details (>10 new in one window?)
2026-05-04T11:17:53+0000 INFO Telegram sent: 🏠 New offer (ID 16446) — details not rendered, see site:
🔗 h
2026-05-04T11:17:53+0000 WARNING ID 16447 not in top-10 details (>10 new in one window?)
2026-05-04T11:17:54+0000 INFO Telegram sent: 🏠 New offer (ID 16447) — details not rendered, see site:
🔗 h
2026-05-04T11:17:54+0000 WARNING ID 16448 not in top-10 details (>10 new in one window?)
2026-05-04T11:17:55+0000 INFO Telegram sent: 🏠 New offer (ID 16448) — details not rendered, see site:
🔗 h
2026-05-04T11:17:55+0000 WARNING ID 16449 not in top-10 details (>10 new in one window?)
2026-05-04T11:17:55+0000 INFO Telegram sent: 🏠 New offer (ID 16449) — details not rendered, see site:
🔗 h
2026-05-04T11:17:55+0000 INFO Skipped (district Steglitz-Zehlendorf not in allowlist): ID 16453
2026-05-04T11:17:56+0000 INFO Telegram sent: 🏠 Neues Wohnungsangebot — Neukölln

📍 Mollnerweg 33, 12353 N
2026-05-04T11:17:56+0000 INFO Notified: ID 16454 — Mollnerweg 33, 12353 Neukölln
2026-05-04T11:17:56+0000 INFO Telegram sent: 🏠 Neues Wohnungsangebot — Friedrichshain-Kreuzberg

📍 Wiener
2026-05-04T11:17:56+0000 INFO Notified: ID 16455 — Wiener Straße 58, 10999 Friedrichshain-Kreuzberg
2026-05-04T11:17:56+0000 INFO Skipped (district Treptow-Köpenick not in allowlist): ID 16456
2026-05-04T11:17:56+0000 INFO Skipped (district Treptow-Köpenick not in allowlist): ID 16457
2026-05-04T11:17:56+0000 INFO Skipped (district Lichtenberg not in allowlist): ID 16458
2026-05-04T11:17:57+0000 INFO Telegram sent: 🏠 Neues Wohnungsangebot — Neukölln

📍 Fritzi-Massary-Straße 
2026-05-04T11:17:57+0000 INFO Notified: ID 16459 — Fritzi-Massary-Straße 8, 12057 Neukölln
2026-05-04T11:17:58+0000 INFO Telegram sent: 🏠 Neues Wohnungsangebot — Neukölln

📍 Fritzi-Massary-Straße 
2026-05-04T11:17:58+0000 INFO Notified: ID 16460 — Fritzi-Massary-Straße 14, 12057 Neukölln
2026-05-04T11:17:58+0000 INFO Skipped (district Lichtenberg not in allowlist): ID 16461
2026-05-04T11:17:58+0000 INFO Skipped (district Marzahn-Hellersdorf not in allowlist): ID 16462
2026-05-04T13:00:02+0000 INFO Fetched page: 202 total IDs, 10 rendered details
2026-05-04T13:00:02+0000 INFO 16 new offer(s) found
2026-05-04T13:00:02+0000 WARNING ID 16463 not in top-10 details (>10 new in one window?)
2026-05-04T13:00:03+0000 INFO Telegram sent: 🏠 New offer (ID 16463) — details not rendered, see site:
🔗 h
2026-05-04T13:00:03+0000 WARNING ID 16464 not in top-10 details (>10 new in one window?)
2026-05-04T13:00:04+0000 INFO Telegram sent: 🏠 New offer (ID 16464) — details not rendered, see site:
🔗 h
2026-05-04T13:00:04+0000 WARNING ID 16465 not in top-10 details (>10 new in one window?)
2026-05-04T13:00:04+0000 INFO Telegram sent: 🏠 New offer (ID 16465) — details not rendered, see site:
🔗 h
2026-05-04T13:00:04+0000 WARNING ID 16466 not in top-10 details (>10 new in one window?)
2026-05-04T13:00:05+0000 INFO Telegram sent: 🏠 New offer (ID 16466) — details not rendered, see site:
🔗 h
2026-05-04T13:00:05+0000 WARNING ID 16468 not in top-10 details (>10 new in one window?)
2026-05-04T13:00:05+0000 INFO Telegram sent: 🏠 New offer (ID 16468) — details not rendered, see site:
🔗 h
2026-05-04T13:00:05+0000 WARNING ID 16469 not in top-10 details (>10 new in one window?)
2026-05-04T13:00:06+0000 INFO Telegram sent: 🏠 New offer (ID 16469) — details not rendered, see site:
🔗 h
2026-05-04T13:00:06+0000 INFO Telegram sent: 🏠 Neues Wohnungsangebot — Friedrichshain-Kreuzberg

📍 Ritter
2026-05-04T13:00:06+0000 INFO Notified: ID 16470 — Ritterstraße 40A, 10969 Friedrichshain-Kreuzberg
2026-05-04T13:00:06+0000 INFO Skipped (district Treptow-Köpenick not in allowlist): ID 16472
2026-05-04T13:00:06+0000 INFO Skipped (district Treptow-Köpenick not in allowlist): ID 16473
2026-05-04T13:00:06+0000 INFO Skipped (district Treptow-Köpenick not in allowlist): ID 16474
2026-05-04T13:00:06+0000 INFO Skipped (district Lichtenberg not in allowlist): ID 16475
2026-05-04T13:00:06+0000 INFO Skipped (district Treptow-Köpenick not in allowlist): ID 16476
2026-05-04T13:00:07+0000 INFO Telegram sent: 🏠 Neues Wohnungsangebot — Tempelhof-Schöneberg

📍 Werner-Voß
2026-05-04T13:00:07+0000 INFO Notified: ID 16477 — Werner-Voß-Damm 31, 12101 Tempelhof-Schöneberg
2026-05-04T13:00:07+0000 INFO Telegram sent: 🏠 Neues Wohnungsangebot — Tempelhof-Schöneberg

📍 Werner-Voß
2026-05-04T13:00:07+0000 INFO Notified: ID 16478 — Werner-Voß-Damm 33, 12101 Tempelhof-Schöneberg
2026-05-04T13:00:07+0000 INFO Skipped (district Treptow-Köpenick not in allowlist): ID 16479
2026-05-04T13:00:07+0000 INFO Skipped (district Treptow-Köpenick not in allowlist): ID 16480
2026-05-04T15:15:31+0000 INFO Fetched page: 204 total IDs, 10 rendered details
2026-05-04T15:15:31+0000 INFO 19 new offer(s) found
2026-05-04T15:15:31+0000 WARNING ID 16481 not in top-10 details (>10 new in one window?)
2026-05-04T15:15:31+0000 INFO Telegram sent: 🏠 New offer (ID 16481) — details not rendered, see site:
🔗 h
2026-05-04T15:15:31+0000 WARNING ID 16482 not in top-10 details (>10 new in one window?)
2026-05-04T15:15:32+0000 INFO Telegram sent: 🏠 New offer (ID 16482) — details not rendered, see site:
🔗 h
2026-05-04T15:15:32+0000 WARNING ID 16483 not in top-10 details (>10 new in one window?)
2026-05-04T15:15:32+0000 INFO Telegram sent: 🏠 New offer (ID 16483) — details not rendered, see site:
🔗 h
2026-05-04T15:15:32+0000 WARNING ID 16484 not in top-10 details (>10 new in one window?)
2026-05-04T15:15:32+0000 INFO Telegram sent: 🏠 New offer (ID 16484) — details not rendered, see site:
🔗 h
2026-05-04T15:15:32+0000 WARNING ID 16485 not in top-10 details (>10 new in one window?)
2026-05-04T15:15:33+0000 INFO Telegram sent: 🏠 New offer (ID 16485) — details not rendered, see site:
🔗 h
2026-05-04T15:15:33+0000 WARNING ID 16486 not in top-10 details (>10 new in one window?)
2026-05-04T15:15:33+0000 INFO Telegram sent: 🏠 New offer (ID 16486) — details not rendered, see site:
🔗 h
2026-05-04T15:15:33+0000 WARNING ID 16487 not in top-10 details (>10 new in one window?)
2026-05-04T15:15:33+0000 INFO Telegram sent: 🏠 New offer (ID 16487) — details not rendered, see site:
🔗 h
2026-05-04T15:15:33+0000 WARNING ID 16488 not in top-10 details (>10 new in one window?)
2026-05-04T15:15:34+0000 INFO Telegram sent: 🏠 New offer (ID 16488) — details not rendered, see site:
🔗 h
2026-05-04T15:15:34+0000 WARNING ID 16489 not in top-10 details (>10 new in one window?)
2026-05-04T15:15:34+0000 INFO Telegram sent: 🏠 New offer (ID 16489) — details not rendered, see site:
🔗 h
2026-05-04T15:15:34+0000 INFO Skipped (district Lichtenberg not in allowlist): ID 16490
2026-05-04T15:15:34+0000 INFO Skipped (district Spandau not in allowlist): ID 16491
2026-05-04T15:15:34+0000 INFO Skipped (district Spandau not in allowlist): ID 16492
2026-05-04T15:15:34+0000 INFO Skipped (district Spandau not in allowlist): ID 16493
2026-05-04T15:15:34+0000 INFO Skipped (district Lichtenberg not in allowlist): ID 16494
2026-05-04T15:15:34+0000 INFO Skipped (district Treptow-Köpenick not in allowlist): ID 16495
2026-05-04T15:15:34+0000 INFO Skipped (district Lichtenberg not in allowlist): ID 16496
2026-05-04T15:15:34+0000 INFO Skipped (district Lichtenberg not in allowlist): ID 16497
2026-05-04T15:15:34+0000 INFO Skipped (district Lichtenberg not in allowlist): ID 16498
2026-05-04T15:15:34+0000 INFO Skipped (district Lichtenberg not in allowlist): ID 16499
2026-05-04T17:03:13+0000 INFO Fetched page: 210 total IDs, 10 rendered details
2026-05-04T17:03:13+0000 INFO 7 new offer(s) found
2026-05-04T17:03:13+0000 INFO Skipped (district Treptow-Köpenick not in allowlist): ID 16500
2026-05-04T17:03:13+0000 INFO Telegram sent: 🏠 Neues Wohnungsangebot — Neukölln

📍 Alt-Britz 107,107A, 12
2026-05-04T17:03:13+0000 INFO Notified: ID 16501 — Alt-Britz 107,107A, 12359 Neukölln
2026-05-04T17:03:14+0000 INFO Telegram sent: 🏠 Neues Wohnungsangebot — Neukölln

📍 Alt-Britz 107,107A, 12
2026-05-04T17:03:14+0000 INFO Notified: ID 16502 — Alt-Britz 107,107A, 12359 Neukölln
2026-05-04T17:03:14+0000 INFO Telegram sent: 🏠 Neues Wohnungsangebot — Neukölln

📍 Alt-Britz 107,107A, 12
2026-05-04T17:03:14+0000 INFO Notified: ID 16503 — Alt-Britz 107,107A, 12359 Neukölln
2026-05-04T17:03:14+0000 INFO Telegram sent: 🏠 Neues Wohnungsangebot — Neukölln

📍 Alt-Britz 107,107A, 12
2026-05-04T17:03:14+0000 INFO Notified: ID 16504 — Alt-Britz 107,107A, 12359 Neukölln
2026-05-04T17:03:15+0000 INFO Telegram sent: 🏠 Neues Wohnungsangebot — Neukölln

📍 Alt-Britz 107,107A, 12
2026-05-04T17:03:15+0000 INFO Notified: ID 16505 — Alt-Britz 107,107A, 12359 Neukölln
2026-05-04T17:03:15+0000 INFO Telegram sent: 🏠 Neues Wohnungsangebot — Neukölln

📍 Alt-Britz 107,107A, 12
2026-05-04T17:03:15+0000 INFO Notified: ID 16506 — Alt-Britz 107,107A, 12359 Neukölln
2026-05-04T18:48:32+0000 INFO Fetched page: 200 total IDs, 10 rendered details
2026-05-04T18:48:32+0000 INFO 0 new offer(s) found
2026-05-04T20:07:37+0000 INFO Fetched page: 200 total IDs, 10 rendered details
2026-05-04T20:07:37+0000 INFO 0 new offer(s) found
2026-05-04T21:18:48+0000 INFO Fetched page: 200 total IDs, 10 rendered details
2026-05-04T21:18:48+0000 INFO 0 new offer(s) found
2026-05-04T22:29:17+0000 INFO Fetched page: 200 total IDs, 10 rendered details
2026-05-04T22:29:17+0000 INFO 0 new offer(s) found
2026-05-04T23:29:05+0000 INFO Fetched page: 195 total IDs, 10 rendered details
2026-05-04T23:29:05+0000 INFO 0 new offer(s) found
2026-05-05T01:12:38+0000 INFO Fetched page: 195 total IDs, 10 rendered details
2026-05-05T01:12:38+0000 INFO 0 new offer(s) found
2026-05-05T04:27:33+0000 INFO Fetched page: 195 total IDs, 10 rendered details
2026-05-05T04:27:33+0000 INFO 0 new offer(s) found
2026-05-05T06:34:46+0000 INFO Fetched page: 197 total IDs, 10 rendered details
2026-05-05T06:34:46+0000 INFO 5 new offer(s) found
2026-05-05T06:34:46+0000 INFO Skipped (district Lichtenberg not in allowlist): ID 16507
2026-05-05T06:34:46+0000 INFO Skipped (district Lichtenberg not in allowlist): ID 16508
2026-05-05T06:34:47+0000 INFO Telegram sent: 🏠 Neues Wohnungsangebot — Neukölln

📍 Fritz-Erler-Allee 190,
2026-05-05T06:34:47+0000 INFO Notified: ID 16509 — Fritz-Erler-Allee 190, 12353 Neukölln
2026-05-05T06:34:47+0000 INFO Skipped (district Lichtenberg not in allowlist): ID 16510
2026-05-05T06:34:48+0000 INFO Telegram sent: 🏠 Neues Wohnungsangebot — Neukölln

📍 Käthe-Dorsch-Ring 23, 
2026-05-05T06:34:48+0000 INFO Notified: ID 16511 — Käthe-Dorsch-Ring 23, 12353 Neukölln
2026-05-05T08:37:14+0000 INFO Fetched page: 201 total IDs, 10 rendered details
2026-05-05T08:37:14+0000 INFO 12 new offer(s) found
2026-05-05T08:37:14+0000 WARNING ID 16512 not in top-10 details (>10 new in one window?)
2026-05-05T08:37:14+0000 INFO Telegram sent: 🏠 New offer (ID 16512) — details not rendered, see site:
🔗 h
2026-05-05T08:37:14+0000 WARNING ID 16513 not in top-10 details (>10 new in one window?)
2026-05-05T08:37:15+0000 INFO Telegram sent: 🏠 New offer (ID 16513) — details not rendered, see site:
🔗 h
2026-05-05T08:37:15+0000 INFO Skipped (district Spandau not in allowlist): ID 16514
2026-05-05T08:37:15+0000 INFO Telegram sent: 🏠 Neues Wohnungsangebot — Tempelhof-Schöneberg

📍 Tirschenre
2026-05-05T08:37:15+0000 INFO Notified: ID 16515 — Tirschenreuther Ring 8, 12279 Tempelhof-Schöneberg
2026-05-05T08:37:15+0000 INFO Skipped (district Marzahn-Hellersdorf not in allowlist): ID 16516
2026-05-05T08:37:15+0000 INFO Skipped (district Marzahn-Hellersdorf not in allowlist): ID 16517
2026-05-05T08:37:15+0000 INFO Skipped (district Marzahn-Hellersdorf not in allowlist): ID 16518
2026-05-05T08:37:15+0000 INFO Skipped (district Lichtenberg not in allowlist): ID 16519
2026-05-05T08:37:16+0000 INFO Telegram sent: 🏠 Neues Wohnungsangebot — Tempelhof-Schöneberg

📍 Ella-Barow
2026-05-05T08:37:16+0000 INFO Notified: ID 16520 — Ella-Barowsky-Straße 29, 10829 Tempelhof-Schöneberg
2026-05-05T08:37:16+0000 INFO Telegram sent: 🏠 Neues Wohnungsangebot — Neukölln

📍 Zwickauer Damm 12, 123
2026-05-05T08:37:16+0000 INFO Notified: ID 16521 — Zwickauer Damm 12, 12353 Neukölln
2026-05-05T08:37:16+0000 INFO Skipped (district Treptow-Köpenick not in allowlist): ID 16522
2026-05-05T08:37:17+0000 INFO Telegram sent: 🏠 Neues Wohnungsangebot — Neukölln

📍 Friedrich-Kayßler-Weg 
2026-05-05T08:37:17+0000 INFO Notified: ID 16523 — Friedrich-Kayßler-Weg 1, 12353 Neukölln
2026-05-05T10:24:07+0000 INFO Fetched page: 205 total IDs, 10 rendered details
2026-05-05T10:24:07+0000 INFO 11 new offer(s) found
2026-05-05T10:24:07+0000 WARNING ID 16524 not in top-10 details (>10 new in one window?)
2026-05-05T10:24:07+0000 INFO Telegram sent: 🏠 New offer (ID 16524) — details not rendered, see site:
🔗 h
2026-05-05T10:24:07+0000 INFO Skipped (district Treptow-Köpenick not in allowlist): ID 16525
2026-05-05T10:24:07+0000 INFO Telegram sent: 🏠 Neues Wohnungsangebot — Mitte

📍 Karl-Marx-Allee 23, 10178
2026-05-05T10:24:07+0000 INFO Notified: ID 16526 — Karl-Marx-Allee 23, 10178 Mitte
2026-05-05T10:24:08+0000 INFO Telegram sent: 🏠 Neues Wohnungsangebot — Friedrichshain-Kreuzberg

📍 Ritter
2026-05-05T10:24:08+0000 INFO Notified: ID 16527 — Ritterstraße 44, 10969 Friedrichshain-Kreuzberg
2026-05-05T10:24:08+0000 INFO Skipped (district Spandau not in allowlist): ID 16528
2026-05-05T10:24:08+0000 INFO Skipped (district Spandau not in allowlist): ID 16529
2026-05-05T10:24:08+0000 INFO Skipped (district Spandau not in allowlist): ID 16530
2026-05-05T10:24:08+0000 INFO Skipped (district Lichtenberg not in allowlist): ID 16531
2026-05-05T10:24:08+0000 INFO Skipped (district Marzahn-Hellersdorf not in allowlist): ID 16532
2026-05-05T10:24:08+0000 INFO Skipped (district Marzahn-Hellersdorf not in allowlist): ID 16533
2026-05-05T10:24:08+0000 INFO Skipped (district Lichtenberg not in allowlist): ID 16534
2026-05-05T11:47:06+0000 INFO Fetched page: 203 total IDs, 10 rendered details
2026-05-05T11:47:06+0000 INFO 5 new offer(s) found
2026-05-05T11:47:06+0000 INFO Skipped (district Treptow-Köpenick not in allowlist): ID 16535
2026-05-05T11:47:06+0000 INFO Skipped (district Treptow-Köpenick not in allowlist): ID 16536
2026-05-05T11:47:06+0000 INFO Skipped (district Treptow-Köpenick not in allowlist): ID 16537
2026-05-05T11:47:06+0000 INFO Skipped (district Lichtenberg not in allowlist): ID 16538
2026-05-05T11:47:06+0000 INFO Skipped (district Treptow-Köpenick not in allowlist): ID 16539
2026-05-05T12:59:56+0000 INFO Fetched page: 204 total IDs, 10 rendered details
2026-05-05T12:59:56+0000 INFO 5 new offer(s) found
2026-05-05T12:59:56+0000 INFO Skipped (district Treptow-Köpenick not in allowlist): ID 16540
2026-05-05T12:59:56+0000 INFO Skipped (district Lichtenberg not in allowlist): ID 16541
2026-05-05T12:59:56+0000 INFO Skipped (district Lichtenberg not in allowlist): ID 16542
2026-05-05T12:59:56+0000 INFO Skipped (district Treptow-Köpenick not in allowlist): ID 16543
2026-05-05T12:59:56+0000 INFO Skipped (district Lichtenberg not in allowlist): ID 16544
2026-05-05T16:58:10+0000 INFO Fetched page: 200 total IDs, 10 rendered details
2026-05-05T16:58:10+0000 INFO 4 new offer(s) found
2026-05-05T16:58:10+0000 INFO Telegram sent: 🏠 Neues Wohnungsangebot — Mitte

📍 Hussitenstraße 54, 13355 
2026-05-05T16:58:10+0000 INFO Notified: ID 16545 — Hussitenstraße 54, 13355 Mitte
2026-05-05T16:58:10+0000 INFO Skipped (district Treptow-Köpenick not in allowlist): ID 16547
2026-05-05T16:58:10+0000 INFO Skipped (district Lichtenberg not in allowlist): ID 16548
2026-05-05T16:58:11+0000 INFO Telegram sent: 🏠 Neues Wohnungsangebot — Tempelhof-Schöneberg

📍 Bülowstraß
2026-05-05T16:58:11+0000 INFO Notified: ID 16549 — Bülowstraße 30, 10783 Tempelhof-Schöneberg
2026-05-05T18:15:36+0000 INFO Fetched page: 198 total IDs, 10 rendered details
2026-05-05T18:15:36+0000 INFO 0 new offer(s) found
2026-05-05T19:54:12+0000 INFO Fetched page: 197 total IDs, 10 rendered details
2026-05-05T19:54:12+0000 INFO 0 new offer(s) found
2026-05-05T20:58:41+0000 INFO Fetched page: 197 total IDs, 10 rendered details
2026-05-05T20:58:41+0000 INFO 0 new offer(s) found
2026-05-05T22:07:57+0000 INFO Fetched page: 197 total IDs, 10 rendered details
2026-05-05T22:07:57+0000 INFO 0 new offer(s) found
2026-05-05T23:10:09+0000 INFO Fetched page: 197 total IDs, 10 rendered details
2026-05-05T23:10:09+0000 INFO 0 new offer(s) found
2026-05-06T00:02:52+0000 INFO Fetched page: 197 total IDs, 10 rendered details
2026-05-06T00:02:52+0000 INFO 0 new offer(s) found
2026-05-06T03:59:26+0000 INFO Fetched page: 197 total IDs, 10 rendered details
2026-05-06T03:59:26+0000 INFO 0 new offer(s) found
2026-05-06T06:38:41+0000 INFO Fetched page: 196 total IDs, 10 rendered details
2026-05-06T06:38:41+0000 INFO 0 new offer(s) found
2026-05-06T09:07:32+0000 INFO Fetched page: 194 total IDs, 10 rendered details
2026-05-06T09:07:32+0000 INFO 6 new offer(s) found
2026-05-06T09:07:32+0000 INFO Skipped (district Treptow-Köpenick not in allowlist): ID 16550
2026-05-06T09:07:32+0000 INFO Skipped (district Lichtenberg not in allowlist): ID 16551
2026-05-06T09:07:32+0000 INFO Telegram sent: 🏠 Neues Wohnungsangebot — Neukölln

📍 Bornsdorfer Straße 37B
2026-05-06T09:07:32+0000 INFO Notified: ID 16552 — Bornsdorfer Straße 37B, 12053 Neukölln
2026-05-06T09:07:33+0000 INFO Telegram sent: 🏠 Neues Wohnungsangebot — Tempelhof-Schöneberg

📍 Gersdorfst
2026-05-06T09:07:33+0000 INFO Notified: ID 16553 — Gersdorfstraße 83, 12105 Tempelhof-Schöneberg
2026-05-06T09:07:33+0000 INFO Skipped (district Pankow not in allowlist): ID 16554
2026-05-06T09:07:33+0000 INFO Skipped (district Treptow-Köpenick not in allowlist): ID 16555
2026-05-06T11:18:30+0000 INFO Fetched page: 210 total IDs, 10 rendered details
2026-05-06T11:18:30+0000 INFO 21 new offer(s) found
2026-05-06T11:18:30+0000 WARNING ID 16556 not in top-10 details (>10 new in one window?)
2026-05-06T11:18:30+0000 INFO Telegram sent: 🏠 New offer (ID 16556) — details not rendered, see site:
🔗 h
2026-05-06T11:18:30+0000 WARNING ID 16557 not in top-10 details (>10 new in one window?)
2026-05-06T11:18:30+0000 INFO Telegram sent: 🏠 New offer (ID 16557) — details not rendered, see site:
🔗 h
2026-05-06T11:18:30+0000 WARNING ID 16559 not in top-10 details (>10 new in one window?)
2026-05-06T11:18:31+0000 INFO Telegram sent: 🏠 New offer (ID 16559) — details not rendered, see site:
🔗 h
2026-05-06T11:18:31+0000 WARNING ID 16560 not in top-10 details (>10 new in one window?)
2026-05-06T11:18:31+0000 INFO Telegram sent: 🏠 New offer (ID 16560) — details not rendered, see site:
🔗 h
2026-05-06T11:18:31+0000 WARNING ID 16561 not in top-10 details (>10 new in one window?)
2026-05-06T11:18:31+0000 INFO Telegram sent: 🏠 New offer (ID 16561) — details not rendered, see site:
🔗 h
2026-05-06T11:18:31+0000 WARNING ID 16562 not in top-10 details (>10 new in one window?)
2026-05-06T11:18:32+0000 INFO Telegram sent: 🏠 New offer (ID 16562) — details not rendered, see site:
🔗 h
2026-05-06T11:18:32+0000 WARNING ID 16563 not in top-10 details (>10 new in one window?)
2026-05-06T11:18:32+0000 INFO Telegram sent: 🏠 New offer (ID 16563) — details not rendered, see site:
🔗 h
2026-05-06T11:18:32+0000 WARNING ID 16564 not in top-10 details (>10 new in one window?)
2026-05-06T11:18:32+0000 INFO Telegram sent: 🏠 New offer (ID 16564) — details not rendered, see site:
🔗 h
2026-05-06T11:18:32+0000 WARNING ID 16565 not in top-10 details (>10 new in one window?)
2026-05-06T11:18:33+0000 INFO Telegram sent: 🏠 New offer (ID 16565) — details not rendered, see site:
🔗 h
2026-05-06T11:18:33+0000 WARNING ID 16566 not in top-10 details (>10 new in one window?)
2026-05-06T11:18:33+0000 INFO Telegram sent: 🏠 New offer (ID 16566) — details not rendered, see site:
🔗 h
2026-05-06T11:18:33+0000 WARNING ID 16567 not in top-10 details (>10 new in one window?)
2026-05-06T11:18:33+0000 INFO Telegram sent: 🏠 New offer (ID 16567) — details not rendered, see site:
🔗 h
2026-05-06T11:18:33+0000 INFO Skipped (district Marzahn-Hellersdorf not in allowlist): ID 16568
2026-05-06T11:18:34+0000 INFO Telegram sent: 🏠 Neues Wohnungsangebot — Mitte

📍 Linienstraße 193, 10119 M
2026-05-06T11:18:34+0000 INFO Notified: ID 16569 — Linienstraße 193, 10119 Mitte
2026-05-06T11:18:34+0000 INFO Skipped (district Reinickendorf not in allowlist): ID 16570
2026-05-06T11:18:34+0000 INFO Skipped (district Lichtenberg not in allowlist): ID 16571
2026-05-06T11:18:34+0000 INFO Skipped (district Spandau not in allowlist): ID 16572
2026-05-06T11:18:34+0000 INFO Skipped (district Reinickendorf not in allowlist): ID 16573
2026-05-06T11:18:34+0000 INFO Skipped (district Treptow-Köpenick not in allowlist): ID 16574
2026-05-06T11:18:34+0000 INFO Skipped (district Reinickendorf not in allowlist): ID 16575
2026-05-06T11:18:34+0000 INFO Skipped (district Reinickendorf not in allowlist): ID 16576
2026-05-06T11:18:34+0000 INFO Skipped (district Reinickendorf not in allowlist): ID 16577
2026-05-06T13:03:29+0000 INFO Fetched page: 215 total IDs, 10 rendered details
2026-05-06T13:03:29+0000 INFO 9 new offer(s) found
2026-05-06T13:03:29+0000 INFO Skipped (district Reinickendorf not in allowlist): ID 16578
2026-05-06T13:03:29+0000 INFO Skipped (district Treptow-Köpenick not in allowlist): ID 16579
2026-05-06T13:03:30+0000 INFO Telegram sent: 🏠 Neues Wohnungsangebot — Charlottenburg-Wilmersdorf

📍 Reic
2026-05-06T13:03:30+0000 INFO Notified: ID 16580 — Reichenhaller Straße 51, 14199 Charlottenburg-Wilmersdorf
2026-05-06T13:03:30+0000 INFO Skipped (district Spandau not in allowlist): ID 16581
2026-05-06T13:03:30+0000 INFO Skipped (district Spandau not in allowlist): ID 16582
2026-05-06T13:03:30+0000 INFO Telegram sent: 🏠 Neues Wohnungsangebot — Mitte

📍 Amrumer Straße 36, 13353 
2026-05-06T13:03:30+0000 INFO Notified: ID 16583 — Amrumer Straße 36, 13353 Mitte
2026-05-06T13:03:30+0000 INFO Skipped (district Lichtenberg not in allowlist): ID 16584
2026-05-06T13:03:31+0000 INFO Telegram sent: 🏠 Neues Wohnungsangebot — Charlottenburg-Wilmersdorf

📍 Wirm
2026-05-06T13:03:31+0000 INFO Notified: ID 16585 — Wirmerzeile 1, 13627 Charlottenburg-Wilmersdorf
2026-05-06T13:03:31+0000 INFO Skipped (district Pankow not in allowlist): ID 16586
2026-05-06T15:33:22+0000 INFO Fetched page: 211 total IDs, 10 rendered details
2026-05-06T15:33:22+0000 INFO 7 new offer(s) found
2026-05-06T15:33:22+0000 INFO Skipped (district Treptow-Köpenick not in allowlist): ID 16589
2026-05-06T15:33:23+0000 INFO Telegram sent: 🏠 Neues Wohnungsangebot — Tempelhof-Schöneberg

📍 Potsdamer 
2026-05-06T15:33:23+0000 INFO Notified: ID 16590 — Potsdamer Straße 177, 10783 Tempelhof-Schöneberg
2026-05-06T15:33:23+0000 INFO Skipped (district Lichtenberg not in allowlist): ID 16591
2026-05-06T15:33:23+0000 INFO Telegram sent: 🏠 Neues Wohnungsangebot — Tempelhof-Schöneberg

📍 Maienstraß
2026-05-06T15:33:23+0000 INFO Notified: ID 16592 — Maienstraße 2, 10787 Tempelhof-Schöneberg
2026-05-06T15:33:23+0000 INFO Skipped (district Treptow-Köpenick not in allowlist): ID 16594
2026-05-06T15:33:23+0000 INFO Skipped (district Treptow-Köpenick not in allowlist): ID 16595
2026-05-06T15:33:23+0000 INFO Telegram sent: 🏠 Neues Wohnungsangebot — Mitte

📍 Leipziger Straße 56, 1011
2026-05-06T15:33:23+0000 INFO Notified: ID 16596 — Leipziger Straße 56, 10117 Mitte
2026-05-06T17:07:47+0000 INFO Fetched page: 208 total IDs, 10 rendered details
2026-05-06T17:07:47+0000 INFO 0 new offer(s) found
2026-05-06T18:57:07+0000 INFO Fetched page: 206 total IDs, 10 rendered details
2026-05-06T18:57:07+0000 INFO 0 new offer(s) found
2026-05-06T20:26:07+0000 INFO Fetched page: 204 total IDs, 10 rendered details
2026-05-06T20:26:07+0000 INFO 0 new offer(s) found
2026-05-06T21:40:16+0000 INFO Fetched page: 203 total IDs, 10 rendered details
2026-05-06T21:40:16+0000 INFO 0 new offer(s) found
2026-05-06T22:30:48+0000 INFO Fetched page: 203 total IDs, 10 rendered details
2026-05-06T22:30:48+0000 INFO 0 new offer(s) found
2026-05-06T23:30:13+0000 INFO Fetched page: 203 total IDs, 10 rendered details
2026-05-06T23:30:13+0000 INFO 0 new offer(s) found
2026-05-07T01:18:15+0000 INFO Fetched page: 203 total IDs, 10 rendered details
2026-05-07T01:18:15+0000 INFO 0 new offer(s) found
2026-05-07T04:46:56+0000 INFO Fetched page: 203 total IDs, 10 rendered details
2026-05-07T04:46:56+0000 INFO 0 new offer(s) found
2026-05-07T07:34:13+0000 INFO Fetched page: 203 total IDs, 10 rendered details
2026-05-07T07:34:13+0000 INFO 7 new offer(s) found
2026-05-07T07:34:14+0000 INFO Telegram sent: 🏠 Neues Wohnungsangebot — Neukölln

📍 Bruno-Taut-Ring 17, 12
2026-05-07T07:34:14+0000 INFO Notified: ID 16597 — Bruno-Taut-Ring 17, 12359 Neukölln
2026-05-07T07:34:14+0000 INFO Telegram sent: 🏠 Neues Wohnungsangebot — Neukölln

📍 Wutzkyallee 59, 12353 
2026-05-07T07:34:14+0000 INFO Notified: ID 16598 — Wutzkyallee 59, 12353 Neukölln
2026-05-07T07:34:14+0000 INFO Telegram sent: 🏠 Neues Wohnungsangebot — Neukölln

📍 Theodor-Loos-Weg 11, 1
2026-05-07T07:34:14+0000 INFO Notified: ID 16599 — Theodor-Loos-Weg 11, 12353 Neukölln
2026-05-07T07:34:14+0000 INFO Skipped (district Treptow-Köpenick not in allowlist): ID 16600
2026-05-07T07:34:14+0000 INFO Skipped (district Lichtenberg not in allowlist): ID 16601
2026-05-07T07:34:14+0000 INFO Skipped (district Marzahn-Hellersdorf not in allowlist): ID 16602
2026-05-07T07:34:14+0000 INFO Skipped (district Treptow-Köpenick not in allowlist): ID 16603
2026-05-07T10:04:21+0000 INFO Fetched page: 214 total IDs, 10 rendered details
2026-05-07T10:04:21+0000 INFO 28 new offer(s) found
2026-05-07T10:04:21+0000 WARNING ID 16604 not in top-10 details (>10 new in one window?)
2026-05-07T10:04:21+0000 INFO Telegram sent: 🏠 New offer (ID 16604) — details not rendered, see site:
🔗 h
2026-05-07T10:04:21+0000 WARNING ID 16606 not in top-10 details (>10 new in one window?)
2026-05-07T10:04:22+0000 INFO Telegram sent: 🏠 New offer (ID 16606) — details not rendered, see site:
🔗 h
2026-05-07T10:04:22+0000 WARNING ID 16607 not in top-10 details (>10 new in one window?)
2026-05-07T10:04:22+0000 INFO Telegram sent: 🏠 New offer (ID 16607) — details not rendered, see site:
🔗 h
2026-05-07T10:04:22+0000 WARNING ID 16608 not in top-10 details (>10 new in one window?)
2026-05-07T10:04:23+0000 INFO Telegram sent: 🏠 New offer (ID 16608) — details not rendered, see site:
🔗 h
2026-05-07T10:04:23+0000 WARNING ID 16609 not in top-10 details (>10 new in one window?)
2026-05-07T10:04:23+0000 INFO Telegram sent: 🏠 New offer (ID 16609) — details not rendered, see site:
🔗 h
2026-05-07T10:04:23+0000 WARNING ID 16610 not in top-10 details (>10 new in one window?)
2026-05-07T10:04:24+0000 INFO Telegram sent: 🏠 New offer (ID 16610) — details not rendered, see site:
🔗 h
2026-05-07T10:04:24+0000 WARNING ID 16611 not in top-10 details (>10 new in one window?)
2026-05-07T10:04:24+0000 INFO Telegram sent: 🏠 New offer (ID 16611) — details not rendered, see site:
🔗 h
2026-05-07T10:04:24+0000 WARNING ID 16612 not in top-10 details (>10 new in one window?)
2026-05-07T10:04:24+0000 INFO Telegram sent: 🏠 New offer (ID 16612) — details not rendered, see site:
🔗 h
2026-05-07T10:04:24+0000 WARNING ID 16613 not in top-10 details (>10 new in one window?)
2026-05-07T10:04:25+0000 INFO Telegram sent: 🏠 New offer (ID 16613) — details not rendered, see site:
🔗 h
2026-05-07T10:04:25+0000 WARNING ID 16614 not in top-10 details (>10 new in one window?)
2026-05-07T10:04:25+0000 INFO Telegram sent: 🏠 New offer (ID 16614) — details not rendered, see site:
🔗 h
2026-05-07T10:04:25+0000 WARNING ID 16615 not in top-10 details (>10 new in one window?)
2026-05-07T10:04:26+0000 INFO Telegram sent: 🏠 New offer (ID 16615) — details not rendered, see site:
🔗 h
2026-05-07T10:04:26+0000 WARNING ID 16616 not in top-10 details (>10 new in one window?)
2026-05-07T10:04:26+0000 INFO Telegram sent: 🏠 New offer (ID 16616) — details not rendered, see site:
🔗 h
2026-05-07T10:04:26+0000 WARNING ID 16617 not in top-10 details (>10 new in one window?)
2026-05-07T10:04:27+0000 INFO Telegram sent: 🏠 New offer (ID 16617) — details not rendered, see site:
🔗 h
2026-05-07T10:04:27+0000 WARNING ID 16618 not in top-10 details (>10 new in one window?)
2026-05-07T10:04:27+0000 INFO Telegram sent: 🏠 New offer (ID 16618) — details not rendered, see site:
🔗 h
2026-05-07T10:04:27+0000 WARNING ID 16619 not in top-10 details (>10 new in one window?)
2026-05-07T10:04:28+0000 INFO Telegram sent: 🏠 New offer (ID 16619) — details not rendered, see site:
🔗 h
2026-05-07T10:04:28+0000 WARNING ID 16620 not in top-10 details (>10 new in one window?)
2026-05-07T10:04:28+0000 INFO Telegram sent: 🏠 New offer (ID 16620) — details not rendered, see site:
🔗 h
2026-05-07T10:04:28+0000 WARNING ID 16621 not in top-10 details (>10 new in one window?)
2026-05-07T10:04:28+0000 INFO Telegram sent: 🏠 New offer (ID 16621) — details not rendered, see site:
🔗 h
2026-05-07T10:04:28+0000 WARNING ID 16622 not in top-10 details (>10 new in one window?)
2026-05-07T10:04:29+0000 INFO Telegram sent: 🏠 New offer (ID 16622) — details not rendered, see site:
🔗 h
2026-05-07T10:04:29+0000 INFO Skipped (district Marzahn-Hellersdorf not in allowlist): ID 16624
2026-05-07T10:04:29+0000 INFO Skipped (district Marzahn-Hellersdorf not in allowlist): ID 16625
2026-05-07T10:04:29+0000 INFO Skipped (district Lichtenberg not in allowlist): ID 16626
2026-05-07T10:04:29+0000 INFO Skipped (district Lichtenberg not in allowlist): ID 16627
2026-05-07T10:04:29+0000 INFO Skipped (district Marzahn-Hellersdorf not in allowlist): ID 16628
2026-05-07T10:04:29+0000 INFO Skipped (district Pankow not in allowlist): ID 16629
2026-05-07T10:04:29+0000 INFO Telegram sent: 🏠 Neues Wohnungsangebot — Charlottenburg-Wilmersdorf

📍 Klau
2026-05-07T10:04:29+0000 INFO Notified: ID 16630 — Klausingring 13, 13627 Charlottenburg-Wilmersdorf
2026-05-07T10:04:29+0000 INFO Skipped (district Steglitz-Zehlendorf not in allowlist): ID 16631
2026-05-07T10:04:29+0000 INFO Skipped (district Lichtenberg not in allowlist): ID 16632
2026-05-07T10:04:29+0000 INFO Skipped (district Marzahn-Hellersdorf not in allowlist): ID 16633
2026-05-07T12:01:56+0000 INFO Fetched page: 219 total IDs, 10 rendered details
2026-05-07T12:01:56+0000 INFO 11 new offer(s) found
2026-05-07T12:01:56+0000 WARNING ID 16634 not in top-10 details (>10 new in one window?)
2026-05-07T12:01:56+0000 INFO Telegram sent: 🏠 New offer (ID 16634) — details not rendered, see site:
🔗 h
2026-05-07T12:01:57+0000 INFO Telegram sent: 🏠 Neues Wohnungsangebot — Charlottenburg-Wilmersdorf

📍 West
2026-05-07T12:01:57+0000 INFO Notified: ID 16635 — Westfälische Straße 79, 10709 Charlottenburg-Wilmersdorf
2026-05-07T12:01:57+0000 INFO Skipped (district Reinickendorf not in allowlist): ID 16636
2026-05-07T12:01:57+0000 INFO Skipped (district Lichtenberg not in allowlist): ID 16637
2026-05-07T12:01:57+0000 INFO Skipped (district Marzahn-Hellersdorf not in allowlist): ID 16638
2026-05-07T12:01:57+0000 INFO Skipped (district Pankow not in allowlist): ID 16639
2026-05-07T12:01:57+0000 INFO Skipped (district Marzahn-Hellersdorf not in allowlist): ID 16640
2026-05-07T12:01:57+0000 INFO Telegram sent: 🏠 Neues Wohnungsangebot — Mitte

📍 Seydelstraße 31, 10117 Mi
2026-05-07T12:01:57+0000 INFO Notified: ID 16641 — Seydelstraße 31, 10117 Mitte
2026-05-07T12:01:58+0000 INFO Telegram sent: 🏠 Neues Wohnungsangebot — Friedrichshain-Kreuzberg

📍 Böckle
2026-05-07T12:01:58+0000 INFO Notified: ID 16642 — Böcklerstraße 2, 10969 Friedrichshain-Kreuzberg
2026-05-07T12:01:58+0000 INFO Skipped (district Lichtenberg not in allowlist): ID 16643
2026-05-07T12:01:58+0000 INFO Skipped (district Lichtenberg not in allowlist): ID 16644
2026-05-07T14:43:30+0000 INFO Fetched page: 228 total IDs, 10 rendered details
2026-05-07T14:43:30+0000 INFO 23 new offer(s) found
2026-05-07T14:43:30+0000 WARNING ID 16645 not in top-10 details (>10 new in one window?)
2026-05-07T14:43:30+0000 INFO Telegram sent: 🏠 New offer (ID 16645) — details not rendered, see site:
🔗 h
2026-05-07T14:43:30+0000 WARNING ID 16646 not in top-10 details (>10 new in one window?)
2026-05-07T14:43:31+0000 INFO Telegram sent: 🏠 New offer (ID 16646) — details not rendered, see site:
🔗 h
2026-05-07T14:43:31+0000 WARNING ID 16647 not in top-10 details (>10 new in one window?)
2026-05-07T14:43:31+0000 INFO Telegram sent: 🏠 New offer (ID 16647) — details not rendered, see site:
🔗 h
2026-05-07T14:43:31+0000 WARNING ID 16648 not in top-10 details (>10 new in one window?)
2026-05-07T14:43:32+0000 INFO Telegram sent: 🏠 New offer (ID 16648) — details not rendered, see site:
🔗 h
2026-05-07T14:43:32+0000 WARNING ID 16650 not in top-10 details (>10 new in one window?)
2026-05-07T14:43:32+0000 INFO Telegram sent: 🏠 New offer (ID 16650) — details not rendered, see site:
🔗 h
2026-05-07T14:43:32+0000 WARNING ID 16651 not in top-10 details (>10 new in one window?)
2026-05-07T14:43:33+0000 INFO Telegram sent: 🏠 New offer (ID 16651) — details not rendered, see site:
🔗 h
2026-05-07T14:43:33+0000 WARNING ID 16652 not in top-10 details (>10 new in one window?)
2026-05-07T14:43:33+0000 INFO Telegram sent: 🏠 New offer (ID 16652) — details not rendered, see site:
🔗 h
2026-05-07T14:43:33+0000 WARNING ID 16653 not in top-10 details (>10 new in one window?)
2026-05-07T14:43:34+0000 INFO Telegram sent: 🏠 New offer (ID 16653) — details not rendered, see site:
🔗 h
2026-05-07T14:43:34+0000 WARNING ID 16654 not in top-10 details (>10 new in one window?)
2026-05-07T14:43:34+0000 INFO Telegram sent: 🏠 New offer (ID 16654) — details not rendered, see site:
🔗 h
2026-05-07T14:43:34+0000 WARNING ID 16655 not in top-10 details (>10 new in one window?)
2026-05-07T14:43:35+0000 INFO Telegram sent: 🏠 New offer (ID 16655) — details not rendered, see site:
🔗 h
2026-05-07T14:43:35+0000 WARNING ID 16656 not in top-10 details (>10 new in one window?)
2026-05-07T14:43:35+0000 INFO Telegram sent: 🏠 New offer (ID 16656) — details not rendered, see site:
🔗 h
2026-05-07T14:43:35+0000 WARNING ID 16657 not in top-10 details (>10 new in one window?)
2026-05-07T14:43:36+0000 INFO Telegram sent: 🏠 New offer (ID 16657) — details not rendered, see site:
🔗 h
2026-05-07T14:43:36+0000 WARNING ID 16659 not in top-10 details (>10 new in one window?)
2026-05-07T14:43:36+0000 INFO Telegram sent: 🏠 New offer (ID 16659) — details not rendered, see site:
🔗 h
2026-05-07T14:43:37+0000 INFO Telegram sent: 🏠 Neues Wohnungsangebot — Friedrichshain-Kreuzberg

📍 Singer
2026-05-07T14:43:37+0000 INFO Notified: ID 16660 — Singerstraße 83, 10243 Friedrichshain-Kreuzberg
2026-05-07T14:43:37+0000 INFO Telegram sent: 🏠 Neues Wohnungsangebot — Friedrichshain-Kreuzberg

📍 Singer
2026-05-07T14:43:37+0000 INFO Notified: ID 16661 — Singerstraße 83, 10243 Friedrichshain-Kreuzberg
2026-05-07T14:43:38+0000 INFO Telegram sent: 🏠 Neues Wohnungsangebot — Mitte

📍 Wiclefstraße 65, 10551 Mi
2026-05-07T14:43:38+0000 INFO Notified: ID 16662 — Wiclefstraße 65, 10551 Mitte
2026-05-07T14:43:38+0000 INFO Telegram sent: 🏠 Neues Wohnungsangebot — Mitte

📍 Wiclefstraße 65, 10551 Mi
2026-05-07T14:43:38+0000 INFO Notified: ID 16663 — Wiclefstraße 65, 10551 Mitte
2026-05-07T14:43:39+0000 INFO Telegram sent: 🏠 Neues Wohnungsangebot — Mitte

📍 Wiclefstraße 65, 10551 Mi
2026-05-07T14:43:39+0000 INFO Notified: ID 16664 — Wiclefstraße 65, 10551 Mitte
2026-05-07T14:43:39+0000 INFO Skipped (district Spandau not in allowlist): ID 16665
2026-05-07T14:43:39+0000 INFO Skipped (district Spandau not in allowlist): ID 16666
2026-05-07T14:43:39+0000 INFO Skipped (district Spandau not in allowlist): ID 16667
2026-05-07T14:43:39+0000 INFO Skipped (district Treptow-Köpenick not in allowlist): ID 16668
2026-05-07T14:43:39+0000 INFO Skipped (district Treptow-Köpenick not in allowlist): ID 16669
2026-05-07T16:28:01+0000 INFO Fetched page: 227 total IDs, 10 rendered details
2026-05-07T16:28:01+0000 INFO 5 new offer(s) found
2026-05-07T16:28:01+0000 INFO Skipped (district Treptow-Köpenick not in allowlist): ID 16670
2026-05-07T16:28:01+0000 INFO Skipped (district Treptow-Köpenick not in allowlist): ID 16671
2026-05-07T16:28:01+0000 INFO Skipped (district Treptow-Köpenick not in allowlist): ID 16672
2026-05-07T16:28:01+0000 INFO Skipped (district Spandau not in allowlist): ID 16673
2026-05-07T16:28:01+0000 INFO Skipped (district Spandau not in allowlist): ID 16674
2026-05-07T18:08:59+0000 INFO Fetched page: 223 total IDs, 10 rendered details
2026-05-07T18:08:59+0000 INFO 4 new offer(s) found
2026-05-07T18:08:59+0000 INFO Skipped (district Spandau not in allowlist): ID 16675
2026-05-07T18:09:00+0000 INFO Telegram sent: 🏠 Neues Wohnungsangebot — Friedrichshain-Kreuzberg

📍 Löwest
2026-05-07T18:09:00+0000 INFO Notified: ID 16676 — Löwestraße 29, 10249 Friedrichshain-Kreuzberg
2026-05-07T18:09:01+0000 INFO Telegram sent: 🏠 Neues Wohnungsangebot — Friedrichshain-Kreuzberg

📍 Löwest
2026-05-07T18:09:01+0000 INFO Notified: ID 16677 — Löwestraße 29, 10249 Friedrichshain-Kreuzberg
2026-05-07T18:09:01+0000 INFO Telegram sent: 🏠 Neues Wohnungsangebot — Friedrichshain-Kreuzberg

📍 Kleine
2026-05-07T18:09:01+0000 INFO Notified: ID 16678 — Kleine Markusstraße 5, 10243 Friedrichshain-Kreuzberg
2026-05-07T19:53:24+0000 INFO Fetched page: 218 total IDs, 10 rendered details
2026-05-07T19:53:24+0000 INFO 0 new offer(s) found
2026-05-07T20:59:56+0000 INFO Fetched page: 218 total IDs, 10 rendered details
2026-05-07T20:59:56+0000 INFO 0 new offer(s) found
2026-05-07T22:11:21+0000 INFO Fetched page: 218 total IDs, 10 rendered details
2026-05-07T22:11:21+0000 INFO 0 new offer(s) found
2026-05-07T23:11:41+0000 INFO Fetched page: 216 total IDs, 10 rendered details
2026-05-07T23:11:41+0000 INFO 0 new offer(s) found
2026-05-08T00:07:15+0000 INFO Fetched page: 215 total IDs, 10 rendered details
2026-05-08T00:07:15+0000 INFO 0 new offer(s) found
2026-05-08T03:51:33+0000 INFO Fetched page: 215 total IDs, 10 rendered details
2026-05-08T03:51:33+0000 INFO 0 new offer(s) found
2026-05-08T05:50:03+0000 INFO Fetched page: 212 total IDs, 10 rendered details
2026-05-08T05:50:03+0000 INFO 2 new offer(s) found
2026-05-08T05:50:03+0000 INFO Skipped (district Treptow-Köpenick not in allowlist): ID 16680
2026-05-08T05:50:03+0000 INFO Skipped (district Lichtenberg not in allowlist): ID 16681
2026-05-08T07:11:27+0000 INFO Fetched page: 209 total IDs, 10 rendered details
2026-05-08T07:11:27+0000 INFO 6 new offer(s) found
2026-05-08T07:11:27+0000 INFO Skipped (district Treptow-Köpenick not in allowlist): ID 16682
2026-05-08T07:11:27+0000 INFO Skipped (district Lichtenberg not in allowlist): ID 16683
2026-05-08T07:11:27+0000 INFO Skipped (district Lichtenberg not in allowlist): ID 16684
2026-05-08T07:11:27+0000 INFO Telegram sent: 🏠 Neues Wohnungsangebot — Neukölln

📍 Neuköllner Straße 276A
2026-05-08T07:11:27+0000 INFO Notified: ID 16685 — Neuköllner Straße 276A, 12357 Neukölln
2026-05-08T07:11:28+0000 INFO Telegram sent: 🏠 Neues Wohnungsangebot — Neukölln

📍 Agnes-Straub-Weg 1, 12
2026-05-08T07:11:28+0000 INFO Notified: ID 16686 — Agnes-Straub-Weg 1, 12353 Neukölln
2026-05-08T07:11:28+0000 INFO Telegram sent: 🏠 Neues Wohnungsangebot — Neukölln

📍 Rudower Straße 52, 123
2026-05-08T07:11:28+0000 INFO Notified: ID 16687 — Rudower Straße 52, 12351 Neukölln
2026-05-08T08:49:51+0000 INFO Fetched page: 214 total IDs, 10 rendered details
2026-05-08T08:49:51+0000 INFO 9 new offer(s) found
2026-05-08T08:49:51+0000 INFO Skipped (district Lichtenberg not in allowlist): ID 16688
2026-05-08T08:49:52+0000 INFO Telegram sent: 🏠 Neues Wohnungsangebot — Mitte

📍 Heubuder Straße 5, 13359 
2026-05-08T08:49:52+0000 INFO Notified: ID 16689 — Heubuder Straße 5, 13359 Mitte
2026-05-08T08:49:52+0000 INFO Skipped (district Treptow-Köpenick not in allowlist): ID 16690
2026-05-08T08:49:52+0000 INFO Telegram sent: 🏠 Neues Wohnungsangebot — Mitte

📍 Frauenfelder Weg 1B, 1340
2026-05-08T08:49:52+0000 INFO Notified: ID 16692 — Frauenfelder Weg 1B, 13407 Mitte
2026-05-08T08:49:52+0000 INFO Skipped (district Treptow-Köpenick not in allowlist): ID 16693
2026-05-08T08:49:52+0000 INFO Skipped (district Lichtenberg not in allowlist): ID 16694
2026-05-08T08:49:53+0000 INFO Telegram sent: 🏠 Neues Wohnungsangebot — Tempelhof-Schöneberg

📍 Westphalwe
2026-05-08T08:49:53+0000 INFO Notified: ID 16695 — Westphalweg 7, 12109 Tempelhof-Schöneberg
2026-05-08T08:49:53+0000 INFO Telegram sent: 🏠 Neues Wohnungsangebot — Tempelhof-Schöneberg

📍 Grüntenstr
2026-05-08T08:49:53+0000 INFO Notified: ID 16696 — Grüntenstraße 76, 12107 Tempelhof-Schöneberg
2026-05-08T08:49:53+0000 INFO Skipped (district Lichtenberg not in allowlist): ID 16697
2026-05-08T10:12:19+0000 INFO Fetched page: 217 total IDs, 10 rendered details
2026-05-08T10:12:19+0000 INFO 8 new offer(s) found
2026-05-08T10:12:19+0000 INFO Skipped (district Marzahn-Hellersdorf not in allowlist): ID 16698
2026-05-08T10:12:19+0000 INFO Telegram sent: 🏠 Neues Wohnungsangebot — Charlottenburg-Wilmersdorf

📍 Schl
2026-05-08T10:12:19+0000 INFO Notified: ID 16699 — Schlangenbader Straße 29C, 14197 Charlottenburg-Wilmersdorf
2026-05-08T10:12:19+0000 INFO Telegram sent: 🏠 Neues Wohnungsangebot — Neukölln

📍 Heinrich-Schlusnus-Str
2026-05-08T10:12:19+0000 INFO Notified: ID 16701 — Heinrich-Schlusnus-Straße 8, 12057 Neukölln
2026-05-08T10:12:19+0000 INFO Skipped (district Lichtenberg not in allowlist): ID 16703
2026-05-08T10:12:20+0000 INFO Telegram sent: 🏠 Neues Wohnungsangebot — Neukölln

📍 Delphinstraße 4, 12057
2026-05-08T10:12:20+0000 INFO Notified: ID 16704 — Delphinstraße 4, 12057 Neukölln
2026-05-08T10:12:20+0000 INFO Skipped (district Marzahn-Hellersdorf not in allowlist): ID 16705
2026-05-08T10:12:20+0000 INFO Skipped (district Lichtenberg not in allowlist): ID 16706
2026-05-08T10:12:20+0000 INFO Skipped (district Treptow-Köpenick not in allowlist): ID 16707
2026-05-08T11:46:35+0000 INFO Fetched page: 215 total IDs, 10 rendered details
2026-05-08T11:46:35+0000 INFO 5 new offer(s) found
2026-05-08T11:46:35+0000 INFO Skipped (district Marzahn-Hellersdorf not in allowlist): ID 16708
2026-05-08T11:46:35+0000 INFO Skipped (district Marzahn-Hellersdorf not in allowlist): ID 16709
2026-05-08T11:46:35+0000 INFO Skipped (district Treptow-Köpenick not in allowlist): ID 16710
2026-05-08T11:46:36+0000 INFO Telegram sent: 🏠 Neues Wohnungsangebot — Neukölln

📍 Walter-Franck-Zeile 3A
2026-05-08T11:46:36+0000 INFO Notified: ID 16711 — Walter-Franck-Zeile 3A, 12353 Neukölln
2026-05-08T11:46:36+0000 INFO Skipped (district Lichtenberg not in allowlist): ID 16712
2026-05-08T13:00:48+0000 INFO Fetched page: 214 total IDs, 10 rendered details
2026-05-08T13:00:48+0000 INFO 5 new offer(s) found
2026-05-08T13:00:48+0000 INFO Skipped (district Lichtenberg not in allowlist): ID 16713
2026-05-08T13:00:48+0000 INFO Skipped (district Pankow not in allowlist): ID 16714
2026-05-08T13:00:49+0000 INFO Telegram sent: 🏠 Neues Wohnungsangebot — Neukölln

📍 Fritz-Erler-Allee 36, 
2026-05-08T13:00:49+0000 INFO Notified: ID 16715 — Fritz-Erler-Allee 36, 12351 Neukölln
2026-05-08T13:00:49+0000 INFO Telegram sent: 🏠 Neues Wohnungsangebot — Tempelhof-Schöneberg

📍 Waldsassen
2026-05-08T13:00:49+0000 INFO Notified: ID 16716 — Waldsassener Straße 34, 12279 Tempelhof-Schöneberg
2026-05-08T13:00:49+0000 INFO Skipped (district Treptow-Köpenick not in allowlist): ID 16717
2026-05-08T15:00:16+0000 INFO Fetched page: 221 total IDs, 10 rendered details
2026-05-08T15:00:16+0000 INFO 10 new offer(s) found
2026-05-08T15:00:16+0000 INFO Skipped (district Pankow not in allowlist): ID 16718
2026-05-08T15:00:16+0000 INFO Skipped (district Pankow not in allowlist): ID 16719
2026-05-08T15:00:16+0000 INFO Telegram sent: 🏠 Neues Wohnungsangebot — Charlottenburg-Wilmersdorf

📍 Dill
2026-05-08T15:00:16+0000 INFO Notified: ID 16720 — Dillenburger Straße 54, 14199 Charlottenburg-Wilmersdorf
2026-05-08T15:00:16+0000 INFO Skipped (district Treptow-Köpenick not in allowlist): ID 16721
2026-05-08T15:00:16+0000 INFO Skipped (district Pankow not in allowlist): ID 16722
2026-05-08T15:00:17+0000 INFO Telegram sent: 🏠 Neues Wohnungsangebot — Charlottenburg-Wilmersdorf

📍 Geit
2026-05-08T15:00:17+0000 INFO Notified: ID 16723 — Geitelsteig 19, 13627 Charlottenburg-Wilmersdorf
2026-05-08T15:00:17+0000 INFO Skipped (district Pankow not in allowlist): ID 16724
2026-05-08T15:00:17+0000 INFO Telegram sent: 🏠 Neues Wohnungsangebot — Charlottenburg-Wilmersdorf

📍 Schl
2026-05-08T15:00:17+0000 INFO Notified: ID 16725 — Schlangenbader Straße 32B, 14197 Charlottenburg-Wilmersdorf
2026-05-08T15:00:17+0000 INFO Telegram sent: 🏠 Neues Wohnungsangebot — Charlottenburg-Wilmersdorf

📍 Schl
2026-05-08T15:00:17+0000 INFO Notified: ID 16726 — Schlangenbader Straße 15C, 14197 Charlottenburg-Wilmersdorf
2026-05-08T15:00:18+0000 INFO Telegram sent: 🏠 Neues Wohnungsangebot — Charlottenburg-Wilmersdorf

📍 Schl
2026-05-08T15:00:18+0000 INFO Notified: ID 16727 — Schlangenbader Straße 11, 14197 Charlottenburg-Wilmersdorf
2026-05-08T16:23:40+0000 INFO Fetched page: 223 total IDs, 10 rendered details
2026-05-08T16:23:40+0000 INFO 3 new offer(s) found
2026-05-08T16:23:40+0000 INFO Skipped (district Treptow-Köpenick not in allowlist): ID 16728
2026-05-08T16:23:40+0000 INFO Skipped (district Treptow-Köpenick not in allowlist): ID 16729
2026-05-08T16:23:40+0000 INFO Skipped (district Lichtenberg not in allowlist): ID 16730
2026-05-08T17:51:08+0000 INFO Fetched page: 223 total IDs, 10 rendered details
2026-05-08T17:51:08+0000 INFO 1 new offer(s) found
2026-05-08T17:51:08+0000 INFO Skipped (district Spandau not in allowlist): ID 16731
2026-05-08T19:00:25+0000 INFO Fetched page: 225 total IDs, 10 rendered details
2026-05-08T19:00:25+0000 INFO 2 new offer(s) found
2026-05-08T19:00:26+0000 INFO Telegram sent: 🏠 Neues Wohnungsangebot — Friedrichshain-Kreuzberg

📍 Platz 
2026-05-08T19:00:26+0000 INFO Notified: ID 16732 — Platz der Vereinten Nationen 32, 10249 Friedrichshain-Kreuzberg
2026-05-08T19:00:26+0000 INFO Telegram sent: 🏠 Neues Wohnungsangebot — Friedrichshain-Kreuzberg

📍 Straus
2026-05-08T19:00:26+0000 INFO Notified: ID 16734 — Strausberger Straße 8A, 10243 Friedrichshain-Kreuzberg
2026-05-08T20:12:56+0000 INFO Fetched page: 222 total IDs, 10 rendered details
2026-05-08T20:12:56+0000 INFO 0 new offer(s) found
2026-05-08T21:17:17+0000 INFO Fetched page: 222 total IDs, 10 rendered details
2026-05-08T21:17:17+0000 INFO 0 new offer(s) found
2026-05-08T22:14:58+0000 INFO Fetched page: 222 total IDs, 10 rendered details
2026-05-08T22:14:58+0000 INFO 0 new offer(s) found
2026-05-08T23:12:57+0000 INFO Fetched page: 219 total IDs, 10 rendered details
2026-05-08T23:12:57+0000 INFO 0 new offer(s) found
2026-05-09T00:11:32+0000 INFO Fetched page: 219 total IDs, 10 rendered details
2026-05-09T00:11:32+0000 INFO 0 new offer(s) found
2026-05-09T03:56:34+0000 INFO Fetched page: 218 total IDs, 10 rendered details
2026-05-09T03:56:34+0000 INFO 0 new offer(s) found
2026-05-09T06:18:45+0000 INFO Fetched page: 214 total IDs, 10 rendered details
2026-05-09T06:18:45+0000 INFO 0 new offer(s) found
2026-05-09T08:14:07+0000 INFO Fetched page: 214 total IDs, 10 rendered details
2026-05-09T08:14:07+0000 INFO 0 new offer(s) found
2026-05-09T09:44:56+0000 INFO Fetched page: 215 total IDs, 10 rendered details
2026-05-09T09:44:56+0000 INFO 1 new offer(s) found
2026-05-09T09:44:56+0000 INFO Skipped (district Lichtenberg not in allowlist): ID 16735
2026-05-09T10:40:33+0000 INFO Fetched page: 215 total IDs, 10 rendered details
2026-05-09T10:40:33+0000 INFO 0 new offer(s) found
2026-05-09T11:35:08+0000 INFO Fetched page: 215 total IDs, 10 rendered details
2026-05-09T11:35:08+0000 INFO 0 new offer(s) found
2026-05-09T12:38:42+0000 INFO Fetched page: 214 total IDs, 10 rendered details
2026-05-09T12:38:42+0000 INFO 0 new offer(s) found
2026-05-09T14:05:18+0000 INFO Fetched page: 213 total IDs, 10 rendered details
2026-05-09T14:05:18+0000 INFO 0 new offer(s) found
2026-05-09T15:08:54+0000 INFO Fetched page: 213 total IDs, 10 rendered details
2026-05-09T15:08:54+0000 INFO 0 new offer(s) found
2026-05-09T16:06:48+0000 INFO Fetched page: 213 total IDs, 10 rendered details
2026-05-09T16:06:48+0000 INFO 0 new offer(s) found
2026-05-09T17:09:42+0000 INFO Fetched page: 214 total IDs, 10 rendered details
2026-05-09T17:09:42+0000 INFO 1 new offer(s) found
2026-05-09T17:09:42+0000 INFO Skipped (district Reinickendorf not in allowlist): ID 16736
2026-05-09T18:04:35+0000 INFO Fetched page: 214 total IDs, 10 rendered details
2026-05-09T18:04:35+0000 INFO 0 new offer(s) found
2026-05-09T19:18:33+0000 INFO Fetched page: 214 total IDs, 10 rendered details
2026-05-09T19:18:33+0000 INFO 0 new offer(s) found
2026-05-09T20:04:54+0000 INFO Fetched page: 214 total IDs, 10 rendered details
2026-05-09T20:04:54+0000 INFO 0 new offer(s) found
2026-05-09T20:59:20+0000 INFO Fetched page: 214 total IDs, 10 rendered details
2026-05-09T20:59:20+0000 INFO 0 new offer(s) found
2026-05-09T21:55:25+0000 INFO Fetched page: 214 total IDs, 10 rendered details
2026-05-09T21:55:25+0000 INFO 0 new offer(s) found
2026-05-09T22:42:39+0000 INFO Fetched page: 214 total IDs, 10 rendered details
2026-05-09T22:42:39+0000 INFO 0 new offer(s) found
2026-05-09T23:31:56+0000 INFO Fetched page: 214 total IDs, 10 rendered details
2026-05-09T23:31:56+0000 INFO 0 new offer(s) found
2026-05-10T01:23:18+0000 INFO Fetched page: 214 total IDs, 10 rendered details
2026-05-10T01:23:18+0000 INFO 0 new offer(s) found
2026-05-10T04:59:28+0000 INFO Fetched page: 213 total IDs, 10 rendered details
2026-05-10T04:59:28+0000 INFO 0 new offer(s) found
2026-05-10T07:30:17+0000 INFO Fetched page: 213 total IDs, 10 rendered details
2026-05-10T07:30:17+0000 INFO 0 new offer(s) found
2026-05-10T09:14:37+0000 INFO Fetched page: 213 total IDs, 10 rendered details
2026-05-10T09:14:37+0000 INFO 0 new offer(s) found
2026-05-10T10:40:00+0000 INFO Fetched page: 213 total IDs, 10 rendered details
2026-05-10T10:40:00+0000 INFO 0 new offer(s) found
2026-05-10T11:33:13+0000 INFO Fetched page: 213 total IDs, 10 rendered details
2026-05-10T11:33:13+0000 INFO 0 new offer(s) found
2026-05-10T12:36:11+0000 INFO Fetched page: 213 total IDs, 10 rendered details
2026-05-10T12:36:11+0000 INFO 0 new offer(s) found
2026-05-10T14:04:47+0000 INFO Fetched page: 213 total IDs, 10 rendered details
2026-05-10T14:04:47+0000 INFO 0 new offer(s) found
2026-05-10T15:09:23+0000 INFO Fetched page: 213 total IDs, 10 rendered details
2026-05-10T15:09:23+0000 INFO 0 new offer(s) found
2026-05-10T16:08:47+0000 INFO Fetched page: 213 total IDs, 10 rendered details
2026-05-10T16:08:47+0000 INFO 0 new offer(s) found
2026-05-10T17:12:08+0000 INFO Fetched page: 213 total IDs, 10 rendered details
2026-05-10T17:12:08+0000 INFO 0 new offer(s) found
2026-05-10T18:06:41+0000 INFO Fetched page: 213 total IDs, 10 rendered details
2026-05-10T18:06:41+0000 INFO 0 new offer(s) found
2026-05-10T19:21:00+0000 INFO Fetched page: 213 total IDs, 10 rendered details
2026-05-10T19:21:00+0000 INFO 0 new offer(s) found
2026-05-10T20:07:08+0000 INFO Fetched page: 213 total IDs, 10 rendered details
2026-05-10T20:07:08+0000 INFO 0 new offer(s) found
2026-05-10T21:03:55+0000 INFO Fetched page: 213 total IDs, 10 rendered details
2026-05-10T21:03:55+0000 INFO 0 new offer(s) found
2026-05-10T22:00:01+0000 INFO Fetched page: 211 total IDs, 10 rendered details
2026-05-10T22:00:01+0000 INFO 0 new offer(s) found
2026-05-10T22:58:54+0000 INFO Fetched page: 211 total IDs, 10 rendered details
2026-05-10T22:58:54+0000 INFO 0 new offer(s) found
2026-05-11T00:00:14+0000 INFO Fetched page: 211 total IDs, 10 rendered details
2026-05-11T00:00:14+0000 INFO 0 new offer(s) found
2026-05-11T04:16:51+0000 INFO Fetched page: 210 total IDs, 10 rendered details
2026-05-11T04:16:51+0000 INFO 0 new offer(s) found
2026-05-11T07:55:55+0000 INFO Fetched page: 205 total IDs, 10 rendered details
2026-05-11T07:55:55+0000 INFO 8 new offer(s) found
2026-05-11T07:55:56+0000 INFO Telegram sent: 🏠 Neues Wohnungsangebot — Neukölln

📍 Neudecker Weg 121, 123
2026-05-11T07:55:56+0000 INFO Notified: ID 16737 — Neudecker Weg 121, 12355 Neukölln
2026-05-11T07:55:56+0000 INFO Skipped (district Marzahn-Hellersdorf not in allowlist): ID 16738
2026-05-11T07:55:56+0000 INFO Skipped (district Spandau not in allowlist): ID 16740
2026-05-11T07:55:56+0000 INFO Skipped (district Steglitz-Zehlendorf not in allowlist): ID 16741
2026-05-11T07:55:56+0000 INFO Skipped (district Marzahn-Hellersdorf not in allowlist): ID 16742
2026-05-11T07:55:56+0000 INFO Skipped (district Lichtenberg not in allowlist): ID 16743
2026-05-11T07:55:56+0000 INFO Skipped (district Pankow not in allowlist): ID 16744
2026-05-11T07:55:56+0000 INFO Telegram sent: 🏠 Neues Wohnungsangebot — Mitte

📍 Lortzingstraße 15, 13355 
2026-05-11T07:55:56+0000 INFO Notified: ID 16745 — Lortzingstraße 15, 13355 Mitte
2026-05-11T11:22:26+0000 INFO Fetched page: 214 total IDs, 10 rendered details
2026-05-11T11:22:26+0000 INFO 23 new offer(s) found
2026-05-11T11:22:26+0000 WARNING ID 16746 not in top-10 details (>10 new in one window?)
2026-05-11T11:22:26+0000 INFO Telegram sent: 🏠 New offer (ID 16746) — details not rendered, see site:
🔗 h
2026-05-11T11:22:26+0000 WARNING ID 16747 not in top-10 details (>10 new in one window?)
2026-05-11T11:22:27+0000 INFO Telegram sent: 🏠 New offer (ID 16747) — details not rendered, see site:
🔗 h
2026-05-11T11:22:27+0000 WARNING ID 16748 not in top-10 details (>10 new in one window?)
2026-05-11T11:22:27+0000 INFO Telegram sent: 🏠 New offer (ID 16748) — details not rendered, see site:
🔗 h
2026-05-11T11:22:27+0000 WARNING ID 16749 not in top-10 details (>10 new in one window?)
2026-05-11T11:22:27+0000 INFO Telegram sent: 🏠 New offer (ID 16749) — details not rendered, see site:
🔗 h
2026-05-11T11:22:27+0000 WARNING ID 16750 not in top-10 details (>10 new in one window?)
2026-05-11T11:22:28+0000 INFO Telegram sent: 🏠 New offer (ID 16750) — details not rendered, see site:
🔗 h
2026-05-11T11:22:28+0000 WARNING ID 16751 not in top-10 details (>10 new in one window?)
2026-05-11T11:22:28+0000 INFO Telegram sent: 🏠 New offer (ID 16751) — details not rendered, see site:
🔗 h
2026-05-11T11:22:28+0000 WARNING ID 16753 not in top-10 details (>10 new in one window?)
2026-05-11T11:22:29+0000 INFO Telegram sent: 🏠 New offer (ID 16753) — details not rendered, see site:
🔗 h
2026-05-11T11:22:29+0000 WARNING ID 16754 not in top-10 details (>10 new in one window?)
2026-05-11T11:22:29+0000 INFO Telegram sent: 🏠 New offer (ID 16754) — details not rendered, see site:
🔗 h
2026-05-11T11:22:29+0000 WARNING ID 16755 not in top-10 details (>10 new in one window?)
2026-05-11T11:22:29+0000 INFO Telegram sent: 🏠 New offer (ID 16755) — details not rendered, see site:
🔗 h
2026-05-11T11:22:29+0000 WARNING ID 16756 not in top-10 details (>10 new in one window?)
2026-05-11T11:22:30+0000 INFO Telegram sent: 🏠 New offer (ID 16756) — details not rendered, see site:
🔗 h
2026-05-11T11:22:30+0000 WARNING ID 16757 not in top-10 details (>10 new in one window?)
2026-05-11T11:22:30+0000 INFO Telegram sent: 🏠 New offer (ID 16757) — details not rendered, see site:
🔗 h
2026-05-11T11:22:30+0000 WARNING ID 16759 not in top-10 details (>10 new in one window?)
2026-05-11T11:22:31+0000 INFO Telegram sent: 🏠 New offer (ID 16759) — details not rendered, see site:
🔗 h
2026-05-11T11:22:31+0000 WARNING ID 16760 not in top-10 details (>10 new in one window?)
2026-05-11T11:22:31+0000 INFO Telegram sent: 🏠 New offer (ID 16760) — details not rendered, see site:
🔗 h
2026-05-11T11:22:31+0000 INFO Skipped (district Reinickendorf not in allowlist): ID 16761
2026-05-11T11:22:31+0000 INFO Skipped (district Pankow not in allowlist): ID 16762
2026-05-11T11:22:31+0000 INFO Skipped (district Spandau not in allowlist): ID 16763
2026-05-11T11:22:31+0000 INFO Skipped (district Spandau not in allowlist): ID 16764
2026-05-11T11:22:31+0000 INFO Skipped (district Spandau not in allowlist): ID 16765
2026-05-11T11:22:31+0000 INFO Telegram sent: 🏠 Neues Wohnungsangebot — Friedrichshain-Kreuzberg

📍 Krauts
2026-05-11T11:22:31+0000 INFO Notified: ID 16766 — Krautstraße 12, 10243 Friedrichshain-Kreuzberg
2026-05-11T11:22:32+0000 INFO Telegram sent: 🏠 Neues Wohnungsangebot — Friedrichshain-Kreuzberg

📍 Lichte
2026-05-11T11:22:32+0000 INFO Notified: ID 16767 — Lichtenberger Straße 25, 10179 Friedrichshain-Kreuzberg
2026-05-11T11:22:32+0000 INFO Skipped (district Lichtenberg not in allowlist): ID 16768
2026-05-11T11:22:32+0000 INFO Skipped (district Spandau not in allowlist): ID 16769
2026-05-11T11:22:32+0000 INFO Telegram sent: 🏠 Neues Wohnungsangebot — Friedrichshain-Kreuzberg

📍 Colbes
2026-05-11T11:22:32+0000 INFO Notified: ID 16770 — Colbestraße 5, 10247 Friedrichshain-Kreuzberg
2026-05-11T14:02:19+0000 INFO Fetched page: 221 total IDs, 10 rendered details
2026-05-11T14:02:19+0000 INFO 17 new offer(s) found
2026-05-11T14:02:19+0000 WARNING ID 16771 not in top-10 details (>10 new in one window?)
2026-05-11T14:02:19+0000 INFO Telegram sent: 🏠 New offer (ID 16771) — details not rendered, see site:
🔗 h
2026-05-11T14:02:19+0000 WARNING ID 16772 not in top-10 details (>10 new in one window?)
2026-05-11T14:02:20+0000 INFO Telegram sent: 🏠 New offer (ID 16772) — details not rendered, see site:
🔗 h
2026-05-11T14:02:20+0000 WARNING ID 16773 not in top-10 details (>10 new in one window?)
2026-05-11T14:02:20+0000 INFO Telegram sent: 🏠 New offer (ID 16773) — details not rendered, see site:
🔗 h
2026-05-11T14:02:20+0000 WARNING ID 16774 not in top-10 details (>10 new in one window?)
2026-05-11T14:02:21+0000 INFO Telegram sent: 🏠 New offer (ID 16774) — details not rendered, see site:
🔗 h
2026-05-11T14:02:21+0000 WARNING ID 16775 not in top-10 details (>10 new in one window?)
2026-05-11T14:02:21+0000 INFO Telegram sent: 🏠 New offer (ID 16775) — details not rendered, see site:
🔗 h
2026-05-11T14:02:21+0000 WARNING ID 16778 not in top-10 details (>10 new in one window?)
2026-05-11T14:02:22+0000 INFO Telegram sent: 🏠 New offer (ID 16778) — details not rendered, see site:
🔗 h
2026-05-11T14:02:22+0000 WARNING ID 16779 not in top-10 details (>10 new in one window?)
2026-05-11T14:02:22+0000 INFO Telegram sent: 🏠 New offer (ID 16779) — details not rendered, see site:
🔗 h
2026-05-11T14:02:23+0000 INFO Telegram sent: 🏠 Neues Wohnungsangebot — Neukölln

📍 In den Bauerngärten 12
2026-05-11T14:02:23+0000 INFO Notified: ID 16780 — In den Bauerngärten 12, 12349 Neukölln
2026-05-11T14:02:23+0000 INFO Telegram sent: 🏠 Neues Wohnungsangebot — Neukölln

📍 In den Bauerngärten 12
2026-05-11T14:02:23+0000 INFO Notified: ID 16781 — In den Bauerngärten 12, 12349 Neukölln
2026-05-11T14:02:24+0000 INFO Telegram sent: 🏠 Neues Wohnungsangebot — Friedrichshain-Kreuzberg

📍 Kopern
2026-05-11T14:02:24+0000 INFO Notified: ID 16782 — Kopernikusstraße 29, 10245 Friedrichshain-Kreuzberg
2026-05-11T14:02:24+0000 INFO Telegram sent: 🏠 Neues Wohnungsangebot — Friedrichshain-Kreuzberg

📍 Finows
2026-05-11T14:02:24+0000 INFO Notified: ID 16783 — Finowstraße 36, 10247 Friedrichshain-Kreuzberg
2026-05-11T14:02:25+0000 INFO Telegram sent: 🏠 Neues Wohnungsangebot — Friedrichshain-Kreuzberg

📍 Weichs
2026-05-11T14:02:25+0000 INFO Notified: ID 16784 — Weichselstraße 2, 10247 Friedrichshain-Kreuzberg
2026-05-11T14:02:25+0000 INFO Telegram sent: 🏠 Neues Wohnungsangebot — Friedrichshain-Kreuzberg

📍 Sonnta
2026-05-11T14:02:25+0000 INFO Notified: ID 16785 — Sonntagstraße 10, 10245 Friedrichshain-Kreuzberg
2026-05-11T14:02:25+0000 INFO Skipped (district Treptow-Köpenick not in allowlist): ID 16786
2026-05-11T14:02:26+0000 INFO Telegram sent: 🏠 Neues Wohnungsangebot — Mitte

📍 Müllerstraße 89B, 13349 M
2026-05-11T14:02:26+0000 INFO Notified: ID 16787 — Müllerstraße 89B, 13349 Mitte
2026-05-11T14:02:26+0000 INFO Telegram sent: 🏠 Neues Wohnungsangebot — Mitte

📍 Soldiner Straße 102, 1335
2026-05-11T14:02:26+0000 INFO Notified: ID 16788 — Soldiner Straße 102, 13359 Mitte
2026-05-11T14:02:26+0000 INFO Skipped (district Spandau not in allowlist): ID 16789
2026-05-11T16:39:30+0000 INFO Fetched page: 214 total IDs, 10 rendered details
2026-05-11T16:39:30+0000 INFO 10 new offer(s) found
2026-05-11T16:39:30+0000 INFO Telegram sent: 🏠 Neues Wohnungsangebot — Mitte

📍 Iranische Straße 4B, 1334
2026-05-11T16:39:30+0000 INFO Notified: ID 16791 — Iranische Straße 4B, 13347 Mitte
2026-05-11T16:39:31+0000 INFO Telegram sent: 🏠 Neues Wohnungsangebot — Mitte

📍 Iranische Straße 4B, 1334
2026-05-11T16:39:31+0000 INFO Notified: ID 16792 — Iranische Straße 4B, 13347 Mitte
2026-05-11T16:39:31+0000 INFO Telegram sent: 🏠 Neues Wohnungsangebot — Mitte

📍 Iranische Straße 4B, 1334
2026-05-11T16:39:31+0000 INFO Notified: ID 16793 — Iranische Straße 4B, 13347 Mitte
2026-05-11T16:39:32+0000 INFO Telegram sent: 🏠 Neues Wohnungsangebot — Mitte

📍 Iranische Straße 4B, 1334
2026-05-11T16:39:32+0000 INFO Notified: ID 16794 — Iranische Straße 4B, 13347 Mitte
2026-05-11T16:39:32+0000 INFO Telegram sent: 🏠 Neues Wohnungsangebot — Mitte

📍 Iranische Straße 4B, 1334
2026-05-11T16:39:32+0000 INFO Notified: ID 16795 — Iranische Straße 4B, 13347 Mitte
2026-05-11T16:39:33+0000 INFO Telegram sent: 🏠 Neues Wohnungsangebot — Friedrichshain-Kreuzberg

📍 Lichte
2026-05-11T16:39:33+0000 INFO Notified: ID 16798 — Lichtenberger Straße 13, 10243 Friedrichshain-Kreuzberg
2026-05-11T16:39:33+0000 INFO Telegram sent: 🏠 Neues Wohnungsangebot — Friedrichshain-Kreuzberg

📍 Platz 
2026-05-11T16:39:33+0000 INFO Notified: ID 16799 — Platz der Vereinten Nationen 17, 10249 Friedrichshain-Kreuzberg
2026-05-11T16:39:34+0000 INFO Telegram sent: 🏠 Neues Wohnungsangebot — Neukölln

📍 In den Bauerngärten 10
2026-05-11T16:39:34+0000 INFO Notified: ID 16800 — In den Bauerngärten 10, 12349 Neukölln
2026-05-11T16:39:35+0000 INFO Telegram sent: 🏠 Neues Wohnungsangebot — Neukölln

📍 In den Bauerngärten 10
2026-05-11T16:39:35+0000 INFO Notified: ID 16801 — In den Bauerngärten 10, 12349 Neukölln
2026-05-11T16:39:35+0000 INFO Telegram sent: 🏠 Neues Wohnungsangebot — Neukölln

📍 In den Bauerngärten 10
2026-05-11T16:39:35+0000 INFO Notified: ID 16802 — In den Bauerngärten 10, 12349 Neukölln
2026-05-11T18:24:19+0000 INFO Fetched page: 207 total IDs, 10 rendered details
2026-05-11T18:24:19+0000 INFO 0 new offer(s) found
2026-05-11T20:15:06+0000 INFO Fetched page: 207 total IDs, 10 rendered details
2026-05-11T20:15:06+0000 INFO 0 new offer(s) found
2026-05-11T21:44:06+0000 INFO Fetched page: 206 total IDs, 10 rendered details
2026-05-11T21:44:06+0000 INFO 0 new offer(s) found
2026-05-11T22:40:53+0000 INFO Fetched page: 206 total IDs, 10 rendered details
2026-05-11T22:40:53+0000 INFO 0 new offer(s) found
2026-05-11T23:40:39+0000 INFO Fetched page: 206 total IDs, 10 rendered details
2026-05-11T23:40:39+0000 INFO 0 new offer(s) found
2026-05-12T01:24:00+0000 INFO Fetched page: 206 total IDs, 10 rendered details
2026-05-12T01:24:00+0000 INFO 0 new offer(s) found
2026-05-12T04:58:32+0000 INFO Fetched page: 206 total IDs, 10 rendered details
2026-05-12T04:58:32+0000 INFO 1 new offer(s) found
2026-05-12T04:58:32+0000 INFO Skipped (district Marzahn-Hellersdorf not in allowlist): ID 16803
2026-05-12T07:48:35+0000 INFO Fetched page: 219 total IDs, 10 rendered details
2026-05-12T07:48:35+0000 INFO 17 new offer(s) found
2026-05-12T07:48:35+0000 WARNING ID 16804 not in top-10 details (>10 new in one window?)
2026-05-12T07:48:35+0000 INFO Telegram sent: 🏠 New offer (ID 16804) — details not rendered, see site:
🔗 h
2026-05-12T07:48:35+0000 WARNING ID 16805 not in top-10 details (>10 new in one window?)
2026-05-12T07:48:36+0000 INFO Telegram sent: 🏠 New offer (ID 16805) — details not rendered, see site:
🔗 h
2026-05-12T07:48:36+0000 WARNING ID 16806 not in top-10 details (>10 new in one window?)
2026-05-12T07:48:36+0000 INFO Telegram sent: 🏠 New offer (ID 16806) — details not rendered, see site:
🔗 h
2026-05-12T07:48:36+0000 WARNING ID 16807 not in top-10 details (>10 new in one window?)
2026-05-12T07:48:37+0000 INFO Telegram sent: 🏠 New offer (ID 16807) — details not rendered, see site:
🔗 h
2026-05-12T07:48:37+0000 WARNING ID 16808 not in top-10 details (>10 new in one window?)
2026-05-12T07:48:37+0000 INFO Telegram sent: 🏠 New offer (ID 16808) — details not rendered, see site:
🔗 h
2026-05-12T07:48:37+0000 WARNING ID 16809 not in top-10 details (>10 new in one window?)
2026-05-12T07:48:38+0000 INFO Telegram sent: 🏠 New offer (ID 16809) — details not rendered, see site:
🔗 h
2026-05-12T07:48:38+0000 WARNING ID 16810 not in top-10 details (>10 new in one window?)
2026-05-12T07:48:38+0000 INFO Telegram sent: 🏠 New offer (ID 16810) — details not rendered, see site:
🔗 h
2026-05-12T07:48:38+0000 INFO Telegram sent: 🏠 Neues Wohnungsangebot — Mitte

📍 Köpenicker Straße 109, 10
2026-05-12T07:48:38+0000 INFO Notified: ID 16811 — Köpenicker Straße 109, 10179 Mitte
2026-05-12T07:48:39+0000 INFO Telegram sent: 🏠 Neues Wohnungsangebot — Mitte

📍 Köpenicker Straße 120, 10
2026-05-12T07:48:39+0000 INFO Notified: ID 16812 — Köpenicker Straße 120, 10179 Mitte
2026-05-12T07:48:39+0000 INFO Telegram sent: 🏠 Neues Wohnungsangebot — Mitte

📍 Köpenicker Straße 120, 10
2026-05-12T07:48:39+0000 INFO Notified: ID 16813 — Köpenicker Straße 120, 10179 Mitte
2026-05-12T07:48:40+0000 INFO Telegram sent: 🏠 Neues Wohnungsangebot — Mitte

📍 Köpenicker Straße 120, 10
2026-05-12T07:48:40+0000 INFO Notified: ID 16814 — Köpenicker Straße 120, 10179 Mitte
2026-05-12T07:48:40+0000 INFO Telegram sent: 🏠 Neues Wohnungsangebot — Mitte

📍 Köpenicker Straße 120, 10
2026-05-12T07:48:40+0000 INFO Notified: ID 16815 — Köpenicker Straße 120, 10179 Mitte
2026-05-12T07:48:41+0000 INFO Telegram sent: 🏠 Neues Wohnungsangebot — Neukölln

📍 Joachim-Gottschalk-Weg
2026-05-12T07:48:41+0000 INFO Notified: ID 16816 — Joachim-Gottschalk-Weg 1, 12353 Neukölln
2026-05-12T07:48:41+0000 INFO Skipped (district Lichtenberg not in allowlist): ID 16817
2026-05-12T07:48:41+0000 INFO Telegram sent: 🏠 Neues Wohnungsangebot — Neukölln

📍 Sandsteinweg 21A, 1234
2026-05-12T07:48:41+0000 INFO Notified: ID 16818 — Sandsteinweg 21A, 12349 Neukölln
2026-05-12T07:48:42+0000 INFO Telegram sent: 🏠 Neues Wohnungsangebot — Neukölln

📍 Theodor-Loos-Weg 33, 1
2026-05-12T07:48:42+0000 INFO Notified: ID 16819 — Theodor-Loos-Weg 33, 12353 Neukölln
2026-05-12T07:48:42+0000 INFO Skipped (district Marzahn-Hellersdorf not in allowlist): ID 16820
2026-05-12T10:16:43+0000 INFO Fetched page: 222 total IDs, 10 rendered details
2026-05-12T10:16:43+0000 INFO 11 new offer(s) found
2026-05-12T10:16:43+0000 WARNING ID 16821 not in top-10 details (>10 new in one window?)
2026-05-12T10:16:44+0000 INFO Telegram sent: 🏠 New offer (ID 16821) — details not rendered, see site:
🔗 h
2026-05-12T10:16:44+0000 INFO Skipped (district Lichtenberg not in allowlist): ID 16822
2026-05-12T10:16:44+0000 INFO Skipped (district Treptow-Köpenick not in allowlist): ID 16823
2026-05-12T10:16:44+0000 INFO Skipped (district Pankow not in allowlist): ID 16824
2026-05-12T10:16:44+0000 INFO Skipped (district Reinickendorf not in allowlist): ID 16825
2026-05-12T10:16:44+0000 INFO Skipped (district Reinickendorf not in allowlist): ID 16826
2026-05-12T10:16:44+0000 INFO Telegram sent: 🏠 Neues Wohnungsangebot — Neukölln

📍 Schirpitzer Weg 46, 12
2026-05-12T10:16:44+0000 INFO Notified: ID 16827 — Schirpitzer Weg 46, 12355 Neukölln
2026-05-12T10:16:44+0000 INFO Skipped (district Pankow not in allowlist): ID 16829
2026-05-12T10:16:44+0000 INFO Skipped (district Marzahn-Hellersdorf not in allowlist): ID 16830
2026-05-12T10:16:45+0000 INFO Telegram sent: 🏠 Neues Wohnungsangebot — Mitte

📍 Almstadtstraße 55, 10119 
2026-05-12T10:16:45+0000 INFO Notified: ID 16831 — Almstadtstraße 55, 10119 Mitte
2026-05-12T10:16:45+0000 INFO Skipped (district Treptow-Köpenick not in allowlist): ID 16832
2026-05-12T12:21:43+0000 INFO Fetched page: 216 total IDs, 10 rendered details
2026-05-12T12:21:43+0000 INFO 8 new offer(s) found
2026-05-12T12:21:43+0000 INFO Skipped (district Marzahn-Hellersdorf not in allowlist): ID 16833
2026-05-12T12:21:43+0000 INFO Skipped (district Lichtenberg not in allowlist): ID 16834
2026-05-12T12:21:43+0000 INFO Skipped (district Marzahn-Hellersdorf not in allowlist): ID 16835
2026-05-12T12:21:43+0000 INFO Skipped (district Treptow-Köpenick not in allowlist): ID 16837
2026-05-12T12:21:43+0000 INFO Telegram sent: 🏠 Neues Wohnungsangebot — Neukölln

📍 Wutzkyallee 57, 12353 
2026-05-12T12:21:43+0000 INFO Notified: ID 16838 — Wutzkyallee 57, 12353 Neukölln
2026-05-12T12:21:43+0000 INFO Skipped (district Reinickendorf not in allowlist): ID 16839
2026-05-12T12:21:43+0000 INFO Skipped (district Steglitz-Zehlendorf not in allowlist): ID 16840
2026-05-12T12:21:43+0000 INFO Skipped (district Marzahn-Hellersdorf not in allowlist): ID 16841
2026-05-12T15:16:59+0000 INFO Fetched page: 226 total IDs, 10 rendered details
2026-05-12T15:16:59+0000 INFO 18 new offer(s) found
2026-05-12T15:16:59+0000 WARNING ID 16843 not in top-10 details (>10 new in one window?)
2026-05-12T15:16:59+0000 INFO Telegram sent: 🏠 New offer (ID 16843) — details not rendered, see site:
🔗 h
2026-05-12T15:16:59+0000 WARNING ID 16844 not in top-10 details (>10 new in one window?)
2026-05-12T15:16:59+0000 INFO Telegram sent: 🏠 New offer (ID 16844) — details not rendered, see site:
🔗 h
2026-05-12T15:16:59+0000 WARNING ID 16845 not in top-10 details (>10 new in one window?)
2026-05-12T15:17:00+0000 INFO Telegram sent: 🏠 New offer (ID 16845) — details not rendered, see site:
🔗 h
2026-05-12T15:17:00+0000 WARNING ID 16846 not in top-10 details (>10 new in one window?)
2026-05-12T15:17:00+0000 INFO Telegram sent: 🏠 New offer (ID 16846) — details not rendered, see site:
🔗 h
2026-05-12T15:17:00+0000 WARNING ID 16847 not in top-10 details (>10 new in one window?)
2026-05-12T15:17:00+0000 INFO Telegram sent: 🏠 New offer (ID 16847) — details not rendered, see site:
🔗 h
2026-05-12T15:17:00+0000 WARNING ID 16848 not in top-10 details (>10 new in one window?)
2026-05-12T15:17:01+0000 INFO Telegram sent: 🏠 New offer (ID 16848) — details not rendered, see site:
🔗 h
2026-05-12T15:17:01+0000 WARNING ID 16849 not in top-10 details (>10 new in one window?)
2026-05-12T15:17:01+0000 INFO Telegram sent: 🏠 New offer (ID 16849) — details not rendered, see site:
🔗 h
2026-05-12T15:17:01+0000 WARNING ID 16850 not in top-10 details (>10 new in one window?)
2026-05-12T15:17:01+0000 INFO Telegram sent: 🏠 New offer (ID 16850) — details not rendered, see site:
🔗 h
2026-05-12T15:17:01+0000 INFO Skipped (district Lichtenberg not in allowlist): ID 16851
2026-05-12T15:17:01+0000 INFO Skipped (district Lichtenberg not in allowlist): ID 16852
2026-05-12T15:17:01+0000 INFO Skipped (district Lichtenberg not in allowlist): ID 16853
2026-05-12T15:17:01+0000 INFO Skipped (district Lichtenberg not in allowlist): ID 16854
2026-05-12T15:17:01+0000 INFO Skipped (district Lichtenberg not in allowlist): ID 16855
2026-05-12T15:17:01+0000 INFO Skipped (district Spandau not in allowlist): ID 16856
2026-05-12T15:17:01+0000 INFO Skipped (district Spandau not in allowlist): ID 16857
2026-05-12T15:17:02+0000 INFO Telegram sent: 🏠 Neues Wohnungsangebot — Tempelhof-Schöneberg

📍 Lauterplat
2026-05-12T15:17:02+0000 INFO Notified: ID 16858 — Lauterplatz 9, 12159 Tempelhof-Schöneberg
2026-05-12T15:17:02+0000 INFO Telegram sent: 🏠 Neues Wohnungsangebot — Tempelhof-Schöneberg

📍 Waldsassen
2026-05-12T15:17:02+0000 INFO Notified: ID 16859 — Waldsassener Straße 29, 12279 Tempelhof-Schöneberg
2026-05-12T15:17:02+0000 INFO Telegram sent: 🏠 Neues Wohnungsangebot — Mitte

📍 Amrumer Straße 36, 13353 
2026-05-12T15:17:02+0000 INFO Notified: ID 16860 — Amrumer Straße 36, 13353 Mitte
2026-05-12T17:26:20+0000 INFO Fetched page: 228 total IDs, 10 rendered details
2026-05-12T17:26:20+0000 INFO 3 new offer(s) found
2026-05-12T17:26:20+0000 INFO Skipped (district Treptow-Köpenick not in allowlist): ID 16861
2026-05-12T17:26:20+0000 INFO Skipped (district Treptow-Köpenick not in allowlist): ID 16862
2026-05-12T17:26:20+0000 INFO Telegram sent: 🏠 Neues Wohnungsangebot — Charlottenburg-Wilmersdorf

📍 Heck
2026-05-12T17:26:20+0000 INFO Notified: ID 16863 — Heckerdamm 215, 13627 Charlottenburg-Wilmersdorf
2026-05-12T19:18:15+0000 INFO Fetched page: 222 total IDs, 10 rendered details
2026-05-12T19:18:15+0000 INFO 3 new offer(s) found
2026-05-12T19:18:16+0000 INFO Telegram sent: 🏠 Neues Wohnungsangebot — Charlottenburg-Wilmersdorf

📍 Reic
2026-05-12T19:18:16+0000 INFO Notified: ID 16864 — Reichweindamm 16, 13627 Charlottenburg-Wilmersdorf
2026-05-12T19:18:16+0000 INFO Telegram sent: 🏠 Neues Wohnungsangebot — Mitte

📍 Iranische Straße 4B, 1334
2026-05-12T19:18:16+0000 INFO Notified: ID 16865 — Iranische Straße 4B, 13347 Mitte
2026-05-12T19:18:17+0000 INFO Telegram sent: 🏠 Neues Wohnungsangebot — Mitte

📍 Iranische Straße 4B, 1334
2026-05-12T19:18:17+0000 INFO Notified: ID 16866 — Iranische Straße 4B, 13347 Mitte
2026-05-12T20:53:50+0000 INFO Fetched page: 221 total IDs, 10 rendered details
2026-05-12T20:53:50+0000 INFO 0 new offer(s) found
2026-05-12T22:07:51+0000 INFO Fetched page: 221 total IDs, 10 rendered details
2026-05-12T22:07:51+0000 INFO 0 new offer(s) found
2026-05-12T23:17:37+0000 INFO Fetched page: 215 total IDs, 10 rendered details
2026-05-12T23:17:37+0000 INFO 0 new offer(s) found
2026-05-13T00:15:54+0000 INFO Fetched page: 215 total IDs, 10 rendered details
2026-05-13T00:15:54+0000 INFO 0 new offer(s) found
2026-05-13T04:16:06+0000 INFO Fetched page: 216 total IDs, 10 rendered details
2026-05-13T04:16:06+0000 INFO 1 new offer(s) found
2026-05-13T04:16:07+0000 INFO Telegram sent: 🏠 Neues Wohnungsangebot — Mitte

📍 Iranische Straße 4B, 1334
2026-05-13T04:16:07+0000 INFO Notified: ID 16867 — Iranische Straße 4B, 13347 Mitte
2026-05-13T07:30:44+0000 INFO Fetched page: 223 total IDs, 10 rendered details
2026-05-13T07:30:44+0000 INFO 17 new offer(s) found
2026-05-13T07:30:44+0000 WARNING ID 16868 not in top-10 details (>10 new in one window?)
2026-05-13T07:30:44+0000 INFO Telegram sent: 🏠 New offer (ID 16868) — details not rendered, see site:
🔗 h
2026-05-13T07:30:44+0000 WARNING ID 16869 not in top-10 details (>10 new in one window?)
2026-05-13T07:30:45+0000 INFO Telegram sent: 🏠 New offer (ID 16869) — details not rendered, see site:
🔗 h
2026-05-13T07:30:45+0000 WARNING ID 16870 not in top-10 details (>10 new in one window?)
2026-05-13T07:30:45+0000 INFO Telegram sent: 🏠 New offer (ID 16870) — details not rendered, see site:
🔗 h
2026-05-13T07:30:45+0000 WARNING ID 16871 not in top-10 details (>10 new in one window?)
2026-05-13T07:30:46+0000 INFO Telegram sent: 🏠 New offer (ID 16871) — details not rendered, see site:
🔗 h
2026-05-13T07:30:46+0000 WARNING ID 16872 not in top-10 details (>10 new in one window?)
2026-05-13T07:30:46+0000 INFO Telegram sent: 🏠 New offer (ID 16872) — details not rendered, see site:
🔗 h
2026-05-13T07:30:46+0000 WARNING ID 16873 not in top-10 details (>10 new in one window?)
2026-05-13T07:30:46+0000 INFO Telegram sent: 🏠 New offer (ID 16873) — details not rendered, see site:
🔗 h
2026-05-13T07:30:46+0000 WARNING ID 16874 not in top-10 details (>10 new in one window?)
2026-05-13T07:30:47+0000 INFO Telegram sent: 🏠 New offer (ID 16874) — details not rendered, see site:
🔗 h
2026-05-13T07:30:47+0000 INFO Skipped (district Marzahn-Hellersdorf not in allowlist): ID 16875
2026-05-13T07:30:47+0000 INFO Telegram sent: 🏠 Neues Wohnungsangebot — Neukölln

📍 Teterower Straße 7, 12
2026-05-13T07:30:47+0000 INFO Notified: ID 16876 — Teterower Straße 7, 12359 Neukölln
2026-05-13T07:30:47+0000 INFO Skipped (district Treptow-Köpenick not in allowlist): ID 16877
2026-05-13T07:30:47+0000 INFO Skipped (district Lichtenberg not in allowlist): ID 16878
2026-05-13T07:30:47+0000 INFO Skipped (district Lichtenberg not in allowlist): ID 16879
2026-05-13T07:30:47+0000 INFO Skipped (district Treptow-Köpenick not in allowlist): ID 16880
2026-05-13T07:30:47+0000 INFO Skipped (district Lichtenberg not in allowlist): ID 16881
2026-05-13T07:30:47+0000 INFO Skipped (district Lichtenberg not in allowlist): ID 16882
2026-05-13T07:30:48+0000 INFO Telegram sent: 🏠 Neues Wohnungsangebot — Mitte

📍 Bärbel-Bohley-Ring 24, 13
2026-05-13T07:30:48+0000 INFO Notified: ID 16883 — Bärbel-Bohley-Ring 24, 13355 Mitte
2026-05-13T07:30:48+0000 INFO Skipped (district Spandau not in allowlist): ID 16884
2026-05-13T10:06:31+0000 INFO Fetched page: 223 total IDs, 10 rendered details
2026-05-13T10:06:31+0000 INFO 13 new offer(s) found
2026-05-13T10:06:31+0000 WARNING ID 16885 not in top-10 details (>10 new in one window?)
2026-05-13T10:06:31+0000 INFO Telegram sent: 🏠 New offer (ID 16885) — details not rendered, see site:
🔗 h
2026-05-13T10:06:31+0000 WARNING ID 16886 not in top-10 details (>10 new in one window?)
2026-05-13T10:06:32+0000 INFO Telegram sent: 🏠 New offer (ID 16886) — details not rendered, see site:
🔗 h
2026-05-13T10:06:32+0000 WARNING ID 16887 not in top-10 details (>10 new in one window?)
2026-05-13T10:06:32+0000 INFO Telegram sent: 🏠 New offer (ID 16887) — details not rendered, see site:
🔗 h
2026-05-13T10:06:33+0000 INFO Telegram sent: 🏠 Neues Wohnungsangebot — Neukölln

📍 Leo-Slezak-Straße 10, 
2026-05-13T10:06:33+0000 INFO Notified: ID 16888 — Leo-Slezak-Straße 10, 12057 Neukölln
2026-05-13T10:06:33+0000 INFO Telegram sent: 🏠 Neues Wohnungsangebot — Neukölln

📍 Heinrich-Schlusnus-Str
2026-05-13T10:06:33+0000 INFO Notified: ID 16889 — Heinrich-Schlusnus-Straße 2, 12057 Neukölln
2026-05-13T10:06:34+0000 INFO Telegram sent: 🏠 Neues Wohnungsangebot — Tempelhof-Schöneberg

📍 Schichauwe
2026-05-13T10:06:34+0000 INFO Notified: ID 16890 — Schichauweg 31, 12307 Tempelhof-Schöneberg
2026-05-13T10:06:34+0000 INFO Telegram sent: 🏠 Neues Wohnungsangebot — Mitte

📍 Osloer Straße 107, 13359 
2026-05-13T10:06:34+0000 INFO Notified: ID 16891 — Osloer Straße 107, 13359 Mitte
2026-05-13T10:06:34+0000 INFO Skipped (district Treptow-Köpenick not in allowlist): ID 16892
2026-05-13T10:06:34+0000 INFO Skipped (district Pankow not in allowlist): ID 16893
2026-05-13T10:06:34+0000 INFO Skipped (district Treptow-Köpenick not in allowlist): ID 16894
2026-05-13T10:06:35+0000 INFO Telegram sent: 🏠 Neues Wohnungsangebot — Neukölln

📍 Selgenauer Weg 38, 123
2026-05-13T10:06:35+0000 INFO Notified: ID 16895 — Selgenauer Weg 38, 12355 Neukölln
2026-05-13T10:06:35+0000 INFO Skipped (district Pankow not in allowlist): ID 16896
2026-05-13T10:06:35+0000 INFO Telegram sent: 🏠 Neues Wohnungsangebot — Mitte

📍 Mühlendamm 1, 10179 Mitte
2026-05-13T10:06:35+0000 INFO Notified: ID 16897 — Mühlendamm 1, 10179 Mitte
2026-05-13T12:22:39+0000 INFO Fetched page: 225 total IDs, 10 rendered details
2026-05-13T12:22:39+0000 INFO 9 new offer(s) found
2026-05-13T12:22:39+0000 INFO Skipped (district Treptow-Köpenick not in allowlist): ID 16899
2026-05-13T12:22:39+0000 INFO Skipped (district Treptow-Köpenick not in allowlist): ID 16902
2026-05-13T12:22:40+0000 INFO Telegram sent: 🏠 Neues Wohnungsangebot — Charlottenburg-Wilmersdorf

📍 Teic
2026-05-13T12:22:40+0000 INFO Notified: ID 16905 — Teichgräberzeile 5, 13627 Charlottenburg-Wilmersdorf
2026-05-13T12:22:40+0000 INFO Skipped (district Treptow-Köpenick not in allowlist): ID 16906
2026-05-13T12:22:40+0000 INFO Skipped (district Treptow-Köpenick not in allowlist): ID 16907
2026-05-13T12:22:40+0000 INFO Skipped (district Treptow-Köpenick not in allowlist): ID 16908
2026-05-13T12:22:40+0000 INFO Skipped (district Pankow not in allowlist): ID 16909
2026-05-13T12:22:40+0000 INFO Skipped (district Treptow-Köpenick not in allowlist): ID 16910
2026-05-13T12:22:40+0000 INFO Skipped (district Treptow-Köpenick not in allowlist): ID 16911
2026-05-13T15:20:22+0000 INFO Fetched page: 224 total IDs, 10 rendered details
2026-05-13T15:20:22+0000 INFO 8 new offer(s) found
2026-05-13T15:20:22+0000 INFO Skipped (district Treptow-Köpenick not in allowlist): ID 16912
2026-05-13T15:20:22+0000 INFO Skipped (district Treptow-Köpenick not in allowlist): ID 16913
2026-05-13T15:20:22+0000 INFO Skipped (district Pankow not in allowlist): ID 16914
2026-05-13T15:20:22+0000 INFO Skipped (district Marzahn-Hellersdorf not in allowlist): ID 16915
2026-05-13T15:20:22+0000 INFO Skipped (district Pankow not in allowlist): ID 16916
2026-05-13T15:20:23+0000 INFO Telegram sent: 🏠 Neues Wohnungsangebot — Neukölln

📍 Ringslebenstraße 2B, 1
2026-05-13T15:20:23+0000 INFO Notified: ID 16917 — Ringslebenstraße 2B, 12353 Neukölln
2026-05-13T15:20:23+0000 INFO Telegram sent: 🏠 Neues Wohnungsangebot — Friedrichshain-Kreuzberg

📍 Heiden
2026-05-13T15:20:23+0000 INFO Notified: ID 16918 — Heidenfeldstraße 5, 10249 Friedrichshain-Kreuzberg
2026-05-13T15:20:24+0000 INFO Telegram sent: 🏠 Neues Wohnungsangebot — Friedrichshain-Kreuzberg

📍 Ebelin
2026-05-13T15:20:24+0000 INFO Notified: ID 16919 — Ebelingstraße 13A, 10249 Friedrichshain-Kreuzberg
2026-05-13T17:29:46+0000 INFO Fetched page: 224 total IDs, 10 rendered details
2026-05-13T17:29:46+0000 INFO 4 new offer(s) found
2026-05-13T17:29:46+0000 INFO Skipped (district Spandau not in allowlist): ID 16920
2026-05-13T17:29:46+0000 INFO Skipped (district Spandau not in allowlist): ID 16921
2026-05-13T17:29:46+0000 INFO Skipped (district Lichtenberg not in allowlist): ID 16922
2026-05-13T17:29:46+0000 INFO Skipped (district Lichtenberg not in allowlist): ID 16923
2026-05-13T19:20:14+0000 INFO Fetched page: 223 total IDs, 10 rendered details
2026-05-13T19:20:14+0000 INFO 0 new offer(s) found
2026-05-13T20:59:59+0000 INFO Fetched page: 222 total IDs, 10 rendered details
2026-05-13T20:59:59+0000 INFO 0 new offer(s) found
2026-05-13T22:21:00+0000 INFO Fetched page: 222 total IDs, 10 rendered details
2026-05-13T22:21:00+0000 INFO 0 new offer(s) found
2026-05-13T23:34:22+0000 INFO Fetched page: 222 total IDs, 10 rendered details
2026-05-13T23:34:22+0000 INFO 0 new offer(s) found
2026-05-14T01:29:44+0000 INFO Fetched page: 222 total IDs, 10 rendered details
2026-05-14T01:29:44+0000 INFO 0 new offer(s) found
2026-05-14T05:28:49+0000 INFO Fetched page: 222 total IDs, 10 rendered details
2026-05-14T05:28:49+0000 INFO 0 new offer(s) found
2026-05-14T08:10:33+0000 INFO Fetched page: 219 total IDs, 10 rendered details
2026-05-14T08:10:33+0000 INFO 0 new offer(s) found
2026-05-14T10:33:39+0000 INFO Fetched page: 219 total IDs, 10 rendered details
2026-05-14T10:33:39+0000 INFO 0 new offer(s) found
2026-05-14T12:14:11+0000 INFO Fetched page: 215 total IDs, 10 rendered details
2026-05-14T12:14:11+0000 INFO 2 new offer(s) found
2026-05-14T12:14:11+0000 INFO Skipped (district Reinickendorf not in allowlist): ID 16924
2026-05-14T12:14:11+0000 INFO Skipped (district Reinickendorf not in allowlist): ID 16925
2026-05-14T14:45:09+0000 INFO Fetched page: 214 total IDs, 10 rendered details
2026-05-14T14:45:09+0000 INFO 0 new offer(s) found
2026-05-14T16:52:15+0000 INFO Fetched page: 214 total IDs, 10 rendered details
2026-05-14T16:52:15+0000 INFO 0 new offer(s) found
2026-05-14T18:29:09+0000 INFO Fetched page: 214 total IDs, 10 rendered details
2026-05-14T18:29:09+0000 INFO 0 new offer(s) found
2026-05-14T20:16:40+0000 INFO Fetched page: 214 total IDs, 10 rendered details
2026-05-14T20:16:40+0000 INFO 0 new offer(s) found
2026-05-14T21:39:26+0000 INFO Fetched page: 214 total IDs, 10 rendered details
2026-05-14T21:39:26+0000 INFO 0 new offer(s) found
2026-05-14T22:40:47+0000 INFO Fetched page: 214 total IDs, 10 rendered details
2026-05-14T22:40:47+0000 INFO 0 new offer(s) found
2026-05-14T23:37:31+0000 INFO Fetched page: 214 total IDs, 10 rendered details
2026-05-14T23:37:31+0000 INFO 0 new offer(s) found
2026-05-15T01:29:09+0000 INFO Fetched page: 214 total IDs, 10 rendered details
2026-05-15T01:29:09+0000 INFO 0 new offer(s) found
2026-05-15T05:34:44+0000 INFO Fetched page: 210 total IDs, 10 rendered details
2026-05-15T05:34:44+0000 INFO 0 new offer(s) found
2026-05-15T08:25:36+0000 INFO Fetched page: 207 total IDs, 10 rendered details
2026-05-15T08:25:36+0000 INFO 7 new offer(s) found
2026-05-15T08:25:37+0000 INFO Telegram sent: 🏠 Neues Wohnungsangebot — Neukölln

📍 Käthe-Dorsch-Ring 23, 
2026-05-15T08:25:37+0000 INFO Notified: ID 16927 — Käthe-Dorsch-Ring 23, 12353 Neukölln
2026-05-15T08:25:37+0000 INFO Skipped (district Marzahn-Hellersdorf not in allowlist): ID 16928
2026-05-15T08:25:37+0000 INFO Skipped (district Marzahn-Hellersdorf not in allowlist): ID 16929
2026-05-15T08:25:37+0000 INFO Skipped (district Steglitz-Zehlendorf not in allowlist): ID 16930
2026-05-15T08:25:37+0000 INFO Skipped (district Treptow-Köpenick not in allowlist): ID 16931
2026-05-15T08:25:37+0000 INFO Skipped (district Treptow-Köpenick not in allowlist): ID 16932
2026-05-15T08:25:37+0000 INFO Skipped (district Marzahn-Hellersdorf not in allowlist): ID 16933
2026-05-15T10:57:47+0000 INFO Fetched page: 218 total IDs, 10 rendered details
2026-05-15T10:57:47+0000 INFO 13 new offer(s) found
2026-05-15T10:57:47+0000 WARNING ID 16934 not in top-10 details (>10 new in one window?)
2026-05-15T10:57:47+0000 INFO Telegram sent: 🏠 New offer (ID 16934) — details not rendered, see site:
🔗 h
2026-05-15T10:57:47+0000 WARNING ID 16935 not in top-10 details (>10 new in one window?)
2026-05-15T10:57:48+0000 INFO Telegram sent: 🏠 New offer (ID 16935) — details not rendered, see site:
🔗 h
2026-05-15T10:57:48+0000 WARNING ID 16936 not in top-10 details (>10 new in one window?)
2026-05-15T10:57:48+0000 INFO Telegram sent: 🏠 New offer (ID 16936) — details not rendered, see site:
🔗 h
2026-05-15T10:57:48+0000 INFO Telegram sent: 🏠 Neues Wohnungsangebot — Tempelhof-Schöneberg

📍 Bayernring
2026-05-15T10:57:48+0000 INFO Notified: ID 16937 — Bayernring 18C, 12101 Tempelhof-Schöneberg
2026-05-15T10:57:48+0000 INFO Skipped (district Lichtenberg not in allowlist): ID 16938
2026-05-15T10:57:49+0000 INFO Telegram sent: 🏠 Neues Wohnungsangebot — Tempelhof-Schöneberg

📍 Höhndorfst
2026-05-15T10:57:49+0000 INFO Notified: ID 16939 — Höhndorfstraße 17, 12101 Tempelhof-Schöneberg
2026-05-15T10:57:49+0000 INFO Telegram sent: 🏠 Neues Wohnungsangebot — Tempelhof-Schöneberg

📍 Höhndorfst
2026-05-15T10:57:49+0000 INFO Notified: ID 16940 — Höhndorfstraße 17, 12101 Tempelhof-Schöneberg
2026-05-15T10:57:49+0000 INFO Telegram sent: 🏠 Neues Wohnungsangebot — Tempelhof-Schöneberg

📍 Bayernring
2026-05-15T10:57:49+0000 INFO Notified: ID 16941 — Bayernring 18E, 12101 Tempelhof-Schöneberg
2026-05-15T10:57:49+0000 INFO Skipped (district Marzahn-Hellersdorf not in allowlist): ID 16942
2026-05-15T10:57:49+0000 INFO Skipped (district Marzahn-Hellersdorf not in allowlist): ID 16943
2026-05-15T10:57:49+0000 INFO Skipped (district Marzahn-Hellersdorf not in allowlist): ID 16944
2026-05-15T10:57:49+0000 INFO Skipped (district Lichtenberg not in allowlist): ID 16945
2026-05-15T10:57:49+0000 INFO Skipped (district Marzahn-Hellersdorf not in allowlist): ID 16946
2026-05-15T12:58:27+0000 INFO Fetched page: 223 total IDs, 10 rendered details
2026-05-15T12:58:27+0000 INFO 9 new offer(s) found
2026-05-15T12:58:27+0000 INFO Skipped (district Marzahn-Hellersdorf not in allowlist): ID 16947
2026-05-15T12:58:27+0000 INFO Skipped (district Marzahn-Hellersdorf not in allowlist): ID 16948
2026-05-15T12:58:27+0000 INFO Skipped (district Marzahn-Hellersdorf not in allowlist): ID 16949
2026-05-15T12:58:27+0000 INFO Skipped (district Spandau not in allowlist): ID 16950
2026-05-15T12:58:27+0000 INFO Skipped (district Spandau not in allowlist): ID 16951
2026-05-15T12:58:27+0000 INFO Skipped (district Marzahn-Hellersdorf not in allowlist): ID 16952
2026-05-15T12:58:27+0000 INFO Telegram sent: 🏠 Neues Wohnungsangebot — Friedrichshain-Kreuzberg

📍 Fidici
2026-05-15T12:58:27+0000 INFO Notified: ID 16953 — Fidicinstraße 1A, 10965 Friedrichshain-Kreuzberg
2026-05-15T12:58:27+0000 INFO Telegram sent: 🏠 Neues Wohnungsangebot — Tempelhof-Schöneberg

📍 Hohenstauf
2026-05-15T12:58:27+0000 INFO Notified: ID 16954 — Hohenstaufenstraße 31, 10779 Tempelhof-Schöneberg
2026-05-15T12:58:28+0000 INFO Telegram sent: 🏠 Neues Wohnungsangebot — Tempelhof-Schöneberg

📍 Bülowstraß
2026-05-15T12:58:28+0000 INFO Notified: ID 16955 — Bülowstraße 89, 10783 Tempelhof-Schöneberg
2026-05-15T15:21:54+0000 INFO Fetched page: 222 total IDs, 10 rendered details
2026-05-15T15:21:54+0000 INFO 0 new offer(s) found
2026-05-15T17:07:05+0000 INFO Fetched page: 215 total IDs, 10 rendered details
2026-05-15T17:07:05+0000 INFO 1 new offer(s) found
2026-05-15T17:07:06+0000 INFO Telegram sent: 🏠 Neues Wohnungsangebot — Tempelhof-Schöneberg

📍 Loewenhard
2026-05-15T17:07:06+0000 INFO Notified: ID 16956 — Loewenhardtdamm 9, 12101 Tempelhof-Schöneberg
2026-05-15T18:51:15+0000 INFO Fetched page: 214 total IDs, 10 rendered details
2026-05-15T18:51:15+0000 INFO 1 new offer(s) found
2026-05-15T18:51:16+0000 INFO Telegram sent: 🏠 Neues Wohnungsangebot — Tempelhof-Schöneberg

📍 Steinmetzs
2026-05-15T18:51:16+0000 INFO Notified: ID 16957 — Steinmetzstraße 20, 10783 Tempelhof-Schöneberg
2026-05-15T20:09:46+0000 INFO Fetched page: 214 total IDs, 10 rendered details
2026-05-15T20:09:46+0000 INFO 0 new offer(s) found
2026-05-15T21:18:35+0000 INFO Fetched page: 214 total IDs, 10 rendered details
2026-05-15T21:18:35+0000 INFO 0 new offer(s) found
2026-05-15T22:14:25+0000 INFO Fetched page: 214 total IDs, 10 rendered details
2026-05-15T22:14:25+0000 INFO 0 new offer(s) found
2026-05-15T23:14:17+0000 INFO Fetched page: 213 total IDs, 10 rendered details
2026-05-15T23:14:17+0000 INFO 0 new offer(s) found
2026-05-16T00:09:14+0000 INFO Fetched page: 213 total IDs, 10 rendered details
2026-05-16T00:09:14+0000 INFO 0 new offer(s) found
2026-05-16T04:00:34+0000 INFO Fetched page: 213 total IDs, 10 rendered details
2026-05-16T04:00:34+0000 INFO 0 new offer(s) found
2026-05-16T06:30:20+0000 INFO Fetched page: 213 total IDs, 10 rendered details
2026-05-16T06:30:20+0000 INFO 0 new offer(s) found
2026-05-16T08:24:50+0000 INFO Fetched page: 213 total IDs, 10 rendered details
2026-05-16T08:24:50+0000 INFO 0 new offer(s) found
2026-05-16T09:55:36+0000 INFO Fetched page: 210 total IDs, 10 rendered details
2026-05-16T09:55:36+0000 INFO 0 new offer(s) found
2026-05-16T11:02:16+0000 INFO Fetched page: 210 total IDs, 10 rendered details
2026-05-16T11:02:16+0000 INFO 0 new offer(s) found
2026-05-16T12:00:20+0000 INFO Fetched page: 210 total IDs, 10 rendered details
2026-05-16T12:00:20+0000 INFO 0 new offer(s) found
2026-05-16T13:52:03+0000 INFO Fetched page: 211 total IDs, 10 rendered details
2026-05-16T13:52:03+0000 INFO 1 new offer(s) found
2026-05-16T13:52:03+0000 INFO Telegram sent: 🏠 Neues Wohnungsangebot — Charlottenburg-Wilmersdorf

📍 Reic
2026-05-16T13:52:03+0000 INFO Notified: ID 16958 — Reichweindamm 8, 13627 Charlottenburg-Wilmersdorf
2026-05-16T14:47:40+0000 INFO Fetched page: 211 total IDs, 10 rendered details
2026-05-16T14:47:40+0000 INFO 0 new offer(s) found
2026-05-16T15:43:11+0000 INFO Fetched page: 211 total IDs, 10 rendered details
2026-05-16T15:43:11+0000 INFO 0 new offer(s) found
2026-05-16T16:39:04+0000 INFO Fetched page: 211 total IDs, 10 rendered details
2026-05-16T16:39:04+0000 INFO 0 new offer(s) found
2026-05-16T17:39:52+0000 INFO Fetched page: 211 total IDs, 10 rendered details
2026-05-16T17:39:52+0000 INFO 0 new offer(s) found
2026-05-16T18:39:45+0000 INFO Fetched page: 210 total IDs, 10 rendered details
2026-05-16T18:39:45+0000 INFO 0 new offer(s) found
2026-05-16T19:47:00+0000 INFO Fetched page: 210 total IDs, 10 rendered details
2026-05-16T19:47:00+0000 INFO 0 new offer(s) found
2026-05-16T20:33:34+0000 INFO Fetched page: 210 total IDs, 10 rendered details
2026-05-16T20:33:34+0000 INFO 0 new offer(s) found
2026-05-16T21:30:08+0000 INFO Fetched page: 209 total IDs, 10 rendered details
2026-05-16T21:30:08+0000 INFO 0 new offer(s) found
2026-05-16T22:25:43+0000 INFO Fetched page: 209 total IDs, 10 rendered details
2026-05-16T22:25:43+0000 INFO 0 new offer(s) found
2026-05-16T23:26:35+0000 INFO Fetched page: 209 total IDs, 10 rendered details
2026-05-16T23:26:35+0000 INFO 0 new offer(s) found
2026-05-17T01:24:01+0000 INFO Fetched page: 209 total IDs, 10 rendered details
2026-05-17T01:24:01+0000 INFO 0 new offer(s) found
2026-05-17T05:06:47+0000 INFO Fetched page: 209 total IDs, 10 rendered details
2026-05-17T05:06:47+0000 INFO 0 new offer(s) found
2026-05-17T07:42:58+0000 INFO Fetched page: 217 total IDs, 10 rendered details
2026-05-17T07:42:58+0000 INFO 8 new offer(s) found
2026-05-17T07:42:58+0000 INFO Skipped (district Pankow not in allowlist): ID 16959
2026-05-17T07:42:58+0000 INFO Skipped (district Pankow not in allowlist): ID 16960
2026-05-17T07:42:58+0000 INFO Skipped (district Pankow not in allowlist): ID 16961
2026-05-17T07:42:58+0000 INFO Skipped (district Pankow not in allowlist): ID 16962
2026-05-17T07:42:58+0000 INFO Skipped (district Pankow not in allowlist): ID 16963
2026-05-17T07:42:58+0000 INFO Skipped (district Pankow not in allowlist): ID 16964
2026-05-17T07:42:58+0000 INFO Skipped (district Pankow not in allowlist): ID 16965
2026-05-17T07:42:58+0000 INFO Skipped (district Pankow not in allowlist): ID 16966
2026-05-17T09:24:06+0000 INFO Fetched page: 217 total IDs, 10 rendered details
2026-05-17T09:24:06+0000 INFO 0 new offer(s) found
2026-05-17T10:49:02+0000 INFO Fetched page: 217 total IDs, 10 rendered details
2026-05-17T10:49:02+0000 INFO 0 new offer(s) found
2026-05-17T11:49:22+0000 INFO Fetched page: 217 total IDs, 10 rendered details
2026-05-17T11:49:22+0000 INFO 0 new offer(s) found
2026-05-17T12:44:20+0000 INFO Fetched page: 217 total IDs, 10 rendered details
2026-05-17T12:44:20+0000 INFO 0 new offer(s) found
2026-05-17T14:14:29+0000 INFO Fetched page: 220 total IDs, 10 rendered details
2026-05-17T14:14:29+0000 INFO 3 new offer(s) found
2026-05-17T14:14:30+0000 INFO Telegram sent: 🏠 Neues Wohnungsangebot — Neukölln

📍 Sonnenallee 42, 12045 
2026-05-17T14:14:30+0000 INFO Notified: ID 16967 — Sonnenallee 42, 12045 Neukölln
2026-05-17T14:14:30+0000 INFO Telegram sent: 🏠 Neues Wohnungsangebot — Neukölln

📍 Hertastraße 14, 12051 
2026-05-17T14:14:30+0000 INFO Notified: ID 16968 — Hertastraße 14, 12051 Neukölln
2026-05-17T14:14:30+0000 INFO Telegram sent: 🏠 Neues Wohnungsangebot — Neukölln

📍 Ilsestraße 16, 12053 N
2026-05-17T14:14:30+0000 INFO Notified: ID 16969 — Ilsestraße 16, 12053 Neukölln
2026-05-17T15:30:28+0000 INFO Fetched page: 220 total IDs, 10 rendered details
2026-05-17T15:30:28+0000 INFO 0 new offer(s) found
2026-05-17T16:32:01+0000 INFO Fetched page: 220 total IDs, 10 rendered details
2026-05-17T16:32:01+0000 INFO 0 new offer(s) found
2026-05-17T17:35:00+0000 INFO Fetched page: 220 total IDs, 10 rendered details
2026-05-17T17:35:00+0000 INFO 0 new offer(s) found
2026-05-17T18:39:31+0000 INFO Fetched page: 220 total IDs, 10 rendered details
2026-05-17T18:39:31+0000 INFO 0 new offer(s) found
2026-05-17T19:49:17+0000 INFO Fetched page: 220 total IDs, 10 rendered details
2026-05-17T19:49:17+0000 INFO 0 new offer(s) found
2026-05-17T20:36:07+0000 INFO Fetched page: 220 total IDs, 10 rendered details
2026-05-17T20:36:07+0000 INFO 0 new offer(s) found
2026-05-17T21:34:13+0000 INFO Fetched page: 220 total IDs, 10 rendered details
2026-05-17T21:34:13+0000 INFO 0 new offer(s) found
2026-05-17T22:30:56+0000 INFO Fetched page: 220 total IDs, 10 rendered details
2026-05-17T22:30:56+0000 INFO 0 new offer(s) found
2026-05-17T23:33:49+0000 INFO Fetched page: 220 total IDs, 10 rendered details
2026-05-17T23:33:49+0000 INFO 0 new offer(s) found
2026-05-18T01:31:41+0000 INFO Fetched page: 220 total IDs, 10 rendered details
2026-05-18T01:31:41+0000 INFO 0 new offer(s) found
2026-05-18T05:51:48+0000 INFO Fetched page: 219 total IDs, 10 rendered details
2026-05-18T05:51:48+0000 INFO 1 new offer(s) found
2026-05-18T05:51:48+0000 INFO Telegram sent: 🏠 Neues Wohnungsangebot — Friedrichshain-Kreuzberg

📍 Koppen
2026-05-18T05:51:48+0000 INFO Notified: ID 16970 — Koppenstraße 19, 10243 Friedrichshain-Kreuzberg
2026-05-18T09:38:24+0000 INFO Fetched page: 229 total IDs, 10 rendered details
2026-05-18T09:38:24+0000 INFO 30 new offer(s) found
2026-05-18T09:38:24+0000 WARNING ID 16971 not in top-10 details (>10 new in one window?)
2026-05-18T09:38:24+0000 INFO Telegram sent: 🏠 New offer (ID 16971) — details not rendered, see site:
🔗 h
2026-05-18T09:38:24+0000 WARNING ID 16974 not in top-10 details (>10 new in one window?)
2026-05-18T09:38:25+0000 INFO Telegram sent: 🏠 New offer (ID 16974) — details not rendered, see site:
🔗 h
2026-05-18T09:38:25+0000 WARNING ID 16975 not in top-10 details (>10 new in one window?)
2026-05-18T09:38:25+0000 INFO Telegram sent: 🏠 New offer (ID 16975) — details not rendered, see site:
🔗 h
2026-05-18T09:38:25+0000 WARNING ID 16976 not in top-10 details (>10 new in one window?)
2026-05-18T09:38:26+0000 INFO Telegram sent: 🏠 New offer (ID 16976) — details not rendered, see site:
🔗 h
2026-05-18T09:38:26+0000 WARNING ID 16977 not in top-10 details (>10 new in one window?)
2026-05-18T09:38:26+0000 INFO Telegram sent: 🏠 New offer (ID 16977) — details not rendered, see site:
🔗 h
2026-05-18T09:38:26+0000 WARNING ID 16978 not in top-10 details (>10 new in one window?)
2026-05-18T09:38:26+0000 INFO Telegram sent: 🏠 New offer (ID 16978) — details not rendered, see site:
🔗 h
2026-05-18T09:38:26+0000 WARNING ID 16979 not in top-10 details (>10 new in one window?)
2026-05-18T09:38:27+0000 INFO Telegram sent: 🏠 New offer (ID 16979) — details not rendered, see site:
🔗 h
2026-05-18T09:38:27+0000 WARNING ID 16980 not in top-10 details (>10 new in one window?)
2026-05-18T09:38:27+0000 INFO Telegram sent: 🏠 New offer (ID 16980) — details not rendered, see site:
🔗 h
2026-05-18T09:38:27+0000 WARNING ID 16981 not in top-10 details (>10 new in one window?)
2026-05-18T09:38:27+0000 INFO Telegram sent: 🏠 New offer (ID 16981) — details not rendered, see site:
🔗 h
2026-05-18T09:38:27+0000 WARNING ID 16982 not in top-10 details (>10 new in one window?)
2026-05-18T09:38:28+0000 INFO Telegram sent: 🏠 New offer (ID 16982) — details not rendered, see site:
🔗 h
2026-05-18T09:38:28+0000 WARNING ID 16983 not in top-10 details (>10 new in one window?)
2026-05-18T09:38:28+0000 INFO Telegram sent: 🏠 New offer (ID 16983) — details not rendered, see site:
🔗 h
2026-05-18T09:38:28+0000 WARNING ID 16984 not in top-10 details (>10 new in one window?)
2026-05-18T09:38:28+0000 INFO Telegram sent: 🏠 New offer (ID 16984) — details not rendered, see site:
🔗 h
2026-05-18T09:38:28+0000 WARNING ID 16985 not in top-10 details (>10 new in one window?)
2026-05-18T09:38:29+0000 INFO Telegram sent: 🏠 New offer (ID 16985) — details not rendered, see site:
🔗 h
2026-05-18T09:38:29+0000 WARNING ID 16986 not in top-10 details (>10 new in one window?)
2026-05-18T09:38:29+0000 INFO Telegram sent: 🏠 New offer (ID 16986) — details not rendered, see site:
🔗 h
2026-05-18T09:38:29+0000 WARNING ID 16987 not in top-10 details (>10 new in one window?)
2026-05-18T09:38:30+0000 INFO Telegram sent: 🏠 New offer (ID 16987) — details not rendered, see site:
🔗 h
2026-05-18T09:38:30+0000 WARNING ID 16988 not in top-10 details (>10 new in one window?)
2026-05-18T09:38:30+0000 INFO Telegram sent: 🏠 New offer (ID 16988) — details not rendered, see site:
🔗 h
2026-05-18T09:38:30+0000 WARNING ID 16989 not in top-10 details (>10 new in one window?)
2026-05-18T09:38:30+0000 INFO Telegram sent: 🏠 New offer (ID 16989) — details not rendered, see site:
🔗 h
2026-05-18T09:38:30+0000 WARNING ID 16990 not in top-10 details (>10 new in one window?)
2026-05-18T09:38:31+0000 INFO Telegram sent: 🏠 New offer (ID 16990) — details not rendered, see site:
🔗 h
2026-05-18T09:38:31+0000 WARNING ID 16991 not in top-10 details (>10 new in one window?)
2026-05-18T09:38:31+0000 INFO Telegram sent: 🏠 New offer (ID 16991) — details not rendered, see site:
🔗 h
2026-05-18T09:38:31+0000 WARNING ID 16992 not in top-10 details (>10 new in one window?)
2026-05-18T09:38:32+0000 INFO Telegram sent: 🏠 New offer (ID 16992) — details not rendered, see site:
🔗 h
2026-05-18T09:38:32+0000 INFO Skipped (district Lichtenberg not in allowlist): ID 16993
2026-05-18T09:38:32+0000 INFO Skipped (district Lichtenberg not in allowlist): ID 16994
2026-05-18T09:38:32+0000 INFO Skipped (district Lichtenberg not in allowlist): ID 16995
2026-05-18T09:38:32+0000 INFO Skipped (district Lichtenberg not in allowlist): ID 16996
2026-05-18T09:38:32+0000 INFO Telegram sent: 🏠 Neues Wohnungsangebot — Mitte

📍 Hussitenstraße 17A, 13355
2026-05-18T09:38:32+0000 INFO Notified: ID 16997 — Hussitenstraße 17A, 13355 Mitte
2026-05-18T09:38:32+0000 INFO Skipped (district Lichtenberg not in allowlist): ID 16998
2026-05-18T09:38:32+0000 INFO Skipped (district Lichtenberg not in allowlist): ID 16999
2026-05-18T09:38:32+0000 INFO Telegram sent: 🏠 Neues Wohnungsangebot — Mitte

📍 Hussitenstraße 17, 13355 
2026-05-18T09:38:32+0000 INFO Notified: ID 17000 — Hussitenstraße 17, 13355 Mitte
2026-05-18T09:38:32+0000 INFO Skipped (district Lichtenberg not in allowlist): ID 17001
2026-05-18T09:38:33+0000 INFO Telegram sent: 🏠 Neues Wohnungsangebot — Mitte

📍 Wilhelm-Kuhr-Straße 50, 1
2026-05-18T09:38:33+0000 INFO Notified: ID 17002 — Wilhelm-Kuhr-Straße 50, 13359 Mitte
2026-05-18T12:55:36+0000 INFO Fetched page: 232 total IDs, 10 rendered details
2026-05-18T12:55:36+0000 INFO 21 new offer(s) found
2026-05-18T12:55:36+0000 WARNING ID 17004 not in top-10 details (>10 new in one window?)
2026-05-18T12:55:36+0000 INFO Telegram sent: 🏠 New offer (ID 17004) — details not rendered, see site:
🔗 h
2026-05-18T12:55:36+0000 WARNING ID 17006 not in top-10 details (>10 new in one window?)
2026-05-18T12:55:37+0000 INFO Telegram sent: 🏠 New offer (ID 17006) — details not rendered, see site:
🔗 h
2026-05-18T12:55:37+0000 WARNING ID 17007 not in top-10 details (>10 new in one window?)
2026-05-18T12:55:37+0000 INFO Telegram sent: 🏠 New offer (ID 17007) — details not rendered, see site:
🔗 h
2026-05-18T12:55:37+0000 WARNING ID 17008 not in top-10 details (>10 new in one window?)
2026-05-18T12:55:37+0000 INFO Telegram sent: 🏠 New offer (ID 17008) — details not rendered, see site:
🔗 h
2026-05-18T12:55:37+0000 WARNING ID 17009 not in top-10 details (>10 new in one window?)
2026-05-18T12:55:38+0000 INFO Telegram sent: 🏠 New offer (ID 17009) — details not rendered, see site:
🔗 h
2026-05-18T12:55:38+0000 WARNING ID 17010 not in top-10 details (>10 new in one window?)
2026-05-18T12:55:38+0000 INFO Telegram sent: 🏠 New offer (ID 17010) — details not rendered, see site:
🔗 h
2026-05-18T12:55:38+0000 WARNING ID 17011 not in top-10 details (>10 new in one window?)
2026-05-18T12:55:38+0000 INFO Telegram sent: 🏠 New offer (ID 17011) — details not rendered, see site:
🔗 h
2026-05-18T12:55:38+0000 WARNING ID 17012 not in top-10 details (>10 new in one window?)
2026-05-18T12:55:39+0000 INFO Telegram sent: 🏠 New offer (ID 17012) — details not rendered, see site:
🔗 h
2026-05-18T12:55:39+0000 WARNING ID 17013 not in top-10 details (>10 new in one window?)
2026-05-18T12:55:39+0000 INFO Telegram sent: 🏠 New offer (ID 17013) — details not rendered, see site:
🔗 h
2026-05-18T12:55:39+0000 WARNING ID 17014 not in top-10 details (>10 new in one window?)
2026-05-18T12:55:39+0000 INFO Telegram sent: 🏠 New offer (ID 17014) — details not rendered, see site:
🔗 h
2026-05-18T12:55:39+0000 WARNING ID 17015 not in top-10 details (>10 new in one window?)
2026-05-18T12:55:40+0000 INFO Telegram sent: 🏠 New offer (ID 17015) — details not rendered, see site:
🔗 h
2026-05-18T12:55:40+0000 INFO Skipped (district Lichtenberg not in allowlist): ID 17016
2026-05-18T12:55:40+0000 INFO Skipped (district Marzahn-Hellersdorf not in allowlist): ID 17017
2026-05-18T12:55:40+0000 INFO Skipped (district Lichtenberg not in allowlist): ID 17018
2026-05-18T12:55:40+0000 INFO Skipped (district Lichtenberg not in allowlist): ID 17019
2026-05-18T12:55:40+0000 INFO Skipped (district Lichtenberg not in allowlist): ID 17020
2026-05-18T12:55:40+0000 INFO Telegram sent: 🏠 Neues Wohnungsangebot — Charlottenburg-Wilmersdorf

📍 Pfal
2026-05-18T12:55:40+0000 INFO Notified: ID 17021 — Pfalzburger Straße 26, 10717 Charlottenburg-Wilmersdorf
2026-05-18T12:55:40+0000 INFO Telegram sent: 🏠 Neues Wohnungsangebot — Tempelhof-Schöneberg

📍 Friedrich-
2026-05-18T12:55:40+0000 INFO Notified: ID 17022 — Friedrich-Wilhelm-Straße 92, 12099 Tempelhof-Schöneberg
2026-05-18T12:55:40+0000 INFO Skipped (district Spandau not in allowlist): ID 17023
2026-05-18T12:55:40+0000 INFO Skipped (district Spandau not in allowlist): ID 17024
2026-05-18T12:55:40+0000 INFO Skipped (district Treptow-Köpenick not in allowlist): ID 17025
2026-05-18T16:23:50+0000 INFO Fetched page: 234 total IDs, 10 rendered details
2026-05-18T16:23:50+0000 INFO 6 new offer(s) found
2026-05-18T16:23:50+0000 INFO Skipped (district Lichtenberg not in allowlist): ID 17026
2026-05-18T16:23:50+0000 INFO Telegram sent: 🏠 Neues Wohnungsangebot — Neukölln

📍 Zwickauer Damm 12, 123
2026-05-18T16:23:50+0000 INFO Notified: ID 17027 — Zwickauer Damm 12, 12353 Neukölln
2026-05-18T16:23:50+0000 INFO Skipped (district Spandau not in allowlist): ID 17028
2026-05-18T16:23:50+0000 INFO Skipped (district Spandau not in allowlist): ID 17029
2026-05-18T16:23:50+0000 INFO Skipped (district Treptow-Köpenick not in allowlist): ID 17030
2026-05-18T16:23:50+0000 INFO Skipped (district Lichtenberg not in allowlist): ID 17031
2026-05-18T18:17:41+0000 INFO Fetched page: 236 total IDs, 10 rendered details
2026-05-18T18:17:41+0000 INFO 4 new offer(s) found
2026-05-18T18:17:41+0000 INFO Telegram sent: 🏠 Neues Wohnungsangebot — Friedrichshain-Kreuzberg

📍 Mehrin
2026-05-18T18:17:41+0000 INFO Notified: ID 17032 — Mehringplatz 9, 10969 Friedrichshain-Kreuzberg
2026-05-18T18:17:42+0000 INFO Telegram sent: 🏠 Neues Wohnungsangebot — Friedrichshain-Kreuzberg

📍 Linden
2026-05-18T18:17:42+0000 INFO Notified: ID 17033 — Lindenstraße 79, 10969 Friedrichshain-Kreuzberg
2026-05-18T18:17:42+0000 INFO Skipped (district Spandau not in allowlist): ID 17034
2026-05-18T18:17:42+0000 INFO Skipped (district Treptow-Köpenick not in allowlist): ID 17035
2026-05-18T20:05:59+0000 INFO Fetched page: 234 total IDs, 10 rendered details
2026-05-18T20:05:59+0000 INFO 0 new offer(s) found
2026-05-18T21:23:12+0000 INFO Fetched page: 234 total IDs, 10 rendered details
2026-05-18T21:23:12+0000 INFO 0 new offer(s) found
2026-05-18T22:31:08+0000 INFO Fetched page: 234 total IDs, 10 rendered details
2026-05-18T22:31:08+0000 INFO 0 new offer(s) found
2026-05-18T23:40:22+0000 INFO Fetched page: 232 total IDs, 10 rendered details
2026-05-18T23:40:22+0000 INFO 0 new offer(s) found
2026-05-19T01:34:44+0000 INFO Fetched page: 231 total IDs, 10 rendered details
2026-05-19T01:34:44+0000 INFO 0 new offer(s) found
2026-05-19T05:48:18+0000 INFO Fetched page: 230 total IDs, 10 rendered details
2026-05-19T05:48:18+0000 INFO 0 new offer(s) found
2026-05-19T08:51:19+0000 INFO Fetched page: 226 total IDs, 10 rendered details
2026-05-19T08:51:19+0000 INFO 10 new offer(s) found
2026-05-19T08:51:19+0000 INFO Skipped (district Lichtenberg not in allowlist): ID 17036
2026-05-19T08:51:19+0000 INFO Telegram sent: 🏠 Neues Wohnungsangebot — Friedrichshain-Kreuzberg

📍 Bahrfe
2026-05-19T08:51:19+0000 INFO Notified: ID 17037 — Bahrfeldtstraße 33, 10245 Friedrichshain-Kreuzberg
2026-05-19T08:51:20+0000 INFO Telegram sent: 🏠 Neues Wohnungsangebot — Charlottenburg-Wilmersdorf

📍 Cice
2026-05-19T08:51:20+0000 INFO Notified: ID 17038 — Cicerostraße 44, 10709 Charlottenburg-Wilmersdorf
2026-05-19T08:51:20+0000 INFO Skipped (district Marzahn-Hellersdorf not in allowlist): ID 17039
2026-05-19T08:51:20+0000 INFO Skipped (district Pankow not in allowlist): ID 17040
2026-05-19T08:51:20+0000 INFO Skipped (district Pankow not in allowlist): ID 17041
2026-05-19T08:51:20+0000 INFO Skipped (district Treptow-Köpenick not in allowlist): ID 17042
2026-05-19T08:51:20+0000 INFO Skipped (district Lichtenberg not in allowlist): ID 17043
2026-05-19T08:51:20+0000 INFO Skipped (district Reinickendorf not in allowlist): ID 17044
2026-05-19T08:51:20+0000 INFO Skipped (district Reinickendorf not in allowlist): ID 17045
2026-05-19T11:53:05+0000 INFO Fetched page: 229 total IDs, 10 rendered details
2026-05-19T11:53:05+0000 INFO 8 new offer(s) found
2026-05-19T11:53:05+0000 INFO Skipped (district Treptow-Köpenick not in allowlist): ID 17046
2026-05-19T11:53:06+0000 INFO Telegram sent: 🏠 Neues Wohnungsangebot — Neukölln

📍 Käthe-Dorsch-Ring 1, 1
2026-05-19T11:53:06+0000 INFO Notified: ID 17047 — Käthe-Dorsch-Ring 1, 12353 Neukölln
2026-05-19T11:53:06+0000 INFO Skipped (district Lichtenberg not in allowlist): ID 17048
2026-05-19T11:53:06+0000 INFO Skipped (district Marzahn-Hellersdorf not in allowlist): ID 17049
2026-05-19T11:53:06+0000 INFO Skipped (district Spandau not in allowlist): ID 17050
2026-05-19T11:53:06+0000 INFO Skipped (district Marzahn-Hellersdorf not in allowlist): ID 17051
2026-05-19T11:53:06+0000 INFO Skipped (district Marzahn-Hellersdorf not in allowlist): ID 17052
2026-05-19T11:53:06+0000 INFO Skipped (district Marzahn-Hellersdorf not in allowlist): ID 17053
2026-05-19T14:43:16+0000 INFO Fetched page: 233 total IDs, 10 rendered details
2026-05-19T14:43:16+0000 INFO 10 new offer(s) found
2026-05-19T14:43:17+0000 INFO Telegram sent: 🏠 Neues Wohnungsangebot — Neukölln

📍 Delphinstraße 12, 1205
2026-05-19T14:43:17+0000 INFO Notified: ID 17054 — Delphinstraße 12, 12057 Neukölln
2026-05-19T14:43:17+0000 INFO Skipped (district Lichtenberg not in allowlist): ID 17055
2026-05-19T14:43:17+0000 INFO Skipped (district Lichtenberg not in allowlist): ID 17056
2026-05-19T14:43:17+0000 INFO Skipped (district Lichtenberg not in allowlist): ID 17057
2026-05-19T14:43:17+0000 INFO Skipped (district Spandau not in allowlist): ID 17058
2026-05-19T14:43:17+0000 INFO Skipped (district Spandau not in allowlist): ID 17059
2026-05-19T14:43:17+0000 INFO Telegram sent: 🏠 Neues Wohnungsangebot — Friedrichshain-Kreuzberg

📍 Grünbe
2026-05-19T14:43:17+0000 INFO Notified: ID 17060 — Grünberger Straße 51, 10245 Friedrichshain-Kreuzberg
2026-05-19T14:43:18+0000 INFO Telegram sent: 🏠 Neues Wohnungsangebot — Friedrichshain-Kreuzberg

📍 Colbes
2026-05-19T14:43:18+0000 INFO Notified: ID 17061 — Colbestraße 34, 10247 Friedrichshain-Kreuzberg
2026-05-19T14:43:18+0000 INFO Telegram sent: 🏠 Neues Wohnungsangebot — Friedrichshain-Kreuzberg

📍 Weichs
2026-05-19T14:43:18+0000 INFO Notified: ID 17062 — Weichselstraße 3, 10247 Friedrichshain-Kreuzberg
2026-05-19T14:43:19+0000 INFO Telegram sent: 🏠 Neues Wohnungsangebot — Tempelhof-Schöneberg

📍 Stadtilmer
2026-05-19T14:43:19+0000 INFO Notified: ID 17063 — Stadtilmer Weg 15, 12279 Tempelhof-Schöneberg
2026-05-19T17:30:00+0000 INFO Fetched page: 231 total IDs, 10 rendered details
2026-05-19T17:30:00+0000 INFO 7 new offer(s) found
2026-05-19T17:30:00+0000 INFO Telegram sent: 🏠 Neues Wohnungsangebot — Tempelhof-Schöneberg

📍 Ahrensdorf
2026-05-19T17:30:00+0000 INFO Notified: ID 17064 — Ahrensdorfer Straße 31, 12279 Tempelhof-Schöneberg
2026-05-19T17:30:01+0000 INFO Telegram sent: 🏠 Neues Wohnungsangebot — Tempelhof-Schöneberg

📍 Tirschenre
2026-05-19T17:30:01+0000 INFO Notified: ID 17069 — Tirschenreuther Ring 12, 12279 Tempelhof-Schöneberg
2026-05-19T17:30:01+0000 INFO Skipped (district Treptow-Köpenick not in allowlist): ID 17070
2026-05-19T17:30:01+0000 INFO Skipped (district Lichtenberg not in allowlist): ID 17071
2026-05-19T17:30:01+0000 INFO Skipped (district Lichtenberg not in allowlist): ID 17072
2026-05-19T17:30:01+0000 INFO Skipped (district Lichtenberg not in allowlist): ID 17073
2026-05-19T17:30:01+0000 INFO Telegram sent: 🏠 Neues Wohnungsangebot — Charlottenburg-Wilmersdorf

📍 Schl
2026-05-19T17:30:01+0000 INFO Notified: ID 17074 — Schlangenbader Straße 38, 14197 Charlottenburg-Wilmersdorf
2026-05-19T19:27:48+0000 INFO Fetched page: 225 total IDs, 10 rendered details
2026-05-19T19:27:48+0000 INFO 0 new offer(s) found
2026-05-19T21:03:35+0000 INFO Fetched page: 225 total IDs, 10 rendered details
2026-05-19T21:03:35+0000 INFO 0 new offer(s) found
2026-05-19T22:22:26+0000 INFO Fetched page: 225 total IDs, 10 rendered details
2026-05-19T22:22:26+0000 INFO 0 new offer(s) found
2026-05-19T23:37:25+0000 INFO Fetched page: 224 total IDs, 10 rendered details
2026-05-19T23:37:25+0000 INFO 0 new offer(s) found
2026-05-20T01:34:37+0000 INFO Fetched page: 224 total IDs, 10 rendered details
2026-05-20T01:34:37+0000 INFO 0 new offer(s) found
2026-05-20T05:49:46+0000 INFO Fetched page: 224 total IDs, 10 rendered details
2026-05-20T05:49:46+0000 INFO 2 new offer(s) found
2026-05-20T05:49:46+0000 INFO Telegram sent: 🏠 Neues Wohnungsangebot — Neukölln

📍 Buschkrugallee 144A, 1
2026-05-20T05:49:46+0000 INFO Notified: ID 17075 — Buschkrugallee 144A, 12359 Neukölln
2026-05-20T05:49:46+0000 INFO Skipped (district Marzahn-Hellersdorf not in allowlist): ID 17076
2026-05-20T08:47:06+0000 INFO Fetched page: 223 total IDs, 10 rendered details
2026-05-20T08:47:06+0000 INFO 8 new offer(s) found
2026-05-20T08:47:06+0000 INFO Skipped (district Reinickendorf not in allowlist): ID 17077
2026-05-20T08:47:06+0000 INFO Skipped (district Treptow-Köpenick not in allowlist): ID 17078
2026-05-20T08:47:06+0000 INFO Skipped (district Treptow-Köpenick not in allowlist): ID 17079
2026-05-20T08:47:07+0000 INFO Telegram sent: 🏠 Neues Wohnungsangebot — Tempelhof-Schöneberg

📍 Waldsassen
2026-05-20T08:47:07+0000 INFO Notified: ID 17080 — Waldsassener Straße 38, 12279 Tempelhof-Schöneberg
2026-05-20T08:47:07+0000 INFO Telegram sent: 🏠 Neues Wohnungsangebot — Tempelhof-Schöneberg

📍 Tirschenre
2026-05-20T08:47:07+0000 INFO Notified: ID 17081 — Tirschenreuther Ring 13, 12279 Tempelhof-Schöneberg
2026-05-20T08:47:08+0000 INFO Telegram sent: 🏠 Neues Wohnungsangebot — Tempelhof-Schöneberg

📍 Tirschenre
2026-05-20T08:47:08+0000 INFO Notified: ID 17082 — Tirschenreuther Ring 15, 12279 Tempelhof-Schöneberg
2026-05-20T08:47:08+0000 INFO Skipped (district Lichtenberg not in allowlist): ID 17084
2026-05-20T08:47:08+0000 INFO Skipped (district Lichtenberg not in allowlist): ID 17085
2026-05-20T11:37:49+0000 INFO Fetched page: 220 total IDs, 10 rendered details
2026-05-20T11:37:49+0000 INFO 4 new offer(s) found
2026-05-20T11:37:49+0000 INFO Telegram sent: 🏠 Neues Wohnungsangebot — Neukölln

📍 Am Straßenbahnhof 50C,
2026-05-20T11:37:49+0000 INFO Notified: ID 17086 — Am Straßenbahnhof 50C, 12347 Neukölln
2026-05-20T11:37:49+0000 INFO Skipped (district Treptow-Köpenick not in allowlist): ID 17089
2026-05-20T11:37:49+0000 INFO Skipped (district Treptow-Köpenick not in allowlist): ID 17090
2026-05-20T11:37:49+0000 INFO Skipped (district Treptow-Köpenick not in allowlist): ID 17091
2026-05-20T14:16:34+0000 INFO Fetched page: 224 total IDs, 10 rendered details
2026-05-20T14:16:34+0000 INFO 10 new offer(s) found
2026-05-20T14:16:34+0000 INFO Skipped (district Reinickendorf not in allowlist): ID 17092
2026-05-20T14:16:34+0000 INFO Skipped (district Marzahn-Hellersdorf not in allowlist): ID 17093
2026-05-20T14:16:34+0000 INFO Skipped (district Treptow-Köpenick not in allowlist): ID 17095
2026-05-20T14:16:34+0000 INFO Skipped (district Reinickendorf not in allowlist): ID 17096
2026-05-20T14:16:34+0000 INFO Skipped (district Marzahn-Hellersdorf not in allowlist): ID 17097
2026-05-20T14:16:34+0000 INFO Skipped (district Reinickendorf not in allowlist): ID 17098
2026-05-20T14:16:34+0000 INFO Skipped (district Spandau not in allowlist): ID 17099
2026-05-20T14:16:34+0000 INFO Telegram sent: 🏠 Neues Wohnungsangebot — Tempelhof-Schöneberg

📍 Yorckstraß
2026-05-20T14:16:34+0000 INFO Notified: ID 17100 — Yorckstraße 52, 10965 Tempelhof-Schöneberg
2026-05-20T14:16:34+0000 INFO Telegram sent: 🏠 Neues Wohnungsangebot — Tempelhof-Schöneberg

📍 Kulmer Str
2026-05-20T14:16:34+0000 INFO Notified: ID 17101 — Kulmer Straße 24, 10783 Tempelhof-Schöneberg
2026-05-20T14:16:35+0000 INFO Telegram sent: 🏠 Neues Wohnungsangebot — Tempelhof-Schöneberg

📍 Blumenthal
2026-05-20T14:16:35+0000 INFO Notified: ID 17102 — Blumenthalstraße 14, 10783 Tempelhof-Schöneberg
2026-05-20T17:34:09+0000 INFO Fetched page: 223 total IDs, 10 rendered details
2026-05-20T17:34:09+0000 INFO 2 new offer(s) found
2026-05-20T17:34:09+0000 INFO Skipped (district Treptow-Köpenick not in allowlist): ID 17103
2026-05-20T17:34:09+0000 INFO Skipped (district Treptow-Köpenick not in allowlist): ID 17104
2026-05-20T19:52:32+0000 INFO Fetched page: 223 total IDs, 10 rendered details
2026-05-20T19:52:32+0000 INFO 0 new offer(s) found
2026-05-20T21:43:52+0000 INFO Fetched page: 220 total IDs, 10 rendered details
2026-05-20T21:43:52+0000 INFO 0 new offer(s) found
2026-05-20T23:00:09+0000 INFO Fetched page: 220 total IDs, 10 rendered details
2026-05-20T23:00:09+0000 INFO 0 new offer(s) found
2026-05-21T00:14:41+0000 INFO Fetched page: 220 total IDs, 10 rendered details
2026-05-21T00:14:41+0000 INFO 0 new offer(s) found
2026-05-21T04:47:45+0000 INFO Fetched page: 217 total IDs, 10 rendered details
2026-05-21T04:47:45+0000 INFO 0 new offer(s) found
2026-05-21T08:24:20+0000 INFO Fetched page: 231 total IDs, 10 rendered details
2026-05-21T08:24:20+0000 INFO 17 new offer(s) found
2026-05-21T08:24:20+0000 WARNING ID 17106 not in top-10 details (>10 new in one window?)
2026-05-21T08:24:21+0000 INFO Telegram sent: 🏠 New offer (ID 17106) — details not rendered, see site:
🔗 h
2026-05-21T08:24:21+0000 WARNING ID 17107 not in top-10 details (>10 new in one window?)
2026-05-21T08:24:21+0000 INFO Telegram sent: 🏠 New offer (ID 17107) — details not rendered, see site:
🔗 h
2026-05-21T08:24:21+0000 WARNING ID 17108 not in top-10 details (>10 new in one window?)
2026-05-21T08:24:22+0000 INFO Telegram sent: 🏠 New offer (ID 17108) — details not rendered, see site:
🔗 h
2026-05-21T08:24:22+0000 WARNING ID 17109 not in top-10 details (>10 new in one window?)
2026-05-21T08:24:22+0000 INFO Telegram sent: 🏠 New offer (ID 17109) — details not rendered, see site:
🔗 h
2026-05-21T08:24:22+0000 WARNING ID 17110 not in top-10 details (>10 new in one window?)
2026-05-21T08:24:23+0000 INFO Telegram sent: 🏠 New offer (ID 17110) — details not rendered, see site:
🔗 h
2026-05-21T08:24:23+0000 WARNING ID 17111 not in top-10 details (>10 new in one window?)
2026-05-21T08:24:23+0000 INFO Telegram sent: 🏠 New offer (ID 17111) — details not rendered, see site:
🔗 h
2026-05-21T08:24:23+0000 WARNING ID 17112 not in top-10 details (>10 new in one window?)
2026-05-21T08:24:24+0000 INFO Telegram sent: 🏠 New offer (ID 17112) — details not rendered, see site:
🔗 h
2026-05-21T08:24:24+0000 INFO Telegram sent: 🏠 Neues Wohnungsangebot — Tempelhof-Schöneberg

📍 Waldsassen
2026-05-21T08:24:24+0000 INFO Notified: ID 17113 — Waldsassener Straße 22, 12279 Tempelhof-Schöneberg
2026-05-21T08:24:24+0000 INFO Skipped (district Marzahn-Hellersdorf not in allowlist): ID 17114
2026-05-21T08:24:24+0000 INFO Skipped (district Treptow-Köpenick not in allowlist): ID 17115
2026-05-21T08:24:24+0000 INFO Skipped (district Treptow-Köpenick not in allowlist): ID 17116
2026-05-21T08:24:24+0000 INFO Skipped (district Treptow-Köpenick not in allowlist): ID 17117
2026-05-21T08:24:24+0000 INFO Skipped (district Treptow-Köpenick not in allowlist): ID 17118
2026-05-21T08:24:24+0000 INFO Skipped (district Treptow-Köpenick not in allowlist): ID 17119
2026-05-21T08:24:24+0000 INFO Skipped (district Treptow-Köpenick not in allowlist): ID 17120
2026-05-21T08:24:24+0000 INFO Skipped (district Treptow-Köpenick not in allowlist): ID 17121
2026-05-21T08:24:24+0000 INFO Skipped (district Treptow-Köpenick not in allowlist): ID 17122
2026-05-21T11:44:31+0000 INFO Fetched page: 245 total IDs, 10 rendered details
2026-05-21T11:44:31+0000 INFO 21 new offer(s) found
2026-05-21T11:44:31+0000 WARNING ID 17123 not in top-10 details (>10 new in one window?)
2026-05-21T11:44:31+0000 INFO Telegram sent: 🏠 New offer (ID 17123) — details not rendered, see site:
🔗 h
2026-05-21T11:44:31+0000 WARNING ID 17125 not in top-10 details (>10 new in one window?)
2026-05-21T11:44:32+0000 INFO Telegram sent: 🏠 New offer (ID 17125) — details not rendered, see site:
🔗 h
2026-05-21T11:44:32+0000 WARNING ID 17126 not in top-10 details (>10 new in one window?)
2026-05-21T11:44:32+0000 INFO Telegram sent: 🏠 New offer (ID 17126) — details not rendered, see site:
🔗 h
2026-05-21T11:44:32+0000 WARNING ID 17127 not in top-10 details (>10 new in one window?)
2026-05-21T11:44:33+0000 INFO Telegram sent: 🏠 New offer (ID 17127) — details not rendered, see site:
🔗 h
2026-05-21T11:44:33+0000 WARNING ID 17128 not in top-10 details (>10 new in one window?)
2026-05-21T11:44:33+0000 INFO Telegram sent: 🏠 New offer (ID 17128) — details not rendered, see site:
🔗 h
2026-05-21T11:44:33+0000 WARNING ID 17129 not in top-10 details (>10 new in one window?)
2026-05-21T11:44:34+0000 INFO Telegram sent: 🏠 New offer (ID 17129) — details not rendered, see site:
🔗 h
2026-05-21T11:44:34+0000 WARNING ID 17130 not in top-10 details (>10 new in one window?)
2026-05-21T11:44:34+0000 INFO Telegram sent: 🏠 New offer (ID 17130) — details not rendered, see site:
🔗 h
2026-05-21T11:44:34+0000 WARNING ID 17131 not in top-10 details (>10 new in one window?)
2026-05-21T11:44:35+0000 INFO Telegram sent: 🏠 New offer (ID 17131) — details not rendered, see site:
🔗 h
2026-05-21T11:44:35+0000 WARNING ID 17132 not in top-10 details (>10 new in one window?)
2026-05-21T11:44:35+0000 INFO Telegram sent: 🏠 New offer (ID 17132) — details not rendered, see site:
🔗 h
2026-05-21T11:44:35+0000 WARNING ID 17133 not in top-10 details (>10 new in one window?)
2026-05-21T11:44:35+0000 INFO Telegram sent: 🏠 New offer (ID 17133) — details not rendered, see site:
🔗 h
2026-05-21T11:44:36+0000 WARNING ID 17134 not in top-10 details (>10 new in one window?)
2026-05-21T11:44:36+0000 INFO Telegram sent: 🏠 New offer (ID 17134) — details not rendered, see site:
🔗 h
2026-05-21T11:44:36+0000 INFO Telegram sent: 🏠 Neues Wohnungsangebot — Neukölln

📍 Am Straßenbahnhof 61, 
2026-05-21T11:44:36+0000 INFO Notified: ID 17135 — Am Straßenbahnhof 61, 12347 Neukölln
2026-05-21T11:44:36+0000 INFO Skipped (district Treptow-Köpenick not in allowlist): ID 17136
2026-05-21T11:44:36+0000 INFO Skipped (district Marzahn-Hellersdorf not in allowlist): ID 17137
2026-05-21T11:44:36+0000 INFO Skipped (district Treptow-Köpenick not in allowlist): ID 17138
2026-05-21T11:44:36+0000 INFO Skipped (district Marzahn-Hellersdorf not in allowlist): ID 17139
2026-05-21T11:44:36+0000 INFO Skipped (district Treptow-Köpenick not in allowlist): ID 17140
2026-05-21T11:44:36+0000 INFO Skipped (district Lichtenberg not in allowlist): ID 17141
2026-05-21T11:44:37+0000 INFO Telegram sent: 🏠 Neues Wohnungsangebot — Mitte

📍 Iranische Straße 4B, 1334
2026-05-21T11:44:37+0000 INFO Notified: ID 17142 — Iranische Straße 4B, 13347 Mitte
2026-05-21T11:44:37+0000 INFO Skipped (district Spandau not in allowlist): ID 17143
2026-05-21T11:44:37+0000 INFO Skipped (district Spandau not in allowlist): ID 17144
2026-05-21T14:27:46+0000 INFO Fetched page: 249 total IDs, 10 rendered details
2026-05-21T14:27:46+0000 INFO 10 new offer(s) found
2026-05-21T14:27:46+0000 INFO Skipped (district Marzahn-Hellersdorf not in allowlist): ID 17146
2026-05-21T14:27:46+0000 INFO Skipped (district Marzahn-Hellersdorf not in allowlist): ID 17147
2026-05-21T14:27:46+0000 INFO Skipped (district Lichtenberg not in allowlist): ID 17148
2026-05-21T14:27:46+0000 INFO Skipped (district Lichtenberg not in allowlist): ID 17149
2026-05-21T14:27:47+0000 INFO Telegram sent: 🏠 Neues Wohnungsangebot — Tempelhof-Schöneberg

📍 Grüntenstr
2026-05-21T14:27:47+0000 INFO Notified: ID 17150 — Grüntenstraße 82, 12107 Tempelhof-Schöneberg
2026-05-21T14:27:47+0000 INFO Skipped (district Marzahn-Hellersdorf not in allowlist): ID 17151
2026-05-21T14:27:47+0000 INFO Skipped (district Lichtenberg not in allowlist): ID 17152
2026-05-21T14:27:47+0000 INFO Skipped (district Lichtenberg not in allowlist): ID 17153
2026-05-21T14:27:47+0000 INFO Skipped (district Lichtenberg not in allowlist): ID 17154
2026-05-21T14:27:47+0000 INFO Telegram sent: 🏠 Neues Wohnungsangebot — Friedrichshain-Kreuzberg

📍 Wilhel
2026-05-21T14:27:47+0000 INFO Notified: ID 17155 — Wilhelmstraße 130, 10963 Friedrichshain-Kreuzberg
2026-05-21T17:15:42+0000 INFO Fetched page: 247 total IDs, 10 rendered details
2026-05-21T17:15:42+0000 INFO 1 new offer(s) found
2026-05-21T17:15:43+0000 INFO Telegram sent: 🏠 Neues Wohnungsangebot — Neukölln

📍 In den Bauerngärten 10
2026-05-21T17:15:43+0000 INFO Notified: ID 17156 — In den Bauerngärten 10, 12349 Neukölln
2026-05-21T19:20:27+0000 INFO Fetched page: 246 total IDs, 10 rendered details
2026-05-21T19:20:27+0000 INFO 0 new offer(s) found
2026-05-21T21:03:50+0000 INFO Fetched page: 245 total IDs, 10 rendered details
2026-05-21T21:03:50+0000 INFO 1 new offer(s) found
2026-05-21T21:03:50+0000 INFO Skipped (district Pankow not in allowlist): ID 17157
2026-05-21T22:38:20+0000 INFO Fetched page: 244 total IDs, 10 rendered details
2026-05-21T22:38:20+0000 INFO 0 new offer(s) found
2026-05-21T23:39:21+0000 INFO Fetched page: 244 total IDs, 10 rendered details
2026-05-21T23:39:21+0000 INFO 0 new offer(s) found
2026-05-22T01:35:06+0000 INFO Fetched page: 244 total IDs, 10 rendered details
2026-05-22T01:35:06+0000 INFO 0 new offer(s) found
2026-05-22T05:48:21+0000 INFO Fetched page: 242 total IDs, 10 rendered details
2026-05-22T05:48:21+0000 INFO 0 new offer(s) found
2026-05-22T08:42:11+0000 INFO Fetched page: 241 total IDs, 10 rendered details
2026-05-22T08:42:11+0000 INFO 13 new offer(s) found
2026-05-22T08:42:11+0000 WARNING ID 17159 not in top-10 details (>10 new in one window?)
2026-05-22T08:42:11+0000 INFO Telegram sent: 🏠 New offer (ID 17159) — details not rendered, see site:
🔗 h
2026-05-22T08:42:11+0000 WARNING ID 17160 not in top-10 details (>10 new in one window?)
2026-05-22T08:42:11+0000 INFO Telegram sent: 🏠 New offer (ID 17160) — details not rendered, see site:
🔗 h
2026-05-22T08:42:11+0000 WARNING ID 17161 not in top-10 details (>10 new in one window?)
2026-05-22T08:42:12+0000 INFO Telegram sent: 🏠 New offer (ID 17161) — details not rendered, see site:
🔗 h
2026-05-22T08:42:12+0000 INFO Skipped (district Marzahn-Hellersdorf not in allowlist): ID 17162
2026-05-22T08:42:12+0000 INFO Skipped (district Treptow-Köpenick not in allowlist): ID 17163
2026-05-22T08:42:12+0000 INFO Skipped (district Marzahn-Hellersdorf not in allowlist): ID 17164
2026-05-22T08:42:12+0000 INFO Skipped (district Marzahn-Hellersdorf not in allowlist): ID 17165
2026-05-22T08:42:12+0000 INFO Skipped (district Marzahn-Hellersdorf not in allowlist): ID 17166
2026-05-22T08:42:12+0000 INFO Skipped (district Treptow-Köpenick not in allowlist): ID 17167
2026-05-22T08:42:12+0000 INFO Skipped (district Spandau not in allowlist): ID 17168
2026-05-22T08:42:12+0000 INFO Skipped (district Lichtenberg not in allowlist): ID 17169
2026-05-22T08:42:12+0000 INFO Skipped (district Lichtenberg not in allowlist): ID 17170
2026-05-22T08:42:12+0000 INFO Telegram sent: 🏠 Neues Wohnungsangebot — Tempelhof-Schöneberg

📍 Schichauwe
2026-05-22T08:42:12+0000 INFO Notified: ID 17171 — Schichauweg 31, 12307 Tempelhof-Schöneberg
2026-05-22T11:32:49+0000 INFO Fetched page: 248 total IDs, 10 rendered details
2026-05-22T11:32:49+0000 INFO 16 new offer(s) found
2026-05-22T11:32:49+0000 WARNING ID 17172 not in top-10 details (>10 new in one window?)
2026-05-22T11:32:50+0000 INFO Telegram sent: 🏠 New offer (ID 17172) — details not rendered, see site:
🔗 h
2026-05-22T11:32:50+0000 WARNING ID 17173 not in top-10 details (>10 new in one window?)
2026-05-22T11:32:50+0000 INFO Telegram sent: 🏠 New offer (ID 17173) — details not rendered, see site:
🔗 h
2026-05-22T11:32:50+0000 WARNING ID 17174 not in top-10 details (>10 new in one window?)
2026-05-22T11:32:51+0000 INFO Telegram sent: 🏠 New offer (ID 17174) — details not rendered, see site:
🔗 h
2026-05-22T11:32:51+0000 WARNING ID 17175 not in top-10 details (>10 new in one window?)
2026-05-22T11:32:51+0000 INFO Telegram sent: 🏠 New offer (ID 17175) — details not rendered, see site:
🔗 h
2026-05-22T11:32:51+0000 WARNING ID 17176 not in top-10 details (>10 new in one window?)
2026-05-22T11:32:52+0000 INFO Telegram sent: 🏠 New offer (ID 17176) — details not rendered, see site:
🔗 h
2026-05-22T11:32:52+0000 WARNING ID 17177 not in top-10 details (>10 new in one window?)
2026-05-22T11:32:52+0000 INFO Telegram sent: 🏠 New offer (ID 17177) — details not rendered, see site:
🔗 h
2026-05-22T11:32:52+0000 INFO Skipped (district Spandau not in allowlist): ID 17178
2026-05-22T11:32:52+0000 INFO Skipped (district Spandau not in allowlist): ID 17179
2026-05-22T11:32:52+0000 INFO Skipped (district Pankow not in allowlist): ID 17180
2026-05-22T11:32:52+0000 INFO Skipped (district Pankow not in allowlist): ID 17181
2026-05-22T11:32:52+0000 INFO Skipped (district Steglitz-Zehlendorf not in allowlist): ID 17182
2026-05-22T11:32:52+0000 INFO Skipped (district Treptow-Köpenick not in allowlist): ID 17183
2026-05-22T11:32:52+0000 INFO Skipped (district Treptow-Köpenick not in allowlist): ID 17184
2026-05-22T11:32:53+0000 INFO Telegram sent: 🏠 Neues Wohnungsangebot — Tempelhof-Schöneberg

📍 Tirschenre
2026-05-22T11:32:53+0000 INFO Notified: ID 17185 — Tirschenreuther Ring 22, 12279 Tempelhof-Schöneberg
2026-05-22T11:32:53+0000 INFO Telegram sent: 🏠 Neues Wohnungsangebot — Charlottenburg-Wilmersdorf

📍 Klau
2026-05-22T11:32:53+0000 INFO Notified: ID 17186 — Klausingring 5, 13627 Charlottenburg-Wilmersdorf
2026-05-22T11:32:53+0000 INFO Skipped (district Lichtenberg not in allowlist): ID 17187
2026-05-22T13:57:36+0000 INFO Fetched page: 246 total IDs, 10 rendered details
2026-05-22T13:57:36+0000 INFO 7 new offer(s) found
2026-05-22T13:57:36+0000 INFO Skipped (district Lichtenberg not in allowlist): ID 17188
2026-05-22T13:57:36+0000 INFO Skipped (district Lichtenberg not in allowlist): ID 17189
2026-05-22T13:57:37+0000 INFO Telegram sent: 🏠 Neues Wohnungsangebot — Neukölln

📍 Alt-Britz 107,107A, 12
2026-05-22T13:57:37+0000 INFO Notified: ID 17190 — Alt-Britz 107,107A, 12359 Neukölln
2026-05-22T13:57:37+0000 INFO Telegram sent: 🏠 Neues Wohnungsangebot — Neukölln

📍 Alt-Britz 107,107A, 12
2026-05-22T13:57:37+0000 INFO Notified: ID 17191 — Alt-Britz 107,107A, 12359 Neukölln
2026-05-22T13:57:38+0000 INFO Telegram sent: 🏠 Neues Wohnungsangebot — Mitte

📍 Kurfürstenstraße 10, 1078
2026-05-22T13:57:38+0000 INFO Notified: ID 17192 — Kurfürstenstraße 10, 10785 Mitte
2026-05-22T13:57:38+0000 INFO Skipped (district Lichtenberg not in allowlist): ID 17193
2026-05-22T13:57:38+0000 INFO Skipped (district Treptow-Köpenick not in allowlist): ID 17194
2026-05-22T16:29:32+0000 INFO Fetched page: 243 total IDs, 10 rendered details
2026-05-22T16:29:32+0000 INFO 1 new offer(s) found
2026-05-22T16:29:33+0000 INFO Telegram sent: 🏠 Neues Wohnungsangebot — Tempelhof-Schöneberg

📍 John-Locke
2026-05-22T16:29:33+0000 INFO Notified: ID 17195 — John-Locke-Straße 21, 12305 Tempelhof-Schöneberg
2026-05-22T18:18:05+0000 INFO Fetched page: 244 total IDs, 10 rendered details
2026-05-22T18:18:05+0000 INFO 2 new offer(s) found
2026-05-22T18:18:05+0000 INFO Skipped (district Treptow-Köpenick not in allowlist): ID 17196
2026-05-22T18:18:05+0000 INFO Skipped (district Spandau not in allowlist): ID 17197
2026-05-22T20:14:47+0000 INFO Fetched page: 243 total IDs, 10 rendered details
2026-05-22T20:14:47+0000 INFO 0 new offer(s) found
2026-05-22T21:37:45+0000 INFO Fetched page: 243 total IDs, 10 rendered details
2026-05-22T21:37:45+0000 INFO 0 new offer(s) found
2026-05-22T22:39:30+0000 INFO Fetched page: 243 total IDs, 10 rendered details
2026-05-22T22:39:30+0000 INFO 0 new offer(s) found
2026-05-22T23:46:26+0000 INFO Fetched page: 243 total IDs, 10 rendered details
2026-05-22T23:46:26+0000 INFO 0 new offer(s) found
2026-05-23T01:29:50+0000 INFO Fetched page: 243 total IDs, 10 rendered details
2026-05-23T01:29:50+0000 INFO 0 new offer(s) found
2026-05-23T05:09:40+0000 INFO Fetched page: 240 total IDs, 10 rendered details
2026-05-23T05:09:40+0000 INFO 0 new offer(s) found
2026-05-23T07:42:27+0000 INFO Fetched page: 240 total IDs, 10 rendered details
2026-05-23T07:42:27+0000 INFO 1 new offer(s) found
2026-05-23T07:42:27+0000 INFO Skipped (district Treptow-Köpenick not in allowlist): ID 17198
2026-05-23T09:27:13+0000 INFO Fetched page: 240 total IDs, 10 rendered details
2026-05-23T09:27:13+0000 INFO 0 new offer(s) found
2026-05-23T10:54:11+0000 INFO Fetched page: 240 total IDs, 10 rendered details
2026-05-23T10:54:11+0000 INFO 0 new offer(s) found
2026-05-23T11:57:42+0000 INFO Fetched page: 239 total IDs, 10 rendered details
2026-05-23T11:57:42+0000 INFO 0 new offer(s) found
2026-05-23T13:48:40+0000 INFO Fetched page: 239 total IDs, 10 rendered details
2026-05-23T13:48:40+0000 INFO 0 new offer(s) found
2026-05-23T15:54:07+0000 INFO Fetched page: 238 total IDs, 10 rendered details
2026-05-23T15:54:07+0000 INFO 0 new offer(s) found
2026-05-23T16:55:37+0000 INFO Fetched page: 238 total IDs, 10 rendered details
2026-05-23T16:55:37+0000 INFO 0 new offer(s) found
2026-05-23T18:01:30+0000 INFO Fetched page: 237 total IDs, 10 rendered details
2026-05-23T18:01:30+0000 INFO 0 new offer(s) found
2026-05-23T19:24:20+0000 INFO Fetched page: 237 total IDs, 10 rendered details
2026-05-23T19:24:20+0000 INFO 0 new offer(s) found
2026-05-23T20:13:28+0000 INFO Fetched page: 237 total IDs, 10 rendered details
2026-05-23T20:13:28+0000 INFO 0 new offer(s) found
2026-05-23T21:09:17+0000 INFO Fetched page: 237 total IDs, 10 rendered details
2026-05-23T21:09:17+0000 INFO 0 new offer(s) found
2026-05-23T22:07:39+0000 INFO Fetched page: 237 total IDs, 10 rendered details
2026-05-23T22:07:39+0000 INFO 0 new offer(s) found
2026-05-23T23:09:25+0000 INFO Fetched page: 237 total IDs, 10 rendered details
2026-05-23T23:09:25+0000 INFO 0 new offer(s) found
2026-05-24T00:11:21+0000 INFO Fetched page: 237 total IDs, 10 rendered details
2026-05-24T00:11:21+0000 INFO 0 new offer(s) found
2026-05-24T04:39:22+0000 INFO Fetched page: 237 total IDs, 10 rendered details
2026-05-24T04:39:22+0000 INFO 0 new offer(s) found
2026-05-24T07:40:52+0000 INFO Fetched page: 239 total IDs, 10 rendered details
2026-05-24T07:40:52+0000 INFO 2 new offer(s) found
2026-05-24T07:40:52+0000 INFO Skipped (district Pankow not in allowlist): ID 17199
2026-05-24T07:40:52+0000 INFO Skipped (district Pankow not in allowlist): ID 17200
2026-05-24T09:31:35+0000 INFO Fetched page: 239 total IDs, 10 rendered details
2026-05-24T09:31:35+0000 INFO 0 new offer(s) found
2026-05-24T10:57:35+0000 INFO Fetched page: 239 total IDs, 10 rendered details
2026-05-24T10:57:35+0000 INFO 0 new offer(s) found
2026-05-24T12:03:14+0000 INFO Fetched page: 239 total IDs, 10 rendered details
2026-05-24T12:03:14+0000 INFO 0 new offer(s) found
2026-05-24T13:55:34+0000 INFO Fetched page: 239 total IDs, 10 rendered details
2026-05-24T13:55:34+0000 INFO 0 new offer(s) found
2026-05-24T15:04:11+0000 INFO Fetched page: 239 total IDs, 10 rendered details
2026-05-24T15:04:11+0000 INFO 0 new offer(s) found
2026-05-24T16:11:31+0000 INFO Fetched page: 238 total IDs, 10 rendered details
2026-05-24T16:11:31+0000 INFO 0 new offer(s) found
2026-05-24T17:16:31+0000 INFO Fetched page: 238 total IDs, 10 rendered details
2026-05-24T17:16:31+0000 INFO 0 new offer(s) found
2026-05-24T18:13:57+0000 INFO Fetched page: 238 total IDs, 10 rendered details
2026-05-24T18:13:57+0000 INFO 0 new offer(s) found
2026-05-24T19:42:12+0000 INFO Fetched page: 239 total IDs, 10 rendered details
2026-05-24T19:42:12+0000 INFO 1 new offer(s) found
2026-05-24T19:42:12+0000 INFO Telegram sent: 🏠 Neues Wohnungsangebot — Tempelhof-Schöneberg

📍 Loewenhard
2026-05-24T19:42:12+0000 INFO Notified: ID 17201 — Loewenhardtdamm 11, 12101 Tempelhof-Schöneberg
2026-05-24T20:36:33+0000 INFO Fetched page: 239 total IDs, 10 rendered details
2026-05-24T20:36:33+0000 INFO 0 new offer(s) found
2026-05-24T21:36:59+0000 INFO Fetched page: 239 total IDs, 10 rendered details
2026-05-24T21:36:59+0000 INFO 0 new offer(s) found
2026-05-24T22:38:50+0000 INFO Fetched page: 239 total IDs, 10 rendered details
2026-05-24T22:38:50+0000 INFO 0 new offer(s) found
2026-05-24T23:42:55+0000 INFO Fetched page: 238 total IDs, 10 rendered details
2026-05-24T23:42:55+0000 INFO 0 new offer(s) found
2026-05-25T01:53:54+0000 INFO Fetched page: 238 total IDs, 10 rendered details
2026-05-25T01:53:54+0000 INFO 0 new offer(s) found
2026-05-25T06:23:33+0000 INFO Fetched page: 238 total IDs, 10 rendered details
2026-05-25T06:23:33+0000 INFO 0 new offer(s) found
2026-05-25T10:54:50+0000 INFO Fetched page: 238 total IDs, 10 rendered details
2026-05-25T10:54:50+0000 INFO 0 new offer(s) found
2026-05-25T13:57:55+0000 INFO Fetched page: 237 total IDs, 10 rendered details
2026-05-25T13:57:55+0000 INFO 1 new offer(s) found
2026-05-25T13:57:55+0000 INFO Skipped (district Lichtenberg not in allowlist): ID 17202
2026-05-25T16:26:27+0000 INFO Fetched page: 237 total IDs, 10 rendered details
2026-05-25T16:26:27+0000 INFO 0 new offer(s) found
2026-05-25T18:10:04+0000 INFO Fetched page: 234 total IDs, 10 rendered details
2026-05-25T18:10:04+0000 INFO 0 new offer(s) found
2026-05-25T19:58:29+0000 INFO Fetched page: 235 total IDs, 10 rendered details
2026-05-25T19:58:29+0000 INFO 1 new offer(s) found
2026-05-25T19:58:29+0000 INFO Telegram sent: 🏠 Neues Wohnungsangebot — Tempelhof-Schöneberg

📍 Bayernring
2026-05-25T19:58:29+0000 INFO Notified: ID 17204 — Bayernring 18D, 12101 Tempelhof-Schöneberg
2026-05-25T21:18:03+0000 INFO Fetched page: 235 total IDs, 10 rendered details
2026-05-25T21:18:03+0000 INFO 0 new offer(s) found
2026-05-25T22:31:06+0000 INFO Fetched page: 234 total IDs, 10 rendered details
2026-05-25T22:31:06+0000 INFO 0 new offer(s) found
2026-05-25T23:41:23+0000 INFO Fetched page: 234 total IDs, 10 rendered details
2026-05-25T23:41:23+0000 INFO 0 new offer(s) found
2026-05-26T01:30:31+0000 INFO Fetched page: 234 total IDs, 10 rendered details
2026-05-26T01:30:31+0000 INFO 0 new offer(s) found
2026-05-26T05:47:00+0000 INFO Fetched page: 233 total IDs, 10 rendered details
2026-05-26T05:47:00+0000 INFO 0 new offer(s) found
2026-05-26T08:57:57+0000 INFO Fetched page: 233 total IDs, 10 rendered details
2026-05-26T08:57:57+0000 INFO 6 new offer(s) found
2026-05-26T08:57:57+0000 INFO Skipped (district Marzahn-Hellersdorf not in allowlist): ID 17206
2026-05-26T08:57:57+0000 INFO Telegram sent: 🏠 Neues Wohnungsangebot — Mitte

📍 Grüntaler Straße 12, 1335
2026-05-26T08:57:57+0000 INFO Notified: ID 17207 — Grüntaler Straße 12, 13357 Mitte
2026-05-26T08:57:58+0000 INFO Telegram sent: 🏠 Neues Wohnungsangebot — Tempelhof-Schöneberg

📍 Tirschenre
2026-05-26T08:57:58+0000 INFO Notified: ID 17208 — Tirschenreuther Ring 34, 12279 Tempelhof-Schöneberg
2026-05-26T08:57:58+0000 INFO Telegram sent: 🏠 Neues Wohnungsangebot — Friedrichshain-Kreuzberg

📍 Waldem
2026-05-26T08:57:58+0000 INFO Notified: ID 17209 — Waldemarstraße 88, 10997 Friedrichshain-Kreuzberg
2026-05-26T08:57:59+0000 INFO Telegram sent: 🏠 Neues Wohnungsangebot — Friedrichshain-Kreuzberg

📍 Naunyn
2026-05-26T08:57:59+0000 INFO Notified: ID 17210 — Naunynstraße 6, 10997 Friedrichshain-Kreuzberg
2026-05-26T08:57:59+0000 INFO Telegram sent: 🏠 Neues Wohnungsangebot — Friedrichshain-Kreuzberg

📍 Naunyn
2026-05-26T08:57:59+0000 INFO Notified: ID 17211 — Naunynstraße 23, 10997 Friedrichshain-Kreuzberg
2026-05-26T16:12:02+0000 INFO Fetched page: 245 total IDs, 10 rendered details
2026-05-26T16:12:02+0000 INFO 25 new offer(s) found
2026-05-26T16:12:02+0000 WARNING ID 17212 not in top-10 details (>10 new in one window?)
2026-05-26T16:12:03+0000 INFO Telegram sent: 🏠 New offer (ID 17212) — details not rendered, see site:
🔗 h
2026-05-26T16:12:03+0000 WARNING ID 17214 not in top-10 details (>10 new in one window?)
2026-05-26T16:12:03+0000 INFO Telegram sent: 🏠 New offer (ID 17214) — details not rendered, see site:
🔗 h
2026-05-26T16:12:03+0000 WARNING ID 17215 not in top-10 details (>10 new in one window?)
2026-05-26T16:12:04+0000 INFO Telegram sent: 🏠 New offer (ID 17215) — details not rendered, see site:
🔗 h
2026-05-26T16:12:04+0000 WARNING ID 17216 not in top-10 details (>10 new in one window?)
2026-05-26T16:12:04+0000 INFO Telegram sent: 🏠 New offer (ID 17216) — details not rendered, see site:
🔗 h
2026-05-26T16:12:04+0000 WARNING ID 17217 not in top-10 details (>10 new in one window?)
2026-05-26T16:12:04+0000 INFO Telegram sent: 🏠 New offer (ID 17217) — details not rendered, see site:
🔗 h
2026-05-26T16:12:04+0000 WARNING ID 17220 not in top-10 details (>10 new in one window?)
2026-05-26T16:12:05+0000 INFO Telegram sent: 🏠 New offer (ID 17220) — details not rendered, see site:
🔗 h
2026-05-26T16:12:05+0000 WARNING ID 17221 not in top-10 details (>10 new in one window?)
2026-05-26T16:12:05+0000 INFO Telegram sent: 🏠 New offer (ID 17221) — details not rendered, see site:
🔗 h
2026-05-26T16:12:05+0000 WARNING ID 17224 not in top-10 details (>10 new in one window?)
2026-05-26T16:12:06+0000 INFO Telegram sent: 🏠 New offer (ID 17224) — details not rendered, see site:
🔗 h
2026-05-26T16:12:06+0000 WARNING ID 17225 not in top-10 details (>10 new in one window?)
2026-05-26T16:12:06+0000 INFO Telegram sent: 🏠 New offer (ID 17225) — details not rendered, see site:
🔗 h
2026-05-26T16:12:06+0000 WARNING ID 17226 not in top-10 details (>10 new in one window?)
2026-05-26T16:12:07+0000 INFO Telegram sent: 🏠 New offer (ID 17226) — details not rendered, see site:
🔗 h
2026-05-26T16:12:07+0000 WARNING ID 17227 not in top-10 details (>10 new in one window?)
2026-05-26T16:12:07+0000 INFO Telegram sent: 🏠 New offer (ID 17227) — details not rendered, see site:
🔗 h
2026-05-26T16:12:07+0000 WARNING ID 17228 not in top-10 details (>10 new in one window?)
2026-05-26T16:12:08+0000 INFO Telegram sent: 🏠 New offer (ID 17228) — details not rendered, see site:
🔗 h
2026-05-26T16:12:08+0000 WARNING ID 17229 not in top-10 details (>10 new in one window?)
2026-05-26T16:12:08+0000 INFO Telegram sent: 🏠 New offer (ID 17229) — details not rendered, see site:
🔗 h
2026-05-26T16:12:08+0000 WARNING ID 17230 not in top-10 details (>10 new in one window?)
2026-05-26T16:12:09+0000 INFO Telegram sent: 🏠 New offer (ID 17230) — details not rendered, see site:
🔗 h
2026-05-26T16:12:09+0000 WARNING ID 17231 not in top-10 details (>10 new in one window?)
2026-05-26T16:12:09+0000 INFO Telegram sent: 🏠 New offer (ID 17231) — details not rendered, see site:
🔗 h
2026-05-26T16:12:09+0000 INFO Skipped (district Reinickendorf not in allowlist): ID 17232
2026-05-26T16:12:09+0000 INFO Skipped (district Spandau not in allowlist): ID 17233
2026-05-26T16:12:09+0000 INFO Skipped (district Spandau not in allowlist): ID 17234
2026-05-26T16:12:09+0000 INFO Skipped (district Treptow-Köpenick not in allowlist): ID 17235
2026-05-26T16:12:10+0000 INFO Telegram sent: 🏠 Neues Wohnungsangebot — Tempelhof-Schöneberg

📍 Angermünde
2026-05-26T16:12:10+0000 INFO Notified: ID 17236 — Angermünder Straße 1E, 12305 Tempelhof-Schöneberg
2026-05-26T16:12:10+0000 INFO Telegram sent: 🏠 Neues Wohnungsangebot — Tempelhof-Schöneberg

📍 Bernauer S
2026-05-26T16:12:10+0000 INFO Notified: ID 17237 — Bernauer Straße 125, 12305 Tempelhof-Schöneberg
2026-05-26T16:12:10+0000 INFO Skipped (district Marzahn-Hellersdorf not in allowlist): ID 17238
2026-05-26T16:12:10+0000 INFO Skipped (district Lichtenberg not in allowlist): ID 17239
2026-05-26T16:12:10+0000 INFO Skipped (district Lichtenberg not in allowlist): ID 17240
2026-05-26T16:12:10+0000 INFO Skipped (district Spandau not in allowlist): ID 17241
2026-05-26T18:37:24+0000 INFO Fetched page: 244 total IDs, 10 rendered details
2026-05-26T18:37:24+0000 INFO 1 new offer(s) found
2026-05-26T18:37:24+0000 INFO Telegram sent: 🏠 Neues Wohnungsangebot — Mitte

📍 Iranische Straße 4B, 1334
2026-05-26T18:37:24+0000 INFO Notified: ID 17242 — Iranische Straße 4B, 13347 Mitte
2026-05-26T20:34:35+0000 INFO Fetched page: 243 total IDs, 10 rendered details
2026-05-26T20:34:35+0000 INFO 0 new offer(s) found
2026-05-26T22:09:19+0000 INFO Fetched page: 243 total IDs, 10 rendered details
2026-05-26T22:09:19+0000 INFO 0 new offer(s) found
2026-05-26T23:33:08+0000 INFO Fetched page: 242 total IDs, 10 rendered details
2026-05-26T23:33:08+0000 INFO 0 new offer(s) found
2026-05-27T01:36:08+0000 INFO Fetched page: 242 total IDs, 10 rendered details
2026-05-27T01:36:08+0000 INFO 0 new offer(s) found
2026-05-27T06:00:35+0000 INFO Fetched page: 240 total IDs, 10 rendered details
2026-05-27T06:00:35+0000 INFO 2 new offer(s) found
2026-05-27T06:00:35+0000 INFO Skipped (district Treptow-Köpenick not in allowlist): ID 17243
2026-05-27T06:00:35+0000 INFO Skipped (district Reinickendorf not in allowlist): ID 17244
2026-05-27T10:14:33+0000 INFO Fetched page: 240 total IDs, 10 rendered details
2026-05-27T10:14:33+0000 INFO 12 new offer(s) found
2026-05-27T10:14:33+0000 WARNING ID 17245 not in top-10 details (>10 new in one window?)
2026-05-27T10:14:34+0000 INFO Telegram sent: 🏠 New offer (ID 17245) — details not rendered, see site:
🔗 h
2026-05-27T10:14:34+0000 WARNING ID 17247 not in top-10 details (>10 new in one window?)
2026-05-27T10:14:34+0000 INFO Telegram sent: 🏠 New offer (ID 17247) — details not rendered, see site:
🔗 h
2026-05-27T10:14:34+0000 INFO Skipped (district Treptow-Köpenick not in allowlist): ID 17248
2026-05-27T10:14:34+0000 INFO Skipped (district Treptow-Köpenick not in allowlist): ID 17249
2026-05-27T10:14:34+0000 INFO Telegram sent: 🏠 Neues Wohnungsangebot — Mitte

📍 Derfflingerstraße 5, 1078
2026-05-27T10:14:34+0000 INFO Notified: ID 17251 — Derfflingerstraße 5, 10785 Mitte
2026-05-27T10:14:34+0000 INFO Skipped (district Reinickendorf not in allowlist): ID 17252
2026-05-27T10:14:34+0000 INFO Skipped (district Spandau not in allowlist): ID 17253
2026-05-27T10:14:34+0000 INFO Skipped (district Reinickendorf not in allowlist): ID 17254
2026-05-27T10:14:34+0000 INFO Skipped (district Spandau not in allowlist): ID 17255
2026-05-27T10:14:34+0000 INFO Skipped (district Treptow-Köpenick not in allowlist): ID 17256
2026-05-27T10:14:34+0000 INFO Skipped (district Lichtenberg not in allowlist): ID 17257
2026-05-27T10:14:34+0000 INFO Skipped (district Lichtenberg not in allowlist): ID 17258
2026-05-27T13:51:06+0000 INFO Fetched page: 243 total IDs, 10 rendered details
2026-05-27T13:51:06+0000 INFO 15 new offer(s) found
2026-05-27T13:51:06+0000 WARNING ID 17259 not in top-10 details (>10 new in one window?)
2026-05-27T13:51:07+0000 INFO Telegram sent: 🏠 New offer (ID 17259) — details not rendered, see site:
🔗 h
2026-05-27T13:51:07+0000 WARNING ID 17260 not in top-10 details (>10 new in one window?)
2026-05-27T13:51:07+0000 INFO Telegram sent: 🏠 New offer (ID 17260) — details not rendered, see site:
🔗 h
2026-05-27T13:51:07+0000 WARNING ID 17263 not in top-10 details (>10 new in one window?)
2026-05-27T13:51:07+0000 INFO Telegram sent: 🏠 New offer (ID 17263) — details not rendered, see site:
🔗 h
2026-05-27T13:51:07+0000 WARNING ID 17264 not in top-10 details (>10 new in one window?)
2026-05-27T13:51:08+0000 INFO Telegram sent: 🏠 New offer (ID 17264) — details not rendered, see site:
🔗 h
2026-05-27T13:51:08+0000 WARNING ID 17265 not in top-10 details (>10 new in one window?)
2026-05-27T13:51:08+0000 INFO Telegram sent: 🏠 New offer (ID 17265) — details not rendered, see site:
🔗 h
2026-05-27T13:51:08+0000 INFO Skipped (district Lichtenberg not in allowlist): ID 17266
2026-05-27T13:51:08+0000 INFO Skipped (district Treptow-Köpenick not in allowlist): ID 17267
2026-05-27T13:51:08+0000 INFO Telegram sent: 🏠 Neues Wohnungsangebot — Neukölln

📍 In den Bauerngärten 8,
2026-05-27T13:51:08+0000 INFO Notified: ID 17268 — In den Bauerngärten 8, 12349 Neukölln
2026-05-27T13:51:08+0000 INFO Skipped (district Marzahn-Hellersdorf not in allowlist): ID 17269
2026-05-27T13:51:09+0000 INFO Telegram sent: 🏠 Neues Wohnungsangebot — Neukölln

📍 In den Bauerngärten 8,
2026-05-27T13:51:09+0000 INFO Notified: ID 17270 — In den Bauerngärten 8, 12349 Neukölln
2026-05-27T13:51:09+0000 INFO Skipped (district Treptow-Köpenick not in allowlist): ID 17271
2026-05-27T13:51:09+0000 INFO Skipped (district Spandau not in allowlist): ID 17272
2026-05-27T13:51:09+0000 INFO Skipped (district Treptow-Köpenick not in allowlist): ID 17273
2026-05-27T13:51:09+0000 INFO Skipped (district Treptow-Köpenick not in allowlist): ID 17274
2026-05-27T13:51:09+0000 INFO Skipped (district Spandau not in allowlist): ID 17275
2026-05-27T16:56:40+0000 INFO Fetched page: 245 total IDs, 10 rendered details
2026-05-27T16:56:40+0000 INFO 4 new offer(s) found
2026-05-27T16:56:40+0000 INFO Skipped (district Lichtenberg not in allowlist): ID 17277
2026-05-27T16:56:41+0000 INFO Telegram sent: 🏠 Neues Wohnungsangebot — Charlottenburg-Wilmersdorf

📍 Delp
2026-05-27T16:56:41+0000 INFO Notified: ID 17278 — Delpzeile 2, 13627 Charlottenburg-Wilmersdorf
2026-05-27T16:56:41+0000 INFO Skipped (district Pankow not in allowlist): ID 17279
2026-05-27T16:56:41+0000 INFO Skipped (district Treptow-Köpenick not in allowlist): ID 17280
2026-05-27T19:27:07+0000 INFO Fetched page: 243 total IDs, 10 rendered details
2026-05-27T19:27:07+0000 INFO 0 new offer(s) found
2026-05-27T21:20:44+0000 INFO Fetched page: 239 total IDs, 10 rendered details
2026-05-27T21:20:44+0000 INFO 0 new offer(s) found
2026-05-27T22:53:42+0000 INFO Fetched page: 236 total IDs, 10 rendered details
2026-05-27T22:53:42+0000 INFO 0 new offer(s) found
2026-05-27T23:57:06+0000 INFO Fetched page: 236 total IDs, 10 rendered details
2026-05-27T23:57:06+0000 INFO 0 new offer(s) found
2026-05-28T03:58:54+0000 INFO Fetched page: 236 total IDs, 10 rendered details
2026-05-28T03:58:54+0000 INFO 0 new offer(s) found
2026-05-28T08:07:37+0000 INFO Fetched page: 228 total IDs, 10 rendered details
2026-05-28T08:07:37+0000 INFO 2 new offer(s) found
2026-05-28T08:07:37+0000 INFO Telegram sent: 🏠 Neues Wohnungsangebot — Tempelhof-Schöneberg

📍 Luitpoldst
2026-05-28T08:07:37+0000 INFO Notified: ID 17281 — Luitpoldstraße 30, 10777 Tempelhof-Schöneberg
2026-05-28T08:07:38+0000 INFO Telegram sent: 🏠 Neues Wohnungsangebot — Tempelhof-Schöneberg

📍 Luitpoldst
2026-05-28T08:07:38+0000 INFO Notified: ID 17282 — Luitpoldstraße 32, 10777 Tempelhof-Schöneberg
2026-05-28T11:49:38+0000 INFO Fetched page: 225 total IDs, 10 rendered details
2026-05-28T11:49:38+0000 INFO 5 new offer(s) found
2026-05-28T11:49:39+0000 INFO Telegram sent: 🏠 Neues Wohnungsangebot — Charlottenburg-Wilmersdorf

📍 Lohm
2026-05-28T11:49:39+0000 INFO Notified: ID 17284 — Lohmeyerstraße 2, 10587 Charlottenburg-Wilmersdorf
2026-05-28T11:49:39+0000 INFO Skipped (district Spandau not in allowlist): ID 17287
2026-05-28T11:49:39+0000 INFO Skipped (district Treptow-Köpenick not in allowlist): ID 17289
2026-05-28T11:49:39+0000 INFO Telegram sent: 🏠 Neues Wohnungsangebot — Charlottenburg-Wilmersdorf

📍 Schl
2026-05-28T11:49:39+0000 INFO Notified: ID 17290 — Schlangenbader Straße 31, 14197 Charlottenburg-Wilmersdorf
2026-05-28T11:49:40+0000 INFO Telegram sent: 🏠 Neues Wohnungsangebot — Mitte

📍 Demminer Straße 4, 13355 
2026-05-28T11:49:40+0000 INFO Notified: ID 17291 — Demminer Straße 4, 13355 Mitte
2026-05-28T14:56:54+0000 INFO Fetched page: 222 total IDs, 10 rendered details
2026-05-28T14:56:54+0000 INFO 4 new offer(s) found
2026-05-28T14:56:54+0000 INFO Skipped (district Treptow-Köpenick not in allowlist): ID 17295
2026-05-28T14:56:55+0000 INFO Telegram sent: 🏠 Neues Wohnungsangebot — Charlottenburg-Wilmersdorf

📍 Nehr
2026-05-28T14:56:55+0000 INFO Notified: ID 17296 — Nehringstraße 19, 14059 Charlottenburg-Wilmersdorf
2026-05-28T14:56:55+0000 INFO Skipped (district Treptow-Köpenick not in allowlist): ID 17297
2026-05-28T14:56:55+0000 INFO Skipped (district Treptow-Köpenick not in allowlist): ID 17299
2026-05-28T18:13:47+0000 INFO Fetched page: 219 total IDs, 10 rendered details
2026-05-28T18:13:47+0000 INFO 2 new offer(s) found
2026-05-28T18:13:47+0000 INFO Skipped (district Spandau not in allowlist): ID 17300
2026-05-28T18:13:47+0000 INFO Skipped (district Reinickendorf not in allowlist): ID 17301
2026-05-28T20:38:05+0000 INFO Fetched page: 219 total IDs, 10 rendered details
2026-05-28T20:38:05+0000 INFO 0 new offer(s) found
2026-05-28T22:20:32+0000 INFO Fetched page: 220 total IDs, 10 rendered details
2026-05-28T22:20:32+0000 INFO 1 new offer(s) found
2026-05-28T22:20:32+0000 INFO Skipped (district Lichtenberg not in allowlist): ID 17302
2026-05-28T23:45:58+0000 INFO Fetched page: 220 total IDs, 10 rendered details
2026-05-28T23:45:58+0000 INFO 0 new offer(s) found
2026-05-29T01:48:17+0000 INFO Fetched page: 220 total IDs, 10 rendered details
2026-05-29T01:48:17+0000 INFO 0 new offer(s) found
2026-05-29T05:59:13+0000 INFO Fetched page: 223 total IDs, 10 rendered details
2026-05-29T05:59:13+0000 INFO 3 new offer(s) found
2026-05-29T05:59:13+0000 INFO Skipped (district Treptow-Köpenick not in allowlist): ID 17303
2026-05-29T05:59:13+0000 INFO Telegram sent: 🏠 Neues Wohnungsangebot — Neukölln

📍 Agnes-Straub-Weg 1, 12
2026-05-29T05:59:13+0000 INFO Notified: ID 17304 — Agnes-Straub-Weg 1, 12353 Neukölln
2026-05-29T05:59:14+0000 INFO Telegram sent: 🏠 Neues Wohnungsangebot — Tempelhof-Schöneberg

📍 Tirschenre
2026-05-29T05:59:14+0000 INFO Notified: ID 17305 — Tirschenreuther Ring 16, 12279 Tempelhof-Schöneberg
2026-05-29T10:10:01+0000 INFO Fetched page: 229 total IDs, 10 rendered details
2026-05-29T10:10:01+0000 INFO 11 new offer(s) found
2026-05-29T10:10:01+0000 WARNING ID 17306 not in top-10 details (>10 new in one window?)
2026-05-29T10:10:01+0000 INFO Telegram sent: 🏠 New offer (ID 17306) — details not rendered, see site:
🔗 h
2026-05-29T10:10:01+0000 INFO Skipped (district Spandau not in allowlist): ID 17307
2026-05-29T10:10:01+0000 INFO Skipped (district Spandau not in allowlist): ID 17308
2026-05-29T10:10:01+0000 INFO Skipped (district Treptow-Köpenick not in allowlist): ID 17309
2026-05-29T10:10:01+0000 INFO Skipped (district Treptow-Köpenick not in allowlist): ID 17312
2026-05-29T10:10:01+0000 INFO Skipped (district Spandau not in allowlist): ID 17313
2026-05-29T10:10:01+0000 INFO Skipped (district Reinickendorf not in allowlist): ID 17314
2026-05-29T10:10:01+0000 INFO Skipped (district Marzahn-Hellersdorf not in allowlist): ID 17315
2026-05-29T10:10:02+0000 INFO Telegram sent: 🏠 Neues Wohnungsangebot — Neukölln

📍 Ringslebenstraße 2B, 1
2026-05-29T10:10:02+0000 INFO Notified: ID 17316 — Ringslebenstraße 2B, 12353 Neukölln
2026-05-29T10:10:02+0000 INFO Skipped (district Lichtenberg not in allowlist): ID 17317
2026-05-29T10:10:02+0000 INFO Telegram sent: 🏠 Neues Wohnungsangebot — Tempelhof-Schöneberg

📍 Maienstraß
2026-05-29T10:10:02+0000 INFO Notified: ID 17318 — Maienstraße 2, 10787 Tempelhof-Schöneberg
2026-05-29T13:32:45+0000 INFO Fetched page: 233 total IDs, 10 rendered details
2026-05-29T13:32:45+0000 INFO 11 new offer(s) found
2026-05-29T13:32:45+0000 WARNING ID 17319 not in top-10 details (>10 new in one window?)
2026-05-29T13:32:45+0000 INFO Telegram sent: 🏠 New offer (ID 17319) — details not rendered, see site:
🔗 h
2026-05-29T13:32:45+0000 INFO Skipped (district Lichtenberg not in allowlist): ID 17320
2026-05-29T13:32:45+0000 INFO Skipped (district Lichtenberg not in allowlist): ID 17321
2026-05-29T13:32:45+0000 INFO Skipped (district Spandau not in allowlist): ID 17323
2026-05-29T13:32:45+0000 INFO Skipped (district Spandau not in allowlist): ID 17324
2026-05-29T13:32:45+0000 INFO Skipped (district Treptow-Köpenick not in allowlist): ID 17325
2026-05-29T13:32:45+0000 INFO Skipped (district Spandau not in allowlist): ID 17326
2026-05-29T13:32:45+0000 INFO Skipped (district Spandau not in allowlist): ID 17327
2026-05-29T13:32:45+0000 INFO Skipped (district Spandau not in allowlist): ID 17328
2026-05-29T13:32:45+0000 INFO Skipped (district Spandau not in allowlist): ID 17329
2026-05-29T13:32:45+0000 INFO Skipped (district Treptow-Köpenick not in allowlist): ID 17330
2026-05-29T16:58:42+0000 INFO Fetched page: 242 total IDs, 10 rendered details
2026-05-29T16:58:42+0000 INFO 14 new offer(s) found
2026-05-29T16:58:42+0000 WARNING ID 17331 not in top-10 details (>10 new in one window?)
2026-05-29T16:58:43+0000 INFO Telegram sent: 🏠 New offer (ID 17331) — details not rendered, see site:
🔗 h
2026-05-29T16:58:43+0000 WARNING ID 17332 not in top-10 details (>10 new in one window?)
2026-05-29T16:58:43+0000 INFO Telegram sent: 🏠 New offer (ID 17332) — details not rendered, see site:
🔗 h
2026-05-29T16:58:43+0000 WARNING ID 17333 not in top-10 details (>10 new in one window?)
2026-05-29T16:58:43+0000 INFO Telegram sent: 🏠 New offer (ID 17333) — details not rendered, see site:
🔗 h
2026-05-29T16:58:43+0000 WARNING ID 17334 not in top-10 details (>10 new in one window?)
2026-05-29T16:58:44+0000 INFO Telegram sent: 🏠 New offer (ID 17334) — details not rendered, see site:
🔗 h
2026-05-29T16:58:44+0000 INFO Skipped (district Treptow-Köpenick not in allowlist): ID 17335
2026-05-29T16:58:44+0000 INFO Skipped (district Treptow-Köpenick not in allowlist): ID 17336
2026-05-29T16:58:44+0000 INFO Skipped (district Treptow-Köpenick not in allowlist): ID 17337
2026-05-29T16:58:44+0000 INFO Skipped (district Treptow-Köpenick not in allowlist): ID 17338
2026-05-29T16:58:44+0000 INFO Skipped (district Treptow-Köpenick not in allowlist): ID 17339
2026-05-29T16:58:44+0000 INFO Skipped (district Treptow-Köpenick not in allowlist): ID 17340
2026-05-29T16:58:44+0000 INFO Skipped (district Lichtenberg not in allowlist): ID 17341
2026-05-29T16:58:44+0000 INFO Skipped (district Lichtenberg not in allowlist): ID 17342
2026-05-29T16:58:44+0000 INFO Skipped (district Lichtenberg not in allowlist): ID 17343
2026-05-29T16:58:44+0000 INFO Skipped (district Lichtenberg not in allowlist): ID 17344
2026-05-29T19:36:55+0000 INFO Fetched page: 236 total IDs, 10 rendered details
2026-05-29T19:36:55+0000 INFO 0 new offer(s) found
2026-05-29T21:26:08+0000 INFO Fetched page: 235 total IDs, 10 rendered details
2026-05-29T21:26:08+0000 INFO 0 new offer(s) found
2026-05-29T22:51:22+0000 INFO Fetched page: 234 total IDs, 10 rendered details
2026-05-29T22:51:22+0000 INFO 0 new offer(s) found
2026-05-30T00:00:51+0000 INFO Fetched page: 234 total IDs, 10 rendered details
2026-05-30T00:00:51+0000 INFO 0 new offer(s) found
2026-05-30T04:11:44+0000 INFO Fetched page: 234 total IDs, 10 rendered details
2026-05-30T04:11:44+0000 INFO 0 new offer(s) found
2026-05-30T07:19:53+0000 INFO Fetched page: 234 total IDs, 10 rendered details
2026-05-30T07:19:53+0000 INFO 0 new offer(s) found
2026-05-30T09:26:38+0000 INFO Fetched page: 235 total IDs, 10 rendered details
2026-05-30T09:26:38+0000 INFO 1 new offer(s) found
2026-05-30T09:26:38+0000 INFO Skipped (district Lichtenberg not in allowlist): ID 17345
2026-05-30T10:57:55+0000 INFO Fetched page: 233 total IDs, 10 rendered details
2026-05-30T10:57:55+0000 INFO 0 new offer(s) found
2026-05-30T12:06:48+0000 INFO Fetched page: 233 total IDs, 10 rendered details
2026-05-30T12:06:48+0000 INFO 0 new offer(s) found
2026-05-30T14:01:54+0000 INFO Fetched page: 227 total IDs, 10 rendered details
2026-05-30T14:01:54+0000 INFO 0 new offer(s) found
2026-05-30T15:19:10+0000 INFO Fetched page: 227 total IDs, 10 rendered details
2026-05-30T15:19:10+0000 INFO 0 new offer(s) found
2026-05-30T16:31:18+0000 INFO Fetched page: 226 total IDs, 10 rendered details
2026-05-30T16:31:18+0000 INFO 0 new offer(s) found
2026-05-30T17:39:13+0000 INFO Fetched page: 226 total IDs, 10 rendered details
2026-05-30T17:39:13+0000 INFO 0 new offer(s) found
2026-05-30T18:46:32+0000 INFO Fetched page: 226 total IDs, 10 rendered details
2026-05-30T18:46:32+0000 INFO 0 new offer(s) found
2026-05-30T19:58:31+0000 INFO Fetched page: 226 total IDs, 10 rendered details
2026-05-30T19:58:31+0000 INFO 0 new offer(s) found
2026-05-30T21:09:57+0000 INFO Fetched page: 226 total IDs, 10 rendered details
2026-05-30T21:09:57+0000 INFO 0 new offer(s) found
2026-05-30T22:12:34+0000 INFO Fetched page: 225 total IDs, 10 rendered details
2026-05-30T22:12:34+0000 INFO 0 new offer(s) found
2026-05-30T23:16:03+0000 INFO Fetched page: 225 total IDs, 10 rendered details
2026-05-30T23:16:03+0000 INFO 0 new offer(s) found
2026-05-31T00:17:21+0000 INFO Fetched page: 225 total IDs, 10 rendered details
2026-05-31T00:17:21+0000 INFO 0 new offer(s) found
2026-05-31T04:55:57+0000 INFO Fetched page: 225 total IDs, 10 rendered details
2026-05-31T04:55:57+0000 INFO 0 new offer(s) found
2026-05-31T08:14:56+0000 INFO Fetched page: 225 total IDs, 10 rendered details
2026-05-31T08:14:56+0000 INFO 0 new offer(s) found
2026-05-31T10:25:53+0000 INFO Fetched page: 226 total IDs, 10 rendered details
2026-05-31T10:25:53+0000 INFO 1 new offer(s) found
2026-05-31T10:25:53+0000 INFO Skipped (district Lichtenberg not in allowlist): ID 17346
2026-05-31T11:56:52+0000 INFO Fetched page: 226 total IDs, 10 rendered details
2026-05-31T11:56:52+0000 INFO 0 new offer(s) found
2026-05-31T13:51:41+0000 INFO Fetched page: 226 total IDs, 10 rendered details
2026-05-31T13:51:41+0000 INFO 0 new offer(s) found
2026-05-31T15:10:06+0000 INFO Fetched page: 226 total IDs, 10 rendered details
2026-05-31T15:10:06+0000 INFO 0 new offer(s) found
2026-05-31T16:36:17+0000 INFO Fetched page: 226 total IDs, 10 rendered details
2026-05-31T16:36:17+0000 INFO 0 new offer(s) found
2026-05-31T17:43:08+0000 INFO Fetched page: 225 total IDs, 10 rendered details
2026-05-31T17:43:08+0000 INFO 0 new offer(s) found
2026-05-31T18:53:25+0000 INFO Fetched page: 225 total IDs, 10 rendered details
2026-05-31T18:53:25+0000 INFO 0 new offer(s) found
2026-05-31T20:02:36+0000 INFO Fetched page: 226 total IDs, 10 rendered details
2026-05-31T20:02:36+0000 INFO 1 new offer(s) found
2026-05-31T20:02:36+0000 INFO Skipped (district Lichtenberg not in allowlist): ID 17347
2026-05-31T21:12:21+0000 INFO Fetched page: 224 total IDs, 10 rendered details
2026-05-31T21:12:21+0000 INFO 0 new offer(s) found
2026-05-31T22:14:45+0000 INFO Fetched page: 224 total IDs, 10 rendered details
2026-05-31T22:14:45+0000 INFO 0 new offer(s) found
2026-05-31T23:31:39+0000 INFO Fetched page: 224 total IDs, 10 rendered details
2026-05-31T23:31:39+0000 INFO 0 new offer(s) found
2026-06-01T01:55:46+0000 INFO Fetched page: 224 total IDs, 10 rendered details
2026-06-01T01:55:46+0000 INFO 0 new offer(s) found
2026-06-01T06:56:55+0000 INFO Fetched page: 232 total IDs, 10 rendered details
2026-06-01T06:56:55+0000 INFO 8 new offer(s) found
2026-06-01T06:56:55+0000 INFO Skipped (district Marzahn-Hellersdorf not in allowlist): ID 17348
2026-06-01T06:56:55+0000 INFO Skipped (district Marzahn-Hellersdorf not in allowlist): ID 17349
2026-06-01T06:56:55+0000 INFO Skipped (district Spandau not in allowlist): ID 17350
2026-06-01T06:56:55+0000 INFO Skipped (district Spandau not in allowlist): ID 17351
2026-06-01T06:56:55+0000 INFO Skipped (district Spandau not in allowlist): ID 17352
2026-06-01T06:56:55+0000 INFO Skipped (district Spandau not in allowlist): ID 17353
2026-06-01T06:56:55+0000 INFO Skipped (district Spandau not in allowlist): ID 17354
2026-06-01T06:56:55+0000 INFO Skipped (district Spandau not in allowlist): ID 17355
2026-06-01T12:40:43+0000 INFO Fetched page: 227 total IDs, 10 rendered details
2026-06-01T12:40:43+0000 INFO 15 new offer(s) found
2026-06-01T12:40:43+0000 WARNING ID 17358 not in top-10 details (>10 new in one window?)
2026-06-01T12:40:43+0000 INFO Telegram sent: 🏠 New offer (ID 17358) — details not rendered, see site:
🔗 h
2026-06-01T12:40:43+0000 WARNING ID 17362 not in top-10 details (>10 new in one window?)
2026-06-01T12:40:44+0000 INFO Telegram sent: 🏠 New offer (ID 17362) — details not rendered, see site:
🔗 h
2026-06-01T12:40:44+0000 WARNING ID 17363 not in top-10 details (>10 new in one window?)
2026-06-01T12:40:44+0000 INFO Telegram sent: 🏠 New offer (ID 17363) — details not rendered, see site:
🔗 h
2026-06-01T12:40:44+0000 WARNING ID 17364 not in top-10 details (>10 new in one window?)
2026-06-01T12:40:44+0000 INFO Telegram sent: 🏠 New offer (ID 17364) — details not rendered, see site:
🔗 h
2026-06-01T12:40:44+0000 WARNING ID 17365 not in top-10 details (>10 new in one window?)
2026-06-01T12:40:45+0000 INFO Telegram sent: 🏠 New offer (ID 17365) — details not rendered, see site:
🔗 h
2026-06-01T12:40:45+0000 INFO Skipped (district Lichtenberg not in allowlist): ID 17366
2026-06-01T12:40:45+0000 INFO Skipped (district Treptow-Köpenick not in allowlist): ID 17367
2026-06-01T12:40:45+0000 INFO Telegram sent: 🏠 Neues Wohnungsangebot — Charlottenburg-Wilmersdorf

📍 Hofa
2026-06-01T12:40:45+0000 INFO Notified: ID 17368 — Hofackerzeile 4, 13627 Charlottenburg-Wilmersdorf
2026-06-01T12:40:45+0000 INFO Skipped (district Spandau not in allowlist): ID 17369
2026-06-01T12:40:45+0000 INFO Skipped (district Marzahn-Hellersdorf not in allowlist): ID 17371
2026-06-01T12:40:45+0000 INFO Telegram sent: 🏠 Neues Wohnungsangebot — Mitte

📍 Bremer Straße 12, 10551 M
2026-06-01T12:40:45+0000 INFO Notified: ID 17372 — Bremer Straße 12, 10551 Mitte
2026-06-01T12:40:45+0000 INFO Skipped (district Marzahn-Hellersdorf not in allowlist): ID 17373
2026-06-01T12:40:45+0000 INFO Skipped (district Lichtenberg not in allowlist): ID 17374
2026-06-01T12:40:45+0000 INFO Skipped (district Lichtenberg not in allowlist): ID 17375
2026-06-01T12:40:45+0000 INFO Skipped (district Lichtenberg not in allowlist): ID 17376
2026-06-01T18:28:08+0000 INFO Fetched page: 236 total IDs, 10 rendered details
2026-06-01T18:28:08+0000 INFO 13 new offer(s) found
2026-06-01T18:28:08+0000 WARNING ID 17378 not in top-10 details (>10 new in one window?)
2026-06-01T18:28:09+0000 INFO Telegram sent: 🏠 New offer (ID 17378) — details not rendered, see site:
🔗 h
2026-06-01T18:28:09+0000 WARNING ID 17379 not in top-10 details (>10 new in one window?)
2026-06-01T18:28:10+0000 INFO Telegram sent: 🏠 New offer (ID 17379) — details not rendered, see site:
🔗 h
2026-06-01T18:28:10+0000 WARNING ID 17380 not in top-10 details (>10 new in one window?)
2026-06-01T18:28:10+0000 INFO Telegram sent: 🏠 New offer (ID 17380) — details not rendered, see site:
🔗 h
2026-06-01T18:28:10+0000 INFO Skipped (district Lichtenberg not in allowlist): ID 17381
2026-06-01T18:28:10+0000 INFO Skipped (district Lichtenberg not in allowlist): ID 17382
2026-06-01T18:28:11+0000 INFO Telegram sent: 🏠 Neues Wohnungsangebot — Neukölln

📍 Gensweg 10, 12349 Neuk
2026-06-01T18:28:11+0000 INFO Notified: ID 17383 — Gensweg 10, 12349 Neukölln
2026-06-01T18:28:11+0000 INFO Skipped (district Lichtenberg not in allowlist): ID 17386
2026-06-01T18:28:11+0000 INFO Telegram sent: 🏠 Neues Wohnungsangebot — Mitte

📍 Köpenicker Straße 105A, 1
2026-06-01T18:28:11+0000 INFO Notified: ID 17387 — Köpenicker Straße 105A, 10179 Mitte
2026-06-01T18:28:12+0000 INFO Telegram sent: 🏠 Neues Wohnungsangebot — Mitte

📍 Köpenicker Straße 105A, 1
2026-06-01T18:28:12+0000 INFO Notified: ID 17388 — Köpenicker Straße 105A, 10179 Mitte
2026-06-01T18:28:12+0000 INFO Skipped (district Spandau not in allowlist): ID 17390
2026-06-01T18:28:12+0000 INFO Skipped (district Spandau not in allowlist): ID 17391
2026-06-01T18:28:12+0000 INFO Telegram sent: 🏠 Neues Wohnungsangebot — Mitte

📍 Köpenicker Straße 105A, 1
2026-06-01T18:28:12+0000 INFO Notified: ID 17394 — Köpenicker Straße 105A, 10179 Mitte
2026-06-01T18:28:13+0000 INFO Telegram sent: 🏠 Neues Wohnungsangebot — Mitte

📍 Köpenicker Straße 107, 10
2026-06-01T18:28:13+0000 INFO Notified: ID 17395 — Köpenicker Straße 107, 10179 Mitte
2026-06-01T21:50:08+0000 INFO Fetched page: 234 total IDs, 10 rendered details
2026-06-01T21:50:08+0000 INFO 0 new offer(s) found
2026-06-01T23:18:58+0000 INFO Fetched page: 234 total IDs, 10 rendered details
2026-06-01T23:18:58+0000 INFO 0 new offer(s) found
2026-06-02T01:40:42+0000 INFO Fetched page: 234 total IDs, 10 rendered details
2026-06-02T01:40:42+0000 INFO 0 new offer(s) found
2026-06-02T06:21:58+0000 INFO Fetched page: 236 total IDs, 10 rendered details
2026-06-02T06:21:58+0000 INFO 2 new offer(s) found
2026-06-02T06:21:58+0000 INFO Skipped (district Lichtenberg not in allowlist): ID 17397
2026-06-02T06:21:58+0000 INFO Telegram sent: 🏠 Neues Wohnungsangebot — Mitte

📍 Iranische Straße 4B, 1334
2026-06-02T06:21:58+0000 INFO Notified: ID 17398 — Iranische Straße 4B, 13347 Mitte
2026-06-02T10:59:59+0000 INFO Fetched page: 247 total IDs, 10 rendered details
2026-06-02T10:59:59+0000 INFO 20 new offer(s) found
2026-06-02T10:59:59+0000 WARNING ID 17399 not in top-10 details (>10 new in one window?)
2026-06-02T10:59:59+0000 INFO Telegram sent: 🏠 New offer (ID 17399) — details not rendered, see site:
🔗 h
2026-06-02T10:59:59+0000 WARNING ID 17400 not in top-10 details (>10 new in one window?)
2026-06-02T11:00:00+0000 INFO Telegram sent: 🏠 New offer (ID 17400) — details not rendered, see site:
🔗 h
2026-06-02T11:00:00+0000 WARNING ID 17403 not in top-10 details (>10 new in one window?)
2026-06-02T11:00:00+0000 INFO Telegram sent: 🏠 New offer (ID 17403) — details not rendered, see site:
🔗 h
2026-06-02T11:00:00+0000 WARNING ID 17404 not in top-10 details (>10 new in one window?)
2026-06-02T11:00:01+0000 INFO Telegram sent: 🏠 New offer (ID 17404) — details not rendered, see site:
🔗 h
2026-06-02T11:00:01+0000 WARNING ID 17405 not in top-10 details (>10 new in one window?)
2026-06-02T11:00:01+0000 INFO Telegram sent: 🏠 New offer (ID 17405) — details not rendered, see site:
🔗 h
2026-06-02T11:00:01+0000 WARNING ID 17406 not in top-10 details (>10 new in one window?)
2026-06-02T11:00:02+0000 INFO Telegram sent: 🏠 New offer (ID 17406) — details not rendered, see site:
🔗 h
2026-06-02T11:00:02+0000 WARNING ID 17407 not in top-10 details (>10 new in one window?)
2026-06-02T11:00:02+0000 INFO Telegram sent: 🏠 New offer (ID 17407) — details not rendered, see site:
🔗 h
2026-06-02T11:00:02+0000 WARNING ID 17408 not in top-10 details (>10 new in one window?)
2026-06-02T11:00:02+0000 INFO Telegram sent: 🏠 New offer (ID 17408) — details not rendered, see site:
🔗 h
2026-06-02T11:00:02+0000 WARNING ID 17409 not in top-10 details (>10 new in one window?)
2026-06-02T11:00:03+0000 INFO Telegram sent: 🏠 New offer (ID 17409) — details not rendered, see site:
🔗 h
2026-06-02T11:00:03+0000 WARNING ID 17410 not in top-10 details (>10 new in one window?)
2026-06-02T11:00:03+0000 INFO Telegram sent: 🏠 New offer (ID 17410) — details not rendered, see site:
🔗 h
2026-06-02T11:00:03+0000 INFO Skipped (district Treptow-Köpenick not in allowlist): ID 17411
2026-06-02T11:00:03+0000 INFO Skipped (district Lichtenberg not in allowlist): ID 17413
2026-06-02T11:00:03+0000 INFO Skipped (district Treptow-Köpenick not in allowlist): ID 17414
2026-06-02T11:00:03+0000 INFO Skipped (district Lichtenberg not in allowlist): ID 17415
2026-06-02T11:00:03+0000 INFO Skipped (district Lichtenberg not in allowlist): ID 17416
2026-06-02T11:00:03+0000 INFO Skipped (district Lichtenberg not in allowlist): ID 17417
2026-06-02T11:00:03+0000 INFO Skipped (district Lichtenberg not in allowlist): ID 17418
2026-06-02T11:00:03+0000 INFO Skipped (district Lichtenberg not in allowlist): ID 17419
2026-06-02T11:00:03+0000 INFO Skipped (district Lichtenberg not in allowlist): ID 17420
2026-06-02T11:00:03+0000 INFO Skipped (district Treptow-Köpenick not in allowlist): ID 17421
2026-06-02T15:00:53+0000 INFO Fetched page: 254 total IDs, 10 rendered details
2026-06-02T15:00:53+0000 INFO 21 new offer(s) found
2026-06-02T15:00:53+0000 WARNING ID 17424 not in top-10 details (>10 new in one window?)
2026-06-02T15:00:53+0000 INFO Telegram sent: 🏠 New offer (ID 17424) — details not rendered, see site:
🔗 h
2026-06-02T15:00:53+0000 WARNING ID 17425 not in top-10 details (>10 new in one window?)
2026-06-02T15:00:54+0000 INFO Telegram sent: 🏠 New offer (ID 17425) — details not rendered, see site:
🔗 h
2026-06-02T15:00:54+0000 WARNING ID 17426 not in top-10 details (>10 new in one window?)
2026-06-02T15:00:54+0000 INFO Telegram sent: 🏠 New offer (ID 17426) — details not rendered, see site:
🔗 h
2026-06-02T15:00:54+0000 WARNING ID 17427 not in top-10 details (>10 new in one window?)
2026-06-02T15:00:55+0000 INFO Telegram sent: 🏠 New offer (ID 17427) — details not rendered, see site:
🔗 h
2026-06-02T15:00:55+0000 WARNING ID 17428 not in top-10 details (>10 new in one window?)
2026-06-02T15:00:55+0000 INFO Telegram sent: 🏠 New offer (ID 17428) — details not rendered, see site:
🔗 h
2026-06-02T15:00:55+0000 WARNING ID 17429 not in top-10 details (>10 new in one window?)
2026-06-02T15:00:55+0000 INFO Telegram sent: 🏠 New offer (ID 17429) — details not rendered, see site:
🔗 h
2026-06-02T15:00:55+0000 WARNING ID 17430 not in top-10 details (>10 new in one window?)
2026-06-02T15:00:56+0000 INFO Telegram sent: 🏠 New offer (ID 17430) — details not rendered, see site:
🔗 h
2026-06-02T15:00:56+0000 WARNING ID 17431 not in top-10 details (>10 new in one window?)
2026-06-02T15:00:56+0000 INFO Telegram sent: 🏠 New offer (ID 17431) — details not rendered, see site:
🔗 h
2026-06-02T15:00:56+0000 WARNING ID 17432 not in top-10 details (>10 new in one window?)
2026-06-02T15:00:57+0000 INFO Telegram sent: 🏠 New offer (ID 17432) — details not rendered, see site:
🔗 h
2026-06-02T15:00:57+0000 WARNING ID 17433 not in top-10 details (>10 new in one window?)
2026-06-02T15:00:57+0000 INFO Telegram sent: 🏠 New offer (ID 17433) — details not rendered, see site:
🔗 h
2026-06-02T15:00:57+0000 WARNING ID 17434 not in top-10 details (>10 new in one window?)
2026-06-02T15:00:57+0000 INFO Telegram sent: 🏠 New offer (ID 17434) — details not rendered, see site:
🔗 h
2026-06-02T15:00:57+0000 INFO Skipped (district Treptow-Köpenick not in allowlist): ID 17435
2026-06-02T15:00:57+0000 INFO Skipped (district Steglitz-Zehlendorf not in allowlist): ID 17436
2026-06-02T15:00:57+0000 INFO Skipped (district Steglitz-Zehlendorf not in allowlist): ID 17437
2026-06-02T15:00:57+0000 INFO Skipped (district Treptow-Köpenick not in allowlist): ID 17438
2026-06-02T15:00:57+0000 INFO Skipped (district Marzahn-Hellersdorf not in allowlist): ID 17439
2026-06-02T15:00:57+0000 INFO Skipped (district Marzahn-Hellersdorf not in allowlist): ID 17440
2026-06-02T15:00:57+0000 INFO Skipped (district Spandau not in allowlist): ID 17441
2026-06-02T15:00:57+0000 INFO Skipped (district Pankow not in allowlist): ID 17442
2026-06-02T15:00:57+0000 INFO Skipped (district Pankow not in allowlist): ID 17443
2026-06-02T15:00:57+0000 INFO Skipped (district Marzahn-Hellersdorf not in allowlist): ID 17444
2026-06-02T18:49:18+0000 INFO Fetched page: 249 total IDs, 10 rendered details
2026-06-02T18:49:18+0000 INFO 0 new offer(s) found
2026-06-02T21:37:51+0000 INFO Fetched page: 249 total IDs, 10 rendered details
2026-06-02T21:37:51+0000 INFO 0 new offer(s) found
2026-06-02T23:20:12+0000 INFO Fetched page: 251 total IDs, 10 rendered details
2026-06-02T23:20:12+0000 INFO 2 new offer(s) found
2026-06-02T23:20:12+0000 INFO Skipped (district Treptow-Köpenick not in allowlist): ID 17449
2026-06-02T23:20:12+0000 INFO Skipped (district Treptow-Köpenick not in allowlist): ID 17450
2026-06-03T02:02:46+0000 INFO Fetched page: 251 total IDs, 10 rendered details
2026-06-03T02:02:46+0000 INFO 0 new offer(s) found
2026-06-03T07:02:45+0000 INFO Fetched page: 253 total IDs, 10 rendered details
2026-06-03T07:02:45+0000 INFO 7 new offer(s) found
2026-06-03T07:02:45+0000 INFO Skipped (district Marzahn-Hellersdorf not in allowlist): ID 17451
2026-06-03T07:02:45+0000 INFO Skipped (district Treptow-Köpenick not in allowlist): ID 17452
2026-06-03T07:02:45+0000 INFO Telegram sent: 🏠 Neues Wohnungsangebot — Neukölln

📍 Fritzi-Massary-Straße 
2026-06-03T07:02:45+0000 INFO Notified: ID 17453 — Fritzi-Massary-Straße 8, 12057 Neukölln
2026-06-03T07:02:45+0000 INFO Skipped (district Spandau not in allowlist): ID 17454
2026-06-03T07:02:45+0000 INFO Skipped (district Treptow-Köpenick not in allowlist): ID 17455
2026-06-03T07:02:45+0000 INFO Skipped (district Treptow-Köpenick not in allowlist): ID 17456
2026-06-03T07:02:45+0000 INFO Skipped (district Treptow-Köpenick not in allowlist): ID 17457
2026-06-03T12:03:45+0000 INFO Fetched page: 264 total IDs, 10 rendered details
2026-06-03T12:03:45+0000 INFO 31 new offer(s) found
2026-06-03T12:03:45+0000 WARNING ID 17459 not in top-10 details (>10 new in one window?)
2026-06-03T12:03:46+0000 INFO Telegram sent: 🏠 New offer (ID 17459) — details not rendered, see site:
🔗 h
2026-06-03T12:03:46+0000 WARNING ID 17462 not in top-10 details (>10 new in one window?)
2026-06-03T12:03:46+0000 INFO Telegram sent: 🏠 New offer (ID 17462) — details not rendered, see site:
🔗 h
2026-06-03T12:03:46+0000 WARNING ID 17464 not in top-10 details (>10 new in one window?)
2026-06-03T12:03:46+0000 INFO Telegram sent: 🏠 New offer (ID 17464) — details not rendered, see site:
🔗 h
2026-06-03T12:03:46+0000 WARNING ID 17465 not in top-10 details (>10 new in one window?)
2026-06-03T12:03:47+0000 INFO Telegram sent: 🏠 New offer (ID 17465) — details not rendered, see site:
🔗 h
2026-06-03T12:03:47+0000 WARNING ID 17466 not in top-10 details (>10 new in one window?)
2026-06-03T12:03:47+0000 INFO Telegram sent: 🏠 New offer (ID 17466) — details not rendered, see site:
🔗 h
2026-06-03T12:03:47+0000 WARNING ID 17467 not in top-10 details (>10 new in one window?)
2026-06-03T12:03:47+0000 INFO Telegram sent: 🏠 New offer (ID 17467) — details not rendered, see site:
🔗 h
2026-06-03T12:03:47+0000 WARNING ID 17469 not in top-10 details (>10 new in one window?)
2026-06-03T12:03:48+0000 INFO Telegram sent: 🏠 New offer (ID 17469) — details not rendered, see site:
🔗 h
2026-06-03T12:03:48+0000 WARNING ID 17470 not in top-10 details (>10 new in one window?)
2026-06-03T12:03:48+0000 INFO Telegram sent: 🏠 New offer (ID 17470) — details not rendered, see site:
🔗 h
2026-06-03T12:03:48+0000 WARNING ID 17471 not in top-10 details (>10 new in one window?)
2026-06-03T12:03:49+0000 INFO Telegram sent: 🏠 New offer (ID 17471) — details not rendered, see site:
🔗 h
2026-06-03T12:03:49+0000 WARNING ID 17473 not in top-10 details (>10 new in one window?)
2026-06-03T12:03:49+0000 INFO Telegram sent: 🏠 New offer (ID 17473) — details not rendered, see site:
🔗 h
2026-06-03T12:03:49+0000 WARNING ID 17474 not in top-10 details (>10 new in one window?)
2026-06-03T12:03:49+0000 INFO Telegram sent: 🏠 New offer (ID 17474) — details not rendered, see site:
🔗 h
2026-06-03T12:03:49+0000 WARNING ID 17475 not in top-10 details (>10 new in one window?)
2026-06-03T12:03:50+0000 INFO Telegram sent: 🏠 New offer (ID 17475) — details not rendered, see site:
🔗 h
2026-06-03T12:03:50+0000 WARNING ID 17476 not in top-10 details (>10 new in one window?)
2026-06-03T12:03:50+0000 INFO Telegram sent: 🏠 New offer (ID 17476) — details not rendered, see site:
🔗 h
2026-06-03T12:03:50+0000 WARNING ID 17477 not in top-10 details (>10 new in one window?)
2026-06-03T12:03:50+0000 INFO Telegram sent: 🏠 New offer (ID 17477) — details not rendered, see site:
🔗 h
2026-06-03T12:03:50+0000 WARNING ID 17478 not in top-10 details (>10 new in one window?)
2026-06-03T12:03:51+0000 INFO Telegram sent: 🏠 New offer (ID 17478) — details not rendered, see site:
🔗 h
2026-06-03T12:03:51+0000 WARNING ID 17479 not in top-10 details (>10 new in one window?)
2026-06-03T12:03:51+0000 INFO Telegram sent: 🏠 New offer (ID 17479) — details not rendered, see site:
🔗 h
2026-06-03T12:03:51+0000 WARNING ID 17480 not in top-10 details (>10 new in one window?)
2026-06-03T12:03:51+0000 INFO Telegram sent: 🏠 New offer (ID 17480) — details not rendered, see site:
🔗 h
2026-06-03T12:03:51+0000 WARNING ID 17481 not in top-10 details (>10 new in one window?)
2026-06-03T12:03:52+0000 INFO Telegram sent: 🏠 New offer (ID 17481) — details not rendered, see site:
🔗 h
2026-06-03T12:03:52+0000 WARNING ID 17482 not in top-10 details (>10 new in one window?)
2026-06-03T12:03:52+0000 INFO Telegram sent: 🏠 New offer (ID 17482) — details not rendered, see site:
🔗 h
2026-06-03T12:03:52+0000 WARNING ID 17483 not in top-10 details (>10 new in one window?)
2026-06-03T12:03:52+0000 INFO Telegram sent: 🏠 New offer (ID 17483) — details not rendered, see site:
🔗 h
2026-06-03T12:03:52+0000 WARNING ID 17484 not in top-10 details (>10 new in one window?)
2026-06-03T12:03:53+0000 INFO Telegram sent: 🏠 New offer (ID 17484) — details not rendered, see site:
🔗 h
2026-06-03T12:03:53+0000 INFO Skipped (district Lichtenberg not in allowlist): ID 17485
2026-06-03T12:03:53+0000 INFO Skipped (district Treptow-Köpenick not in allowlist): ID 17486
2026-06-03T12:03:53+0000 INFO Skipped (district Lichtenberg not in allowlist): ID 17487
2026-06-03T12:03:53+0000 INFO Skipped (district Lichtenberg not in allowlist): ID 17488
2026-06-03T12:03:53+0000 INFO Skipped (district Lichtenberg not in allowlist): ID 17489
2026-06-03T12:03:53+0000 INFO Skipped (district Marzahn-Hellersdorf not in allowlist): ID 17490
2026-06-03T12:03:53+0000 INFO Skipped (district Marzahn-Hellersdorf not in allowlist): ID 17491
2026-06-03T12:03:53+0000 INFO Skipped (district Spandau not in allowlist): ID 17492
2026-06-03T12:03:53+0000 INFO Skipped (district Lichtenberg not in allowlist): ID 17493
2026-06-03T12:03:53+0000 INFO Skipped (district Treptow-Köpenick not in allowlist): ID 17494
2026-06-03T17:09:54+0000 INFO Fetched page: 255 total IDs, 10 rendered details
2026-06-03T17:09:54+0000 INFO 9 new offer(s) found
2026-06-03T17:09:54+0000 INFO Skipped (district Treptow-Köpenick not in allowlist): ID 17497
2026-06-03T17:09:55+0000 INFO Telegram sent: 🏠 Neues Wohnungsangebot — Tempelhof-Schöneberg

📍 Meraner St
2026-06-03T17:09:55+0000 INFO Notified: ID 17498 — Meraner Straße 33, 10825 Tempelhof-Schöneberg
2026-06-03T17:09:55+0000 INFO Telegram sent: 🏠 Neues Wohnungsangebot — Friedrichshain-Kreuzberg

📍 Wilhel
2026-06-03T17:09:55+0000 INFO Notified: ID 17500 — Wilhelmstraße 2, 10963 Friedrichshain-Kreuzberg
2026-06-03T17:09:55+0000 INFO Skipped (district Spandau not in allowlist): ID 17502
2026-06-03T17:09:55+0000 INFO Skipped (district Spandau not in allowlist): ID 17503
2026-06-03T17:09:55+0000 INFO Skipped (district Spandau not in allowlist): ID 17504
2026-06-03T17:09:56+0000 INFO Telegram sent: 🏠 Neues Wohnungsangebot — Tempelhof-Schöneberg

📍 Steinacher
2026-06-03T17:09:56+0000 INFO Notified: ID 17505 — Steinacher Straße 4, 10825 Tempelhof-Schöneberg
2026-06-03T17:09:56+0000 INFO Skipped (district Treptow-Köpenick not in allowlist): ID 17506
2026-06-03T17:09:56+0000 INFO Telegram sent: 🏠 Neues Wohnungsangebot — Friedrichshain-Kreuzberg

📍 Wilhel
2026-06-03T17:09:56+0000 INFO Notified: ID 17507 — Wilhelmstraße 3, 10963 Friedrichshain-Kreuzberg
2026-06-03T20:27:11+0000 INFO Fetched page: 249 total IDs, 10 rendered details
2026-06-03T20:27:11+0000 INFO 1 new offer(s) found
2026-06-03T20:27:11+0000 INFO Skipped (district Marzahn-Hellersdorf not in allowlist): ID 17508
2026-06-03T22:37:45+0000 INFO Fetched page: 248 total IDs, 10 rendered details
2026-06-03T22:37:45+0000 INFO 0 new offer(s) found
2026-06-04T00:18:50+0000 INFO Fetched page: 248 total IDs, 10 rendered details
2026-06-04T00:18:50+0000 INFO 0 new offer(s) found
2026-06-04T05:14:08+0000 INFO Fetched page: 246 total IDs, 10 rendered details
2026-06-04T05:14:08+0000 INFO 0 new offer(s) found
2026-06-04T09:03:18+0000 INFO Fetched page: 248 total IDs, 10 rendered details
2026-06-04T09:03:18+0000 INFO 10 new offer(s) found
2026-06-04T09:03:19+0000 INFO Telegram sent: 🏠 Neues Wohnungsangebot — Neukölln

📍 Alt-Britz 107, 12359 N
2026-06-04T09:03:19+0000 INFO Notified: ID 17513 — Alt-Britz 107, 12359 Neukölln
2026-06-04T09:03:19+0000 INFO Telegram sent: 🏠 Neues Wohnungsangebot — Neukölln

📍 Alt-Britz 107, 12359 N
2026-06-04T09:03:19+0000 INFO Notified: ID 17514 — Alt-Britz 107, 12359 Neukölln
2026-06-04T09:03:19+0000 INFO Skipped (district Steglitz-Zehlendorf not in allowlist): ID 17515
2026-06-04T09:03:19+0000 INFO Skipped (district Steglitz-Zehlendorf not in allowlist): ID 17516
2026-06-04T09:03:19+0000 INFO Skipped (district Treptow-Köpenick not in allowlist): ID 17519
2026-06-04T09:03:19+0000 INFO Skipped (district Lichtenberg not in allowlist): ID 17520
2026-06-04T09:03:19+0000 INFO Skipped (district Lichtenberg not in allowlist): ID 17521
2026-06-04T09:03:19+0000 INFO Skipped (district Lichtenberg not in allowlist): ID 17522
2026-06-04T09:03:20+0000 INFO Telegram sent: 🏠 Neues Wohnungsangebot — Neukölln

📍 Am Straßenbahnhof 54, 
2026-06-04T09:03:20+0000 INFO Notified: ID 17523 — Am Straßenbahnhof 54, 12347 Neukölln
2026-06-04T09:03:20+0000 INFO Skipped (district Marzahn-Hellersdorf not in allowlist): ID 17524
2026-06-04T12:12:48+0000 INFO Fetched page: 253 total IDs, 10 rendered details
2026-06-04T12:12:48+0000 INFO 14 new offer(s) found
2026-06-04T12:12:48+0000 WARNING ID 17526 not in top-10 details (>10 new in one window?)
2026-06-04T12:12:48+0000 INFO Telegram sent: 🏠 New offer (ID 17526) — details not rendered, see site:
🔗 h
2026-06-04T12:12:48+0000 WARNING ID 17527 not in top-10 details (>10 new in one window?)
2026-06-04T12:12:48+0000 INFO Telegram sent: 🏠 New offer (ID 17527) — details not rendered, see site:
🔗 h
2026-06-04T12:12:48+0000 WARNING ID 17528 not in top-10 details (>10 new in one window?)
2026-06-04T12:12:49+0000 INFO Telegram sent: 🏠 New offer (ID 17528) — details not rendered, see site:
🔗 h
2026-06-04T12:12:49+0000 WARNING ID 17529 not in top-10 details (>10 new in one window?)
2026-06-04T12:12:49+0000 INFO Telegram sent: 🏠 New offer (ID 17529) — details not rendered, see site:
🔗 h
2026-06-04T12:12:49+0000 INFO Skipped (district Lichtenberg not in allowlist): ID 17531
2026-06-04T12:12:49+0000 INFO Skipped (district Marzahn-Hellersdorf not in allowlist): ID 17532
2026-06-04T12:12:49+0000 INFO Skipped (district Marzahn-Hellersdorf not in allowlist): ID 17533
2026-06-04T12:12:50+0000 INFO Telegram sent: 🏠 Neues Wohnungsangebot — Neukölln

📍 Schirpitzer Weg 46, 12
2026-06-04T12:12:50+0000 INFO Notified: ID 17534 — Schirpitzer Weg 46, 12355 Neukölln
2026-06-04T12:12:50+0000 INFO Skipped (district Lichtenberg not in allowlist): ID 17535
2026-06-04T12:12:50+0000 INFO Skipped (district Marzahn-Hellersdorf not in allowlist): ID 17536
2026-06-04T12:12:50+0000 INFO Skipped (district Lichtenberg not in allowlist): ID 17537
2026-06-04T12:12:50+0000 INFO Skipped (district Lichtenberg not in allowlist): ID 17538
2026-06-04T12:12:50+0000 INFO Skipped (district Lichtenberg not in allowlist): ID 17539
2026-06-04T12:12:50+0000 INFO Skipped (district Lichtenberg not in allowlist): ID 17540
2026-06-04T15:45:48+0000 INFO Fetched page: 272 total IDs, 10 rendered details
2026-06-04T15:45:48+0000 INFO 26 new offer(s) found
2026-06-04T15:45:48+0000 WARNING ID 17541 not in top-10 details (>10 new in one window?)
2026-06-04T15:45:49+0000 INFO Telegram sent: 🏠 New offer (ID 17541) — details not rendered, see site:
🔗 h
2026-06-04T15:45:49+0000 WARNING ID 17542 not in top-10 details (>10 new in one window?)
2026-06-04T15:45:49+0000 INFO Telegram sent: 🏠 New offer (ID 17542) — details not rendered, see site:
🔗 h
2026-06-04T15:45:49+0000 WARNING ID 17543 not in top-10 details (>10 new in one window?)
2026-06-04T15:45:50+0000 INFO Telegram sent: 🏠 New offer (ID 17543) — details not rendered, see site:
🔗 h
2026-06-04T15:45:50+0000 WARNING ID 17544 not in top-10 details (>10 new in one window?)
2026-06-04T15:45:50+0000 INFO Telegram sent: 🏠 New offer (ID 17544) — details not rendered, see site:
🔗 h
2026-06-04T15:45:50+0000 WARNING ID 17545 not in top-10 details (>10 new in one window?)
2026-06-04T15:45:51+0000 INFO Telegram sent: 🏠 New offer (ID 17545) — details not rendered, see site:
🔗 h
2026-06-04T15:45:51+0000 WARNING ID 17546 not in top-10 details (>10 new in one window?)
2026-06-04T15:45:51+0000 INFO Telegram sent: 🏠 New offer (ID 17546) — details not rendered, see site:
🔗 h
2026-06-04T15:45:51+0000 WARNING ID 17548 not in top-10 details (>10 new in one window?)
2026-06-04T15:45:52+0000 INFO Telegram sent: 🏠 New offer (ID 17548) — details not rendered, see site:
🔗 h
2026-06-04T15:45:52+0000 WARNING ID 17549 not in top-10 details (>10 new in one window?)
2026-06-04T15:45:52+0000 INFO Telegram sent: 🏠 New offer (ID 17549) — details not rendered, see site:
🔗 h
2026-06-04T15:45:52+0000 WARNING ID 17550 not in top-10 details (>10 new in one window?)
2026-06-04T15:45:53+0000 INFO Telegram sent: 🏠 New offer (ID 17550) — details not rendered, see site:
🔗 h
2026-06-04T15:45:53+0000 WARNING ID 17551 not in top-10 details (>10 new in one window?)
2026-06-04T15:45:53+0000 INFO Telegram sent: 🏠 New offer (ID 17551) — details not rendered, see site:
🔗 h
2026-06-04T15:45:53+0000 WARNING ID 17552 not in top-10 details (>10 new in one window?)
2026-06-04T15:45:54+0000 INFO Telegram sent: 🏠 New offer (ID 17552) — details not rendered, see site:
🔗 h
2026-06-04T15:45:54+0000 WARNING ID 17553 not in top-10 details (>10 new in one window?)
2026-06-04T15:45:54+0000 INFO Telegram sent: 🏠 New offer (ID 17553) — details not rendered, see site:
🔗 h
2026-06-04T15:45:54+0000 WARNING ID 17554 not in top-10 details (>10 new in one window?)
2026-06-04T15:45:55+0000 INFO Telegram sent: 🏠 New offer (ID 17554) — details not rendered, see site:
🔗 h
2026-06-04T15:45:55+0000 WARNING ID 17555 not in top-10 details (>10 new in one window?)
2026-06-04T15:45:55+0000 INFO Telegram sent: 🏠 New offer (ID 17555) — details not rendered, see site:
🔗 h
2026-06-04T15:45:55+0000 WARNING ID 17556 not in top-10 details (>10 new in one window?)
2026-06-04T15:45:56+0000 INFO Telegram sent: 🏠 New offer (ID 17556) — details not rendered, see site:
🔗 h
2026-06-04T15:45:56+0000 WARNING ID 17557 not in top-10 details (>10 new in one window?)
2026-06-04T15:45:56+0000 INFO Telegram sent: 🏠 New offer (ID 17557) — details not rendered, see site:
🔗 h
2026-06-04T15:45:56+0000 INFO Skipped (district Treptow-Köpenick not in allowlist): ID 17558
2026-06-04T15:45:56+0000 INFO Skipped (district Lichtenberg not in allowlist): ID 17559
2026-06-04T15:45:56+0000 INFO Skipped (district Spandau not in allowlist): ID 17560
2026-06-04T15:45:56+0000 INFO Skipped (district Lichtenberg not in allowlist): ID 17561
2026-06-04T15:45:56+0000 INFO Skipped (district Lichtenberg not in allowlist): ID 17562
2026-06-04T15:45:56+0000 INFO Skipped (district Treptow-Köpenick not in allowlist): ID 17563
2026-06-04T15:45:56+0000 INFO Skipped (district Lichtenberg not in allowlist): ID 17564
2026-06-04T15:45:56+0000 INFO Skipped (district Lichtenberg not in allowlist): ID 17565
2026-06-04T15:45:56+0000 INFO Skipped (district Lichtenberg not in allowlist): ID 17566
2026-06-04T15:45:56+0000 INFO Skipped (district Spandau not in allowlist): ID 17567
2026-06-04T18:02:10+0000 INFO Fetched page: 261 total IDs, 10 rendered details
2026-06-04T18:02:10+0000 INFO 2 new offer(s) found
2026-06-04T18:02:10+0000 INFO Skipped (district Spandau not in allowlist): ID 17568
2026-06-04T18:02:10+0000 INFO Skipped (district Lichtenberg not in allowlist): ID 17569
2026-06-04T20:18:43+0000 INFO Fetched page: 260 total IDs, 10 rendered details
2026-06-04T20:18:43+0000 INFO 1 new offer(s) found
2026-06-04T20:18:43+0000 INFO Skipped (district Lichtenberg not in allowlist): ID 17571
2026-06-04T21:56:25+0000 INFO Fetched page: 261 total IDs, 10 rendered details
2026-06-04T21:56:25+0000 INFO 1 new offer(s) found
2026-06-04T21:56:25+0000 INFO Skipped (district Lichtenberg not in allowlist): ID 17572
2026-06-04T23:10:39+0000 INFO Fetched page: 250 total IDs, 10 rendered details
2026-06-04T23:10:39+0000 INFO 0 new offer(s) found
2026-06-05T00:20:59+0000 INFO Fetched page: 250 total IDs, 10 rendered details
2026-06-05T00:20:59+0000 INFO 0 new offer(s) found
2026-06-05T04:52:28+0000 INFO Fetched page: 250 total IDs, 10 rendered details
2026-06-05T04:52:28+0000 INFO 0 new offer(s) found
2026-06-05T08:38:46+0000 INFO Fetched page: 268 total IDs, 10 rendered details
2026-06-05T08:38:46+0000 INFO 31 new offer(s) found
2026-06-05T08:38:46+0000 WARNING ID 17573 not in top-10 details (>10 new in one window?)
2026-06-05T08:38:47+0000 INFO Telegram sent: 🏠 New offer (ID 17573) — details not rendered, see site:
🔗 h
2026-06-05T08:38:47+0000 WARNING ID 17574 not in top-10 details (>10 new in one window?)
2026-06-05T08:38:47+0000 INFO Telegram sent: 🏠 New offer (ID 17574) — details not rendered, see site:
🔗 h
2026-06-05T08:38:47+0000 WARNING ID 17576 not in top-10 details (>10 new in one window?)
2026-06-05T08:38:48+0000 INFO Telegram sent: 🏠 New offer (ID 17576) — details not rendered, see site:
🔗 h
2026-06-05T08:38:48+0000 WARNING ID 17577 not in top-10 details (>10 new in one window?)
2026-06-05T08:38:48+0000 INFO Telegram sent: 🏠 New offer (ID 17577) — details not rendered, see site:
🔗 h
2026-06-05T08:38:48+0000 WARNING ID 17578 not in top-10 details (>10 new in one window?)
2026-06-05T08:38:48+0000 INFO Telegram sent: 🏠 New offer (ID 17578) — details not rendered, see site:
🔗 h
2026-06-05T08:38:48+0000 WARNING ID 17579 not in top-10 details (>10 new in one window?)
2026-06-05T08:38:49+0000 INFO Telegram sent: 🏠 New offer (ID 17579) — details not rendered, see site:
🔗 h
2026-06-05T08:38:49+0000 WARNING ID 17580 not in top-10 details (>10 new in one window?)
2026-06-05T08:38:49+0000 INFO Telegram sent: 🏠 New offer (ID 17580) — details not rendered, see site:
🔗 h
2026-06-05T08:38:49+0000 WARNING ID 17581 not in top-10 details (>10 new in one window?)
2026-06-05T08:38:49+0000 INFO Telegram sent: 🏠 New offer (ID 17581) — details not rendered, see site:
🔗 h
2026-06-05T08:38:49+0000 WARNING ID 17582 not in top-10 details (>10 new in one window?)
2026-06-05T08:38:50+0000 INFO Telegram sent: 🏠 New offer (ID 17582) — details not rendered, see site:
🔗 h
2026-06-05T08:38:50+0000 WARNING ID 17583 not in top-10 details (>10 new in one window?)
2026-06-05T08:38:50+0000 INFO Telegram sent: 🏠 New offer (ID 17583) — details not rendered, see site:
🔗 h
2026-06-05T08:38:50+0000 WARNING ID 17584 not in top-10 details (>10 new in one window?)
2026-06-05T08:38:50+0000 INFO Telegram sent: 🏠 New offer (ID 17584) — details not rendered, see site:
🔗 h
2026-06-05T08:38:50+0000 WARNING ID 17586 not in top-10 details (>10 new in one window?)
2026-06-05T08:38:51+0000 INFO Telegram sent: 🏠 New offer (ID 17586) — details not rendered, see site:
🔗 h
2026-06-05T08:38:51+0000 WARNING ID 17587 not in top-10 details (>10 new in one window?)
2026-06-05T08:38:51+0000 INFO Telegram sent: 🏠 New offer (ID 17587) — details not rendered, see site:
🔗 h
2026-06-05T08:38:51+0000 WARNING ID 17588 not in top-10 details (>10 new in one window?)
2026-06-05T08:38:51+0000 INFO Telegram sent: 🏠 New offer (ID 17588) — details not rendered, see site:
🔗 h
2026-06-05T08:38:51+0000 WARNING ID 17589 not in top-10 details (>10 new in one window?)
2026-06-05T08:38:51+0000 INFO Telegram sent: 🏠 New offer (ID 17589) — details not rendered, see site:
🔗 h
2026-06-05T08:38:51+0000 WARNING ID 17590 not in top-10 details (>10 new in one window?)
2026-06-05T08:38:52+0000 INFO Telegram sent: 🏠 New offer (ID 17590) — details not rendered, see site:
🔗 h
2026-06-05T08:38:52+0000 WARNING ID 17591 not in top-10 details (>10 new in one window?)
2026-06-05T08:38:52+0000 INFO Telegram sent: 🏠 New offer (ID 17591) — details not rendered, see site:
🔗 h
2026-06-05T08:38:52+0000 WARNING ID 17592 not in top-10 details (>10 new in one window?)
2026-06-05T08:38:52+0000 INFO Telegram sent: 🏠 New offer (ID 17592) — details not rendered, see site:
🔗 h
2026-06-05T08:38:52+0000 WARNING ID 17593 not in top-10 details (>10 new in one window?)
2026-06-05T08:38:53+0000 INFO Telegram sent: 🏠 New offer (ID 17593) — details not rendered, see site:
🔗 h
2026-06-05T08:38:53+0000 WARNING ID 17594 not in top-10 details (>10 new in one window?)
2026-06-05T08:38:53+0000 INFO Telegram sent: 🏠 New offer (ID 17594) — details not rendered, see site:
🔗 h
2026-06-05T08:38:53+0000 WARNING ID 17595 not in top-10 details (>10 new in one window?)
2026-06-05T08:38:53+0000 INFO Telegram sent: 🏠 New offer (ID 17595) — details not rendered, see site:
🔗 h
2026-06-05T08:38:53+0000 INFO Skipped (district Lichtenberg not in allowlist): ID 17596
2026-06-05T08:38:54+0000 INFO Telegram sent: 🏠 Neues Wohnungsangebot — Friedrichshain-Kreuzberg

📍 Karl-M
2026-06-05T08:38:54+0000 INFO Notified: ID 17597 — Karl-Marx-Allee 70D, 10243 Friedrichshain-Kreuzberg
2026-06-05T08:38:54+0000 INFO Skipped (district Lichtenberg not in allowlist): ID 17598
2026-06-05T08:38:54+0000 INFO Skipped (district Lichtenberg not in allowlist): ID 17599
2026-06-05T08:38:54+0000 INFO Skipped (district Lichtenberg not in allowlist): ID 17600
2026-06-05T08:38:54+0000 INFO Skipped (district Lichtenberg not in allowlist): ID 17601
2026-06-05T08:38:54+0000 INFO Skipped (district Lichtenberg not in allowlist): ID 17602
2026-06-05T08:38:54+0000 INFO Skipped (district Lichtenberg not in allowlist): ID 17603
2026-06-05T08:38:54+0000 INFO Skipped (district Lichtenberg not in allowlist): ID 17604
2026-06-05T08:38:54+0000 INFO Skipped (district Lichtenberg not in allowlist): ID 17605
2026-06-05T11:48:41+0000 INFO Fetched page: 278 total IDs, 10 rendered details
2026-06-05T11:48:41+0000 INFO 35 new offer(s) found
2026-06-05T11:48:41+0000 WARNING ID 17606 not in top-10 details (>10 new in one window?)
2026-06-05T11:48:42+0000 INFO Telegram sent: 🏠 New offer (ID 17606) — details not rendered, see site:
🔗 h
2026-06-05T11:48:42+0000 WARNING ID 17607 not in top-10 details (>10 new in one window?)
2026-06-05T11:48:42+0000 INFO Telegram sent: 🏠 New offer (ID 17607) — details not rendered, see site:
🔗 h
2026-06-05T11:48:42+0000 WARNING ID 17608 not in top-10 details (>10 new in one window?)
2026-06-05T11:48:42+0000 INFO Telegram sent: 🏠 New offer (ID 17608) — details not rendered, see site:
🔗 h
2026-06-05T11:48:42+0000 WARNING ID 17609 not in top-10 details (>10 new in one window?)
2026-06-05T11:48:42+0000 INFO Telegram sent: 🏠 New offer (ID 17609) — details not rendered, see site:
🔗 h
2026-06-05T11:48:42+0000 WARNING ID 17610 not in top-10 details (>10 new in one window?)
2026-06-05T11:48:43+0000 INFO Telegram sent: 🏠 New offer (ID 17610) — details not rendered, see site:
🔗 h
2026-06-05T11:48:43+0000 WARNING ID 17611 not in top-10 details (>10 new in one window?)
2026-06-05T11:48:43+0000 INFO Telegram sent: 🏠 New offer (ID 17611) — details not rendered, see site:
🔗 h
2026-06-05T11:48:43+0000 WARNING ID 17612 not in top-10 details (>10 new in one window?)
2026-06-05T11:48:43+0000 INFO Telegram sent: 🏠 New offer (ID 17612) — details not rendered, see site:
🔗 h
2026-06-05T11:48:43+0000 WARNING ID 17613 not in top-10 details (>10 new in one window?)
2026-06-05T11:48:44+0000 INFO Telegram sent: 🏠 New offer (ID 17613) — details not rendered, see site:
🔗 h
2026-06-05T11:48:44+0000 WARNING ID 17615 not in top-10 details (>10 new in one window?)
2026-06-05T11:48:44+0000 INFO Telegram sent: 🏠 New offer (ID 17615) — details not rendered, see site:
🔗 h
2026-06-05T11:48:44+0000 WARNING ID 17616 not in top-10 details (>10 new in one window?)
2026-06-05T11:48:44+0000 INFO Telegram sent: 🏠 New offer (ID 17616) — details not rendered, see site:
🔗 h
2026-06-05T11:48:44+0000 WARNING ID 17617 not in top-10 details (>10 new in one window?)
2026-06-05T11:48:45+0000 INFO Telegram sent: 🏠 New offer (ID 17617) — details not rendered, see site:
🔗 h
2026-06-05T11:48:45+0000 WARNING ID 17618 not in top-10 details (>10 new in one window?)
2026-06-05T11:48:45+0000 INFO Telegram sent: 🏠 New offer (ID 17618) — details not rendered, see site:
🔗 h
2026-06-05T11:48:45+0000 WARNING ID 17619 not in top-10 details (>10 new in one window?)
2026-06-05T11:48:45+0000 INFO Telegram sent: 🏠 New offer (ID 17619) — details not rendered, see site:
🔗 h
2026-06-05T11:48:45+0000 WARNING ID 17620 not in top-10 details (>10 new in one window?)
2026-06-05T11:48:46+0000 INFO Telegram sent: 🏠 New offer (ID 17620) — details not rendered, see site:
🔗 h
2026-06-05T11:48:46+0000 WARNING ID 17621 not in top-10 details (>10 new in one window?)
2026-06-05T11:48:46+0000 INFO Telegram sent: 🏠 New offer (ID 17621) — details not rendered, see site:
🔗 h
2026-06-05T11:48:46+0000 WARNING ID 17622 not in top-10 details (>10 new in one window?)
2026-06-05T11:48:46+0000 INFO Telegram sent: 🏠 New offer (ID 17622) — details not rendered, see site:
🔗 h
2026-06-05T11:48:46+0000 WARNING ID 17623 not in top-10 details (>10 new in one window?)
2026-06-05T11:48:47+0000 INFO Telegram sent: 🏠 New offer (ID 17623) — details not rendered, see site:
🔗 h
2026-06-05T11:48:47+0000 WARNING ID 17624 not in top-10 details (>10 new in one window?)
2026-06-05T11:48:47+0000 INFO Telegram sent: 🏠 New offer (ID 17624) — details not rendered, see site:
🔗 h
2026-06-05T11:48:47+0000 WARNING ID 17625 not in top-10 details (>10 new in one window?)
2026-06-05T11:48:47+0000 INFO Telegram sent: 🏠 New offer (ID 17625) — details not rendered, see site:
🔗 h
2026-06-05T11:48:47+0000 WARNING ID 17626 not in top-10 details (>10 new in one window?)
2026-06-05T11:48:48+0000 INFO Telegram sent: 🏠 New offer (ID 17626) — details not rendered, see site:
🔗 h
2026-06-05T11:48:48+0000 WARNING ID 17627 not in top-10 details (>10 new in one window?)
2026-06-05T11:48:48+0000 INFO Telegram sent: 🏠 New offer (ID 17627) — details not rendered, see site:
🔗 h
2026-06-05T11:48:48+0000 WARNING ID 17628 not in top-10 details (>10 new in one window?)
2026-06-05T11:48:48+0000 INFO Telegram sent: 🏠 New offer (ID 17628) — details not rendered, see site:
🔗 h
2026-06-05T11:48:48+0000 WARNING ID 17629 not in top-10 details (>10 new in one window?)
2026-06-05T11:48:49+0000 INFO Telegram sent: 🏠 New offer (ID 17629) — details not rendered, see site:
🔗 h
2026-06-05T11:48:49+0000 WARNING ID 17630 not in top-10 details (>10 new in one window?)
2026-06-05T11:48:49+0000 INFO Telegram sent: 🏠 New offer (ID 17630) — details not rendered, see site:
🔗 h
2026-06-05T11:48:49+0000 WARNING ID 17631 not in top-10 details (>10 new in one window?)
2026-06-05T11:48:49+0000 INFO Telegram sent: 🏠 New offer (ID 17631) — details not rendered, see site:
🔗 h
2026-06-05T11:48:49+0000 INFO Skipped (district Lichtenberg not in allowlist): ID 17634
2026-06-05T11:48:49+0000 INFO Skipped (district Treptow-Köpenick not in allowlist): ID 17635
2026-06-05T11:48:49+0000 INFO Skipped (district Treptow-Köpenick not in allowlist): ID 17636
2026-06-05T11:48:49+0000 INFO Skipped (district Treptow-Köpenick not in allowlist): ID 17637
2026-06-05T11:48:49+0000 INFO Skipped (district Lichtenberg not in allowlist): ID 17638
2026-06-05T11:48:49+0000 INFO Skipped (district Treptow-Köpenick not in allowlist): ID 17639
2026-06-05T11:48:50+0000 INFO Telegram sent: 🏠 Neues Wohnungsangebot — Neukölln

📍 Alt-Britz 107A, 12359 
2026-06-05T11:48:50+0000 INFO Notified: ID 17641 — Alt-Britz 107A, 12359 Neukölln
2026-06-05T11:48:50+0000 INFO Skipped (district Marzahn-Hellersdorf not in allowlist): ID 17642
2026-06-05T11:48:50+0000 INFO Skipped (district Marzahn-Hellersdorf not in allowlist): ID 17643
2026-06-05T11:48:50+0000 INFO Skipped (district Marzahn-Hellersdorf not in allowlist): ID 17644
2026-06-05T14:13:02+0000 INFO Fetched page: 280 total IDs, 10 rendered details
2026-06-05T14:13:02+0000 INFO 6 new offer(s) found
2026-06-05T14:13:02+0000 INFO Telegram sent: 🏠 Neues Wohnungsangebot — Friedrichshain-Kreuzberg

📍 Friedr
2026-06-05T14:13:02+0000 INFO Notified: ID 17645 — Friedrichstraße 226, 10969 Friedrichshain-Kreuzberg
2026-06-05T14:13:02+0000 INFO Skipped (district Treptow-Köpenick not in allowlist): ID 17646
2026-06-05T14:13:03+0000 INFO Telegram sent: 🏠 Neues Wohnungsangebot — Friedrichshain-Kreuzberg

📍 Mehrin
2026-06-05T14:13:03+0000 INFO Notified: ID 17647 — Mehringdamm 8, 10961 Friedrichshain-Kreuzberg
2026-06-05T14:13:03+0000 INFO Skipped (district Pankow not in allowlist): ID 17648
2026-06-05T14:13:03+0000 INFO Skipped (district Treptow-Köpenick not in allowlist): ID 17649
2026-06-05T14:13:03+0000 INFO Skipped (district Marzahn-Hellersdorf not in allowlist): ID 17650
2026-06-05T16:42:41+0000 INFO Fetched page: 276 total IDs, 10 rendered details
2026-06-05T16:42:41+0000 INFO 2 new offer(s) found
2026-06-05T16:42:41+0000 INFO Skipped (district Lichtenberg not in allowlist): ID 17654
2026-06-05T16:42:41+0000 INFO Skipped (district Lichtenberg not in allowlist): ID 17655
2026-06-05T18:29:23+0000 INFO Fetched page: 276 total IDs, 10 rendered details
2026-06-05T18:29:23+0000 INFO 0 new offer(s) found
2026-06-05T20:29:14+0000 INFO Fetched page: 273 total IDs, 10 rendered details
2026-06-05T20:29:14+0000 INFO 1 new offer(s) found
2026-06-05T20:29:14+0000 INFO Skipped (district Lichtenberg not in allowlist): ID 17656
2026-06-05T22:01:14+0000 INFO Fetched page: 273 total IDs, 10 rendered details
2026-06-05T22:01:14+0000 INFO 6 new offer(s) found
2026-06-05T22:01:14+0000 INFO Skipped (district Spandau not in allowlist): ID 17657
2026-06-05T22:01:14+0000 INFO Skipped (district Spandau not in allowlist): ID 17658
2026-06-05T22:01:14+0000 INFO Skipped (district Spandau not in allowlist): ID 17659
2026-06-05T22:01:14+0000 INFO Skipped (district Spandau not in allowlist): ID 17660
2026-06-05T22:01:14+0000 INFO Skipped (district Spandau not in allowlist): ID 17661
2026-06-05T22:01:14+0000 INFO Skipped (district Spandau not in allowlist): ID 17662
2026-06-05T23:20:21+0000 INFO Fetched page: 273 total IDs, 10 rendered details
2026-06-05T23:20:21+0000 INFO 0 new offer(s) found
2026-06-06T01:26:20+0000 INFO Fetched page: 273 total IDs, 10 rendered details
2026-06-06T01:26:20+0000 INFO 0 new offer(s) found
2026-06-06T05:29:24+0000 INFO Fetched page: 273 total IDs, 10 rendered details
2026-06-06T05:29:24+0000 INFO 0 new offer(s) found
2026-06-06T08:07:18+0000 INFO Fetched page: 273 total IDs, 10 rendered details
2026-06-06T08:07:18+0000 INFO 0 new offer(s) found
2026-06-06T10:19:24+0000 INFO Fetched page: 270 total IDs, 10 rendered details
2026-06-06T10:19:24+0000 INFO 0 new offer(s) found
2026-06-06T11:49:24+0000 INFO Fetched page: 271 total IDs, 10 rendered details
2026-06-06T11:49:24+0000 INFO 1 new offer(s) found
2026-06-06T11:49:24+0000 INFO Telegram sent: 🏠 Neues Wohnungsangebot — Mitte

📍 Köpenicker Straße 120, 10
2026-06-06T11:49:24+0000 INFO Notified: ID 17663 — Köpenicker Straße 120, 10179 Mitte
2026-06-06T12:58:55+0000 INFO Fetched page: 271 total IDs, 10 rendered details
2026-06-06T12:58:55+0000 INFO 0 new offer(s) found
2026-06-06T14:49:26+0000 INFO Fetched page: 271 total IDs, 10 rendered details
2026-06-06T14:49:26+0000 INFO 0 new offer(s) found
2026-06-06T15:58:47+0000 INFO Fetched page: 271 total IDs, 10 rendered details
2026-06-06T15:58:47+0000 INFO 0 new offer(s) found
2026-06-06T17:22:08+0000 INFO Fetched page: 271 total IDs, 10 rendered details
2026-06-06T17:22:08+0000 INFO 0 new offer(s) found
2026-06-06T18:44:32+0000 INFO Fetched page: 269 total IDs, 10 rendered details
2026-06-06T18:44:32+0000 INFO 0 new offer(s) found
2026-06-06T20:01:36+0000 INFO Fetched page: 269 total IDs, 10 rendered details
2026-06-06T20:01:36+0000 INFO 0 new offer(s) found
2026-06-06T21:12:38+0000 INFO Fetched page: 269 total IDs, 10 rendered details
2026-06-06T21:12:38+0000 INFO 0 new offer(s) found
2026-06-06T22:17:53+0000 INFO Fetched page: 269 total IDs, 10 rendered details
2026-06-06T22:17:53+0000 INFO 0 new offer(s) found
2026-06-06T23:32:16+0000 INFO Fetched page: 269 total IDs, 10 rendered details
2026-06-06T23:32:16+0000 INFO 0 new offer(s) found
2026-06-07T01:39:13+0000 INFO Fetched page: 269 total IDs, 10 rendered details
2026-06-07T01:39:13+0000 INFO 0 new offer(s) found
2026-06-07T06:07:38+0000 INFO Fetched page: 269 total IDs, 10 rendered details
2026-06-07T06:07:38+0000 INFO 0 new offer(s) found
2026-06-07T09:33:33+0000 INFO Fetched page: 265 total IDs, 10 rendered details
2026-06-07T09:33:33+0000 INFO 1 new offer(s) found
2026-06-07T09:33:33+0000 INFO Skipped (district Spandau not in allowlist): ID 17664
2026-06-07T11:23:09+0000 INFO Fetched page: 265 total IDs, 10 rendered details
2026-06-07T11:23:09+0000 INFO 0 new offer(s) found
2026-06-07T12:57:25+0000 INFO Fetched page: 263 total IDs, 10 rendered details
2026-06-07T12:57:25+0000 INFO 0 new offer(s) found
2026-06-07T14:54:59+0000 INFO Fetched page: 263 total IDs, 10 rendered details
2026-06-07T14:54:59+0000 INFO 0 new offer(s) found
2026-06-07T16:13:36+0000 INFO Fetched page: 263 total IDs, 10 rendered details
2026-06-07T16:13:36+0000 INFO 0 new offer(s) found
2026-06-07T17:41:31+0000 INFO Fetched page: 258 total IDs, 10 rendered details
2026-06-07T17:41:31+0000 INFO 0 new offer(s) found
2026-06-07T18:57:23+0000 INFO Fetched page: 256 total IDs, 10 rendered details
2026-06-07T18:57:23+0000 INFO 0 new offer(s) found
2026-06-07T20:16:20+0000 INFO Fetched page: 256 total IDs, 10 rendered details
2026-06-07T20:16:20+0000 INFO 0 new offer(s) found
2026-06-07T21:39:03+0000 INFO Fetched page: 256 total IDs, 10 rendered details
2026-06-07T21:39:03+0000 INFO 0 new offer(s) found
2026-06-07T22:45:38+0000 INFO Fetched page: 256 total IDs, 10 rendered details
2026-06-07T22:45:38+0000 INFO 0 new offer(s) found
2026-06-07T23:49:43+0000 INFO Fetched page: 256 total IDs, 10 rendered details
2026-06-07T23:49:43+0000 INFO 0 new offer(s) found
2026-06-08T02:05:45+0000 INFO Fetched page: 256 total IDs, 10 rendered details
2026-06-08T02:05:45+0000 INFO 0 new offer(s) found
2026-06-08T07:00:09+0000 INFO Fetched page: 249 total IDs, 10 rendered details
2026-06-08T07:00:09+0000 INFO 5 new offer(s) found
2026-06-08T07:00:10+0000 INFO Telegram sent: 🏠 Neues Wohnungsangebot — Neukölln

📍 Fritzi-Massary-Straße 
2026-06-08T07:00:10+0000 INFO Notified: ID 17665 — Fritzi-Massary-Straße 14, 12057 Neukölln
2026-06-08T07:00:10+0000 INFO Telegram sent: 🏠 Neues Wohnungsangebot — Tempelhof-Schöneberg

📍 Alboinplat
2026-06-08T07:00:10+0000 INFO Notified: ID 17666 — Alboinplatz 2, 12105 Tempelhof-Schöneberg
2026-06-08T07:00:10+0000 INFO Skipped (district Lichtenberg not in allowlist): ID 17667
2026-06-08T07:00:10+0000 INFO Skipped (district Treptow-Köpenick not in allowlist): ID 17668
2026-06-08T07:00:10+0000 INFO Skipped (district Lichtenberg not in allowlist): ID 17669
2026-06-08T12:05:25+0000 INFO Fetched page: 242 total IDs, 10 rendered details
2026-06-08T12:05:25+0000 INFO 18 new offer(s) found
2026-06-08T12:05:25+0000 WARNING ID 17670 not in top-10 details (>10 new in one window?)
2026-06-08T12:05:26+0000 INFO Telegram sent: 🏠 New offer (ID 17670) — details not rendered, see site:
🔗 h
2026-06-08T12:05:26+0000 WARNING ID 17671 not in top-10 details (>10 new in one window?)
2026-06-08T12:05:26+0000 INFO Telegram sent: 🏠 New offer (ID 17671) — details not rendered, see site:
🔗 h
2026-06-08T12:05:26+0000 WARNING ID 17672 not in top-10 details (>10 new in one window?)
2026-06-08T12:05:27+0000 INFO Telegram sent: 🏠 New offer (ID 17672) — details not rendered, see site:
🔗 h
2026-06-08T12:05:27+0000 WARNING ID 17674 not in top-10 details (>10 new in one window?)
2026-06-08T12:05:27+0000 INFO Telegram sent: 🏠 New offer (ID 17674) — details not rendered, see site:
🔗 h
2026-06-08T12:05:27+0000 WARNING ID 17675 not in top-10 details (>10 new in one window?)
2026-06-08T12:05:28+0000 INFO Telegram sent: 🏠 New offer (ID 17675) — details not rendered, see site:
🔗 h
2026-06-08T12:05:28+0000 WARNING ID 17676 not in top-10 details (>10 new in one window?)
2026-06-08T12:05:28+0000 INFO Telegram sent: 🏠 New offer (ID 17676) — details not rendered, see site:
🔗 h
2026-06-08T12:05:28+0000 WARNING ID 17677 not in top-10 details (>10 new in one window?)
2026-06-08T12:05:29+0000 INFO Telegram sent: 🏠 New offer (ID 17677) — details not rendered, see site:
🔗 h
2026-06-08T12:05:29+0000 WARNING ID 17678 not in top-10 details (>10 new in one window?)
2026-06-08T12:05:29+0000 INFO Telegram sent: 🏠 New offer (ID 17678) — details not rendered, see site:
🔗 h
2026-06-08T12:05:29+0000 INFO Skipped (district Pankow not in allowlist): ID 17679
2026-06-08T12:05:29+0000 INFO Telegram sent: 🏠 Neues Wohnungsangebot — Neukölln

📍 Friedrich-Kayßler-Weg 
2026-06-08T12:05:29+0000 INFO Notified: ID 17680 — Friedrich-Kayßler-Weg 3, 12353 Neukölln
2026-06-08T12:05:29+0000 INFO Skipped (district Pankow not in allowlist): ID 17681
2026-06-08T12:05:29+0000 INFO Skipped (district Pankow not in allowlist): ID 17682
2026-06-08T12:05:29+0000 INFO Skipped (district Reinickendorf not in allowlist): ID 17683
2026-06-08T12:05:29+0000 INFO Skipped (district Reinickendorf not in allowlist): ID 17684
2026-06-08T12:05:29+0000 INFO Skipped (district Steglitz-Zehlendorf not in allowlist): ID 17685
2026-06-08T12:05:29+0000 INFO Skipped (district Treptow-Köpenick not in allowlist): ID 17686
2026-06-08T12:05:29+0000 INFO Skipped (district Spandau not in allowlist): ID 17687
2026-06-08T12:05:29+0000 INFO Skipped (district Marzahn-Hellersdorf not in allowlist): ID 17688
2026-06-08T16:15:42+0000 INFO Fetched page: 249 total IDs, 10 rendered details
2026-06-08T16:15:42+0000 INFO 12 new offer(s) found
2026-06-08T16:15:42+0000 WARNING ID 17689 not in top-10 details (>10 new in one window?)
2026-06-08T16:15:43+0000 INFO Telegram sent: 🏠 New offer (ID 17689) — details not rendered, see site:
🔗 h
2026-06-08T16:15:43+0000 WARNING ID 17690 not in top-10 details (>10 new in one window?)
2026-06-08T16:15:43+0000 INFO Telegram sent: 🏠 New offer (ID 17690) — details not rendered, see site:
🔗 h
2026-06-08T16:15:43+0000 INFO Skipped (district Pankow not in allowlist): ID 17692
2026-06-08T16:15:43+0000 INFO Skipped (district Lichtenberg not in allowlist): ID 17693
2026-06-08T16:15:43+0000 INFO Skipped (district Pankow not in allowlist): ID 17694
2026-06-08T16:15:43+0000 INFO Skipped (district Treptow-Köpenick not in allowlist): ID 17695
2026-06-08T16:15:43+0000 INFO Skipped (district Lichtenberg not in allowlist): ID 17696
2026-06-08T16:15:43+0000 INFO Skipped (district Lichtenberg not in allowlist): ID 17698
2026-06-08T16:15:43+0000 INFO Skipped (district Lichtenberg not in allowlist): ID 17700
2026-06-08T16:15:44+0000 INFO Telegram sent: 🏠 Neues Wohnungsangebot — Tempelhof-Schöneberg

📍 Alvenslebe
2026-06-08T16:15:44+0000 INFO Notified: ID 17701 — Alvenslebenstraße 23, 10783 Tempelhof-Schöneberg
2026-06-08T16:15:44+0000 INFO Telegram sent: 🏠 Neues Wohnungsangebot — Tempelhof-Schöneberg

📍 Steinmetzs
2026-06-08T16:15:44+0000 INFO Notified: ID 17702 — Steinmetzstraße 26, 10783 Tempelhof-Schöneberg
2026-06-08T16:15:44+0000 INFO Telegram sent: 🏠 Neues Wohnungsangebot — Tempelhof-Schöneberg

📍 Katzlerstr
2026-06-08T16:15:44+0000 INFO Notified: ID 17703 — Katzlerstraße 5, 10829 Tempelhof-Schöneberg
2026-06-08T18:38:08+0000 INFO Fetched page: 250 total IDs, 10 rendered details
2026-06-08T18:38:08+0000 INFO 4 new offer(s) found
2026-06-08T18:38:08+0000 INFO Skipped (district Spandau not in allowlist): ID 17704
2026-06-08T18:38:08+0000 INFO Skipped (district Lichtenberg not in allowlist): ID 17705
2026-06-08T18:38:08+0000 INFO Skipped (district Lichtenberg not in allowlist): ID 17706
2026-06-08T18:38:08+0000 INFO Skipped (district Lichtenberg not in allowlist): ID 17707
2026-06-08T21:05:26+0000 INFO Fetched page: 241 total IDs, 10 rendered details
2026-06-08T21:05:26+0000 INFO 1 new offer(s) found
2026-06-08T21:05:26+0000 INFO Skipped (district Pankow not in allowlist): ID 17709
2026-06-08T22:45:48+0000 INFO Fetched page: 240 total IDs, 10 rendered details
2026-06-08T22:45:48+0000 INFO 0 new offer(s) found
2026-06-08T23:52:58+0000 INFO Fetched page: 240 total IDs, 10 rendered details
2026-06-08T23:52:58+0000 INFO 0 new offer(s) found
2026-06-09T02:29:39+0000 INFO Fetched page: 240 total IDs, 10 rendered details
2026-06-09T02:29:39+0000 INFO 0 new offer(s) found
2026-06-09T06:33:21+0000 INFO Fetched page: 241 total IDs, 10 rendered details
2026-06-09T06:33:21+0000 INFO 2 new offer(s) found
2026-06-09T06:33:21+0000 INFO Skipped (district Treptow-Köpenick not in allowlist): ID 17710
2026-06-09T06:33:21+0000 INFO Skipped (district Reinickendorf not in allowlist): ID 17711
2026-06-09T10:21:13+0000 INFO Fetched page: 248 total IDs, 10 rendered details
2026-06-09T10:21:13+0000 INFO 14 new offer(s) found
2026-06-09T10:21:13+0000 WARNING ID 17712 not in top-10 details (>10 new in one window?)
2026-06-09T10:21:14+0000 INFO Telegram sent: 🏠 New offer (ID 17712) — details not rendered, see site:
🔗 h
2026-06-09T10:21:14+0000 WARNING ID 17713 not in top-10 details (>10 new in one window?)
2026-06-09T10:21:14+0000 INFO Telegram sent: 🏠 New offer (ID 17713) — details not rendered, see site:
🔗 h
2026-06-09T10:21:14+0000 WARNING ID 17714 not in top-10 details (>10 new in one window?)
2026-06-09T10:21:15+0000 INFO Telegram sent: 🏠 New offer (ID 17714) — details not rendered, see site:
🔗 h
2026-06-09T10:21:15+0000 WARNING ID 17715 not in top-10 details (>10 new in one window?)
2026-06-09T10:21:15+0000 INFO Telegram sent: 🏠 New offer (ID 17715) — details not rendered, see site:
🔗 h
2026-06-09T10:21:15+0000 INFO Skipped (district Lichtenberg not in allowlist): ID 17716
2026-06-09T10:21:16+0000 INFO Telegram sent: 🏠 Neues Wohnungsangebot — Neukölln

📍 Zwickauer Damm 12, 123
2026-06-09T10:21:16+0000 INFO Notified: ID 17717 — Zwickauer Damm 12, 12353 Neukölln
2026-06-09T10:21:16+0000 INFO Skipped (district Spandau not in allowlist): ID 17718
2026-06-09T10:21:16+0000 INFO Skipped (district Spandau not in allowlist): ID 17719
2026-06-09T10:21:16+0000 INFO Skipped (district Lichtenberg not in allowlist): ID 17720
2026-06-09T10:21:16+0000 INFO Skipped (district Lichtenberg not in allowlist): ID 17721
2026-06-09T10:21:16+0000 INFO Skipped (district Treptow-Köpenick not in allowlist): ID 17722
2026-06-09T10:21:16+0000 INFO Telegram sent: 🏠 Neues Wohnungsangebot — Friedrichshain-Kreuzberg

📍 Zossen
2026-06-09T10:21:16+0000 INFO Notified: ID 17723 — Zossener Straße 18, 10961 Friedrichshain-Kreuzberg
2026-06-09T10:21:17+0000 INFO Telegram sent: 🏠 Neues Wohnungsangebot — Mitte

📍 Scharrenstraße 11, 10178 
2026-06-09T10:21:17+0000 INFO Notified: ID 17724 — Scharrenstraße 11, 10178 Mitte
2026-06-09T10:21:17+0000 INFO Skipped (district Treptow-Köpenick not in allowlist): ID 17725
2026-06-09T13:20:15+0000 INFO Fetched page: 261 total IDs, 10 rendered details
2026-06-09T13:20:15+0000 INFO 23 new offer(s) found
2026-06-09T13:20:15+0000 WARNING ID 17727 not in top-10 details (>10 new in one window?)
2026-06-09T13:20:15+0000 INFO Telegram sent: 🏠 New offer (ID 17727) — details not rendered, see site:
🔗 h
2026-06-09T13:20:15+0000 WARNING ID 17728 not in top-10 details (>10 new in one window?)
2026-06-09T13:20:16+0000 INFO Telegram sent: 🏠 New offer (ID 17728) — details not rendered, see site:
🔗 h
2026-06-09T13:20:16+0000 WARNING ID 17729 not in top-10 details (>10 new in one window?)
2026-06-09T13:20:16+0000 INFO Telegram sent: 🏠 New offer (ID 17729) — details not rendered, see site:
🔗 h
2026-06-09T13:20:16+0000 WARNING ID 17731 not in top-10 details (>10 new in one window?)
2026-06-09T13:20:16+0000 INFO Telegram sent: 🏠 New offer (ID 17731) — details not rendered, see site:
🔗 h
2026-06-09T13:20:16+0000 WARNING ID 17732 not in top-10 details (>10 new in one window?)
2026-06-09T13:20:17+0000 INFO Telegram sent: 🏠 New offer (ID 17732) — details not rendered, see site:
🔗 h
2026-06-09T13:20:17+0000 WARNING ID 17733 not in top-10 details (>10 new in one window?)
2026-06-09T13:20:17+0000 INFO Telegram sent: 🏠 New offer (ID 17733) — details not rendered, see site:
🔗 h
2026-06-09T13:20:17+0000 WARNING ID 17734 not in top-10 details (>10 new in one window?)
2026-06-09T13:20:17+0000 INFO Telegram sent: 🏠 New offer (ID 17734) — details not rendered, see site:
🔗 h
2026-06-09T13:20:17+0000 WARNING ID 17735 not in top-10 details (>10 new in one window?)
2026-06-09T13:20:18+0000 INFO Telegram sent: 🏠 New offer (ID 17735) — details not rendered, see site:
🔗 h
2026-06-09T13:20:18+0000 WARNING ID 17737 not in top-10 details (>10 new in one window?)
2026-06-09T13:20:18+0000 INFO Telegram sent: 🏠 New offer (ID 17737) — details not rendered, see site:
🔗 h
2026-06-09T13:20:18+0000 WARNING ID 17739 not in top-10 details (>10 new in one window?)
2026-06-09T13:20:18+0000 INFO Telegram sent: 🏠 New offer (ID 17739) — details not rendered, see site:
🔗 h
2026-06-09T13:20:18+0000 WARNING ID 17740 not in top-10 details (>10 new in one window?)
2026-06-09T13:20:19+0000 INFO Telegram sent: 🏠 New offer (ID 17740) — details not rendered, see site:
🔗 h
2026-06-09T13:20:19+0000 WARNING ID 17741 not in top-10 details (>10 new in one window?)
2026-06-09T13:20:19+0000 INFO Telegram sent: 🏠 New offer (ID 17741) — details not rendered, see site:
🔗 h
2026-06-09T13:20:19+0000 WARNING ID 17742 not in top-10 details (>10 new in one window?)
2026-06-09T13:20:19+0000 INFO Telegram sent: 🏠 New offer (ID 17742) — details not rendered, see site:
🔗 h
2026-06-09T13:20:19+0000 INFO Skipped (district Marzahn-Hellersdorf not in allowlist): ID 17743
2026-06-09T13:20:19+0000 INFO Telegram sent: 🏠 Neues Wohnungsangebot — Tempelhof-Schöneberg

📍 Horstwalde
2026-06-09T13:20:19+0000 INFO Notified: ID 17744 — Horstwalder Straße 5A, 12307 Tempelhof-Schöneberg
2026-06-09T13:20:19+0000 INFO Skipped (district Marzahn-Hellersdorf not in allowlist): ID 17745
2026-06-09T13:20:19+0000 INFO Skipped (district Marzahn-Hellersdorf not in allowlist): ID 17746
2026-06-09T13:20:19+0000 INFO Skipped (district Marzahn-Hellersdorf not in allowlist): ID 17747
2026-06-09T13:20:20+0000 INFO Telegram sent: 🏠 Neues Wohnungsangebot — Neukölln

📍 Lipschitzallee 47, 123
2026-06-09T13:20:20+0000 INFO Notified: ID 17748 — Lipschitzallee 47, 12353 Neukölln
2026-06-09T13:20:20+0000 INFO Skipped (district Pankow not in allowlist): ID 17749
2026-06-09T13:20:20+0000 INFO Skipped (district Marzahn-Hellersdorf not in allowlist): ID 17750
2026-06-09T13:20:20+0000 INFO Skipped (district Lichtenberg not in allowlist): ID 17751
2026-06-09T13:20:20+0000 INFO Telegram sent: 🏠 Neues Wohnungsangebot — Mitte

📍 Engeldamm 40, 10179 Mitte
2026-06-09T13:20:20+0000 INFO Notified: ID 17752 — Engeldamm 40, 10179 Mitte
2026-06-09T16:14:33+0000 INFO Fetched page: 262 total IDs, 10 rendered details
2026-06-09T16:14:33+0000 INFO 7 new offer(s) found
2026-06-09T16:14:33+0000 INFO Skipped (district Lichtenberg not in allowlist): ID 17753
2026-06-09T16:14:33+0000 INFO Skipped (district Lichtenberg not in allowlist): ID 17754
2026-06-09T16:14:33+0000 INFO Skipped (district Lichtenberg not in allowlist): ID 17755
2026-06-09T16:14:33+0000 INFO Skipped (district Lichtenberg not in allowlist): ID 17756
2026-06-09T16:14:33+0000 INFO Skipped (district Lichtenberg not in allowlist): ID 17758
2026-06-09T16:14:34+0000 INFO Telegram sent: 🏠 Neues Wohnungsangebot — Charlottenburg-Wilmersdorf

📍 Dahr
2026-06-09T16:14:34+0000 INFO Notified: ID 17759 — Dahrendorfzeile 10, 13627 Charlottenburg-Wilmersdorf
2026-06-09T16:14:34+0000 INFO Telegram sent: 🏠 Neues Wohnungsangebot — Charlottenburg-Wilmersdorf

📍 Hofa
2026-06-09T16:14:34+0000 INFO Notified: ID 17760 — Hofackerzeile 7B, 13627 Charlottenburg-Wilmersdorf
2026-06-09T18:22:49+0000 INFO Fetched page: 254 total IDs, 10 rendered details
2026-06-09T18:22:49+0000 INFO 1 new offer(s) found
2026-06-09T18:22:49+0000 INFO Skipped (district Marzahn-Hellersdorf not in allowlist): ID 17761
2026-06-09T20:24:01+0000 INFO Fetched page: 246 total IDs, 10 rendered details
2026-06-09T20:24:01+0000 INFO 0 new offer(s) found
2026-06-09T22:04:24+0000 INFO Fetched page: 245 total IDs, 10 rendered details
2026-06-09T22:04:24+0000 INFO 0 new offer(s) found
2026-06-09T23:38:34+0000 INFO Fetched page: 242 total IDs, 10 rendered details
2026-06-09T23:38:34+0000 INFO 0 new offer(s) found
2026-06-10T01:52:07+0000 INFO Fetched page: 242 total IDs, 10 rendered details
2026-06-10T01:52:07+0000 INFO 0 new offer(s) found
2026-06-10T06:13:54+0000 INFO Fetched page: 241 total IDs, 10 rendered details
2026-06-10T06:13:54+0000 INFO 0 new offer(s) found
2026-06-10T10:34:57+0000 INFO Fetched page: 245 total IDs, 10 rendered details
2026-06-10T10:34:57+0000 INFO 26 new offer(s) found
2026-06-10T10:34:57+0000 WARNING ID 17764 not in top-10 details (>10 new in one window?)
2026-06-10T10:34:57+0000 INFO Telegram sent: 🏠 New offer (ID 17764) — details not rendered, see site:
🔗 h
2026-06-10T10:34:57+0000 WARNING ID 17766 not in top-10 details (>10 new in one window?)
2026-06-10T10:34:58+0000 INFO Telegram sent: 🏠 New offer (ID 17766) — details not rendered, see site:
🔗 h
2026-06-10T10:34:58+0000 WARNING ID 17767 not in top-10 details (>10 new in one window?)
2026-06-10T10:34:58+0000 INFO Telegram sent: 🏠 New offer (ID 17767) — details not rendered, see site:
🔗 h
2026-06-10T10:34:58+0000 WARNING ID 17768 not in top-10 details (>10 new in one window?)
2026-06-10T10:34:58+0000 INFO Telegram sent: 🏠 New offer (ID 17768) — details not rendered, see site:
🔗 h
2026-06-10T10:34:58+0000 WARNING ID 17769 not in top-10 details (>10 new in one window?)
2026-06-10T10:34:59+0000 INFO Telegram sent: 🏠 New offer (ID 17769) — details not rendered, see site:
🔗 h
2026-06-10T10:34:59+0000 WARNING ID 17771 not in top-10 details (>10 new in one window?)
2026-06-10T10:34:59+0000 INFO Telegram sent: 🏠 New offer (ID 17771) — details not rendered, see site:
🔗 h
2026-06-10T10:34:59+0000 WARNING ID 17772 not in top-10 details (>10 new in one window?)
2026-06-10T10:35:00+0000 INFO Telegram sent: 🏠 New offer (ID 17772) — details not rendered, see site:
🔗 h
2026-06-10T10:35:00+0000 WARNING ID 17773 not in top-10 details (>10 new in one window?)
2026-06-10T10:35:00+0000 INFO Telegram sent: 🏠 New offer (ID 17773) — details not rendered, see site:
🔗 h
2026-06-10T10:35:00+0000 WARNING ID 17774 not in top-10 details (>10 new in one window?)
2026-06-10T10:35:00+0000 INFO Telegram sent: 🏠 New offer (ID 17774) — details not rendered, see site:
🔗 h
2026-06-10T10:35:00+0000 WARNING ID 17775 not in top-10 details (>10 new in one window?)
2026-06-10T10:35:01+0000 INFO Telegram sent: 🏠 New offer (ID 17775) — details not rendered, see site:
🔗 h
2026-06-10T10:35:01+0000 WARNING ID 17776 not in top-10 details (>10 new in one window?)
2026-06-10T10:35:01+0000 INFO Telegram sent: 🏠 New offer (ID 17776) — details not rendered, see site:
🔗 h
2026-06-10T10:35:01+0000 WARNING ID 17777 not in top-10 details (>10 new in one window?)
2026-06-10T10:35:01+0000 INFO Telegram sent: 🏠 New offer (ID 17777) — details not rendered, see site:
🔗 h
2026-06-10T10:35:01+0000 WARNING ID 17778 not in top-10 details (>10 new in one window?)
2026-06-10T10:35:02+0000 INFO Telegram sent: 🏠 New offer (ID 17778) — details not rendered, see site:
🔗 h
2026-06-10T10:35:02+0000 WARNING ID 17779 not in top-10 details (>10 new in one window?)
2026-06-10T10:35:02+0000 INFO Telegram sent: 🏠 New offer (ID 17779) — details not rendered, see site:
🔗 h
2026-06-10T10:35:02+0000 WARNING ID 17780 not in top-10 details (>10 new in one window?)
2026-06-10T10:35:03+0000 INFO Telegram sent: 🏠 New offer (ID 17780) — details not rendered, see site:
🔗 h
2026-06-10T10:35:03+0000 WARNING ID 17781 not in top-10 details (>10 new in one window?)
2026-06-10T10:35:03+0000 INFO Telegram sent: 🏠 New offer (ID 17781) — details not rendered, see site:
🔗 h
2026-06-10T10:35:03+0000 INFO Skipped (district Lichtenberg not in allowlist): ID 17782
2026-06-10T10:35:03+0000 INFO Skipped (district Spandau not in allowlist): ID 17783
2026-06-10T10:35:03+0000 INFO Skipped (district Spandau not in allowlist): ID 17784
2026-06-10T10:35:03+0000 INFO Skipped (district Marzahn-Hellersdorf not in allowlist): ID 17786
2026-06-10T10:35:03+0000 INFO Skipped (district Lichtenberg not in allowlist): ID 17787
2026-06-10T10:35:03+0000 INFO Skipped (district Marzahn-Hellersdorf not in allowlist): ID 17788
2026-06-10T10:35:03+0000 INFO Skipped (district Spandau not in allowlist): ID 17789
2026-06-10T10:35:03+0000 INFO Skipped (district Lichtenberg not in allowlist): ID 17790
2026-06-10T10:35:03+0000 INFO Skipped (district Spandau not in allowlist): ID 17791
2026-06-10T10:35:03+0000 INFO Skipped (district Marzahn-Hellersdorf not in allowlist): ID 17792
2026-06-10T13:57:46+0000 INFO Fetched page: 253 total IDs, 10 rendered details
2026-06-10T13:57:46+0000 INFO 19 new offer(s) found
2026-06-10T13:57:46+0000 WARNING ID 17793 not in top-10 details (>10 new in one window?)
2026-06-10T13:57:46+0000 INFO Telegram sent: 🏠 New offer (ID 17793) — details not rendered, see site:
🔗 h
2026-06-10T13:57:46+0000 WARNING ID 17794 not in top-10 details (>10 new in one window?)
2026-06-10T13:57:46+0000 INFO Telegram sent: 🏠 New offer (ID 17794) — details not rendered, see site:
🔗 h
2026-06-10T13:57:46+0000 WARNING ID 17798 not in top-10 details (>10 new in one window?)
2026-06-10T13:57:47+0000 INFO Telegram sent: 🏠 New offer (ID 17798) — details not rendered, see site:
🔗 h
2026-06-10T13:57:47+0000 WARNING ID 17799 not in top-10 details (>10 new in one window?)
2026-06-10T13:57:47+0000 INFO Telegram sent: 🏠 New offer (ID 17799) — details not rendered, see site:
🔗 h
2026-06-10T13:57:47+0000 WARNING ID 17800 not in top-10 details (>10 new in one window?)
2026-06-10T13:57:48+0000 INFO Telegram sent: 🏠 New offer (ID 17800) — details not rendered, see site:
🔗 h
2026-06-10T13:57:48+0000 WARNING ID 17801 not in top-10 details (>10 new in one window?)
2026-06-10T13:57:48+0000 INFO Telegram sent: 🏠 New offer (ID 17801) — details not rendered, see site:
🔗 h
2026-06-10T13:57:48+0000 WARNING ID 17802 not in top-10 details (>10 new in one window?)
2026-06-10T13:57:48+0000 INFO Telegram sent: 🏠 New offer (ID 17802) — details not rendered, see site:
🔗 h
2026-06-10T13:57:48+0000 WARNING ID 17803 not in top-10 details (>10 new in one window?)
2026-06-10T13:57:49+0000 INFO Telegram sent: 🏠 New offer (ID 17803) — details not rendered, see site:
🔗 h
2026-06-10T13:57:49+0000 WARNING ID 17804 not in top-10 details (>10 new in one window?)
2026-06-10T13:57:49+0000 INFO Telegram sent: 🏠 New offer (ID 17804) — details not rendered, see site:
🔗 h
2026-06-10T13:57:49+0000 INFO Skipped (district Treptow-Köpenick not in allowlist): ID 17805
2026-06-10T13:57:49+0000 INFO Skipped (district Spandau not in allowlist): ID 17806
2026-06-10T13:57:49+0000 INFO Telegram sent: 🏠 Neues Wohnungsangebot — Friedrichshain-Kreuzberg

📍 Linden
2026-06-10T13:57:49+0000 INFO Notified: ID 17807 — Lindenstraße 79, 10969 Friedrichshain-Kreuzberg
2026-06-10T13:57:50+0000 INFO Telegram sent: 🏠 Neues Wohnungsangebot — Friedrichshain-Kreuzberg

📍 Linden
2026-06-10T13:57:50+0000 INFO Notified: ID 17808 — Lindenstraße 116, 10969 Friedrichshain-Kreuzberg
2026-06-10T13:57:50+0000 INFO Telegram sent: 🏠 Neues Wohnungsangebot — Mitte

📍 Auguststraße 29C, 10119 M
2026-06-10T13:57:50+0000 INFO Notified: ID 17810 — Auguststraße 29C, 10119 Mitte
2026-06-10T13:57:50+0000 INFO Telegram sent: 🏠 Neues Wohnungsangebot — Mitte

📍 Steinstraße 3, 10119 Mitt
2026-06-10T13:57:50+0000 INFO Notified: ID 17811 — Steinstraße 3, 10119 Mitte
2026-06-10T13:57:50+0000 INFO Skipped (district Treptow-Köpenick not in allowlist): ID 17812
2026-06-10T13:57:50+0000 INFO Skipped (district Treptow-Köpenick not in allowlist): ID 17813
2026-06-10T13:57:50+0000 INFO Skipped (district Spandau not in allowlist): ID 17814
2026-06-10T13:57:50+0000 INFO Skipped (district Reinickendorf not in allowlist): ID 17815
2026-06-10T17:24:39+0000 INFO Fetched page: 249 total IDs, 10 rendered details
2026-06-10T17:24:39+0000 INFO 5 new offer(s) found
2026-06-10T17:24:39+0000 INFO Skipped (district Spandau not in allowlist): ID 17819
2026-06-10T17:24:39+0000 INFO Skipped (district Spandau not in allowlist): ID 17820
2026-06-10T17:24:39+0000 INFO Skipped (district Spandau not in allowlist): ID 17822
2026-06-10T17:24:39+0000 INFO Skipped (district Spandau not in allowlist): ID 17823
2026-06-10T17:24:39+0000 INFO Skipped (district Lichtenberg not in allowlist): ID 17824
2026-06-10T19:53:13+0000 INFO Fetched page: 245 total IDs, 10 rendered details
2026-06-10T19:53:13+0000 INFO 0 new offer(s) found
2026-06-10T21:52:19+0000 INFO Fetched page: 245 total IDs, 10 rendered details
2026-06-10T21:52:19+0000 INFO 0 new offer(s) found
2026-06-10T23:19:09+0000 INFO Fetched page: 245 total IDs, 10 rendered details
2026-06-10T23:19:09+0000 INFO 0 new offer(s) found
2026-06-11T01:43:32+0000 INFO Fetched page: 245 total IDs, 10 rendered details
2026-06-11T01:43:32+0000 INFO 0 new offer(s) found
2026-06-11T06:28:10+0000 INFO Fetched page: 240 total IDs, 10 rendered details
2026-06-11T06:28:10+0000 INFO 4 new offer(s) found
2026-06-11T06:28:10+0000 INFO Skipped (district Lichtenberg not in allowlist): ID 17825
2026-06-11T06:28:10+0000 INFO Telegram sent: 🏠 Neues Wohnungsangebot — Mitte

📍 Iranische Straße 4B, 1334
2026-06-11T06:28:10+0000 INFO Notified: ID 17826 — Iranische Straße 4B, 13347 Mitte
2026-06-11T06:28:11+0000 INFO Telegram sent: 🏠 Neues Wohnungsangebot — Friedrichshain-Kreuzberg

📍 Gitsch
2026-06-11T06:28:11+0000 INFO Notified: ID 17827 — Gitschiner Straße 38, 10969 Friedrichshain-Kreuzberg
2026-06-11T06:28:11+0000 INFO Telegram sent: 🏠 Neues Wohnungsangebot — Friedrichshain-Kreuzberg

📍 Gitsch
2026-06-11T06:28:11+0000 INFO Notified: ID 17828 — Gitschiner Straße 38, 10969 Friedrichshain-Kreuzberg
2026-06-11T11:11:49+0000 INFO Fetched page: 244 total IDs, 10 rendered details
2026-06-11T11:11:49+0000 INFO 18 new offer(s) found
2026-06-11T11:11:49+0000 WARNING ID 17829 not in top-10 details (>10 new in one window?)
2026-06-11T11:11:49+0000 INFO Telegram sent: 🏠 New offer (ID 17829) — details not rendered, see site:
🔗 h
2026-06-11T11:11:49+0000 WARNING ID 17831 not in top-10 details (>10 new in one window?)
2026-06-11T11:11:49+0000 INFO Telegram sent: 🏠 New offer (ID 17831) — details not rendered, see site:
🔗 h
2026-06-11T11:11:49+0000 WARNING ID 17832 not in top-10 details (>10 new in one window?)
2026-06-11T11:11:50+0000 INFO Telegram sent: 🏠 New offer (ID 17832) — details not rendered, see site:
🔗 h
2026-06-11T11:11:50+0000 WARNING ID 17834 not in top-10 details (>10 new in one window?)
2026-06-11T11:11:50+0000 INFO Telegram sent: 🏠 New offer (ID 17834) — details not rendered, see site:
🔗 h
2026-06-11T11:11:50+0000 WARNING ID 17835 not in top-10 details (>10 new in one window?)
2026-06-11T11:11:50+0000 INFO Telegram sent: 🏠 New offer (ID 17835) — details not rendered, see site:
🔗 h
2026-06-11T11:11:50+0000 WARNING ID 17836 not in top-10 details (>10 new in one window?)
2026-06-11T11:11:51+0000 INFO Telegram sent: 🏠 New offer (ID 17836) — details not rendered, see site:
🔗 h
2026-06-11T11:11:51+0000 WARNING ID 17837 not in top-10 details (>10 new in one window?)
2026-06-11T11:11:51+0000 INFO Telegram sent: 🏠 New offer (ID 17837) — details not rendered, see site:
🔗 h
2026-06-11T11:11:51+0000 WARNING ID 17838 not in top-10 details (>10 new in one window?)
2026-06-11T11:11:51+0000 INFO Telegram sent: 🏠 New offer (ID 17838) — details not rendered, see site:
🔗 h
2026-06-11T11:11:51+0000 INFO Skipped (district Lichtenberg not in allowlist): ID 17839
2026-06-11T11:11:51+0000 INFO Skipped (district Lichtenberg not in allowlist): ID 17840
2026-06-11T11:11:51+0000 INFO Skipped (district Treptow-Köpenick not in allowlist): ID 17841
2026-06-11T11:11:51+0000 INFO Skipped (district Lichtenberg not in allowlist): ID 17842
2026-06-11T11:11:51+0000 INFO Telegram sent: 🏠 Neues Wohnungsangebot — Charlottenburg-Wilmersdorf

📍 Knob
2026-06-11T11:11:51+0000 INFO Notified: ID 17843 — Knobelsdorffstraße 107, 14050 Charlottenburg-Wilmersdorf
2026-06-11T11:11:51+0000 INFO Skipped (district Marzahn-Hellersdorf not in allowlist): ID 17844
2026-06-11T11:11:51+0000 INFO Skipped (district Marzahn-Hellersdorf not in allowlist): ID 17845
2026-06-11T11:11:51+0000 INFO Skipped (district Marzahn-Hellersdorf not in allowlist): ID 17846
2026-06-11T11:11:51+0000 INFO Skipped (district Lichtenberg not in allowlist): ID 17847
2026-06-11T11:11:51+0000 INFO Skipped (district Treptow-Köpenick not in allowlist): ID 17848
2026-06-11T14:55:44+0000 INFO Fetched page: 248 total IDs, 10 rendered details
2026-06-11T14:55:44+0000 INFO 15 new offer(s) found
2026-06-11T14:55:44+0000 WARNING ID 17849 not in top-10 details (>10 new in one window?)
2026-06-11T14:55:44+0000 INFO Telegram sent: 🏠 New offer (ID 17849) — details not rendered, see site:
🔗 h
2026-06-11T14:55:44+0000 WARNING ID 17851 not in top-10 details (>10 new in one window?)
2026-06-11T14:55:44+0000 INFO Telegram sent: 🏠 New offer (ID 17851) — details not rendered, see site:
🔗 h
2026-06-11T14:55:44+0000 WARNING ID 17852 not in top-10 details (>10 new in one window?)
2026-06-11T14:55:45+0000 INFO Telegram sent: 🏠 New offer (ID 17852) — details not rendered, see site:
🔗 h
2026-06-11T14:55:45+0000 WARNING ID 17853 not in top-10 details (>10 new in one window?)
2026-06-11T14:55:45+0000 INFO Telegram sent: 🏠 New offer (ID 17853) — details not rendered, see site:
🔗 h
2026-06-11T14:55:45+0000 WARNING ID 17857 not in top-10 details (>10 new in one window?)
2026-06-11T14:55:45+0000 INFO Telegram sent: 🏠 New offer (ID 17857) — details not rendered, see site:
🔗 h
2026-06-11T14:55:45+0000 INFO Skipped (district Spandau not in allowlist): ID 17859
2026-06-11T14:55:45+0000 INFO Skipped (district Lichtenberg not in allowlist): ID 17860
2026-06-11T14:55:45+0000 INFO Skipped (district Lichtenberg not in allowlist): ID 17861
2026-06-11T14:55:45+0000 INFO Skipped (district Treptow-Köpenick not in allowlist): ID 17864
2026-06-11T14:55:45+0000 INFO Skipped (district Treptow-Köpenick not in allowlist): ID 17865
2026-06-11T14:55:45+0000 INFO Skipped (district Pankow not in allowlist): ID 17867
2026-06-11T14:55:45+0000 INFO Skipped (district Lichtenberg not in allowlist): ID 17868
2026-06-11T14:55:46+0000 INFO Telegram sent: 🏠 Neues Wohnungsangebot — Mitte

📍 Bremer Straße 12, 10551 M
2026-06-11T14:55:46+0000 INFO Notified: ID 17869 — Bremer Straße 12, 10551 Mitte
2026-06-11T14:55:46+0000 INFO Skipped (district Steglitz-Zehlendorf not in allowlist): ID 17870
2026-06-11T14:55:46+0000 INFO Telegram sent: 🏠 Neues Wohnungsangebot — Friedrichshain-Kreuzberg

📍 Bergma
2026-06-11T14:55:46+0000 INFO Notified: ID 17871 — Bergmannstraße 8, 10961 Friedrichshain-Kreuzberg
2026-06-11T18:13:06+0000 INFO Fetched page: 249 total IDs, 10 rendered details
2026-06-11T18:13:06+0000 INFO 9 new offer(s) found
2026-06-11T18:13:06+0000 INFO Skipped (district Spandau not in allowlist): ID 17872
2026-06-11T18:13:06+0000 INFO Skipped (district Spandau not in allowlist): ID 17873
2026-06-11T18:13:06+0000 INFO Skipped (district Marzahn-Hellersdorf not in allowlist): ID 17874
2026-06-11T18:13:06+0000 INFO Skipped (district Spandau not in allowlist): ID 17875
2026-06-11T18:13:06+0000 INFO Skipped (district Spandau not in allowlist): ID 17876
2026-06-11T18:13:06+0000 INFO Telegram sent: 🏠 Neues Wohnungsangebot — Tempelhof-Schöneberg

📍 Kraatzweg 
2026-06-11T18:13:06+0000 INFO Notified: ID 17877 — Kraatzweg 5, 12305 Tempelhof-Schöneberg
2026-06-11T18:13:07+0000 INFO Telegram sent: 🏠 Neues Wohnungsangebot — Tempelhof-Schöneberg

📍 Kraatzweg 
2026-06-11T18:13:07+0000 INFO Notified: ID 17878 — Kraatzweg 5, 12305 Tempelhof-Schöneberg
2026-06-11T18:13:07+0000 INFO Skipped (district Lichtenberg not in allowlist): ID 17879
2026-06-11T18:13:07+0000 INFO Skipped (district Lichtenberg not in allowlist): ID 17880
2026-06-11T20:36:52+0000 INFO Fetched page: 245 total IDs, 10 rendered details
2026-06-11T20:36:52+0000 INFO 0 new offer(s) found
2026-06-11T22:26:00+0000 INFO Fetched page: 245 total IDs, 10 rendered details
2026-06-11T22:26:00+0000 INFO 0 new offer(s) found
2026-06-12T00:02:11+0000 INFO Fetched page: 245 total IDs, 10 rendered details
2026-06-12T00:02:11+0000 INFO 0 new offer(s) found
2026-06-12T04:58:05+0000 INFO Fetched page: 245 total IDs, 10 rendered details
2026-06-12T04:58:05+0000 INFO 0 new offer(s) found
2026-06-12T09:04:02+0000 INFO Fetched page: 244 total IDs, 10 rendered details
2026-06-12T09:04:02+0000 INFO 16 new offer(s) found
2026-06-12T09:04:02+0000 WARNING ID 17882 not in top-10 details (>10 new in one window?)
2026-06-12T09:04:02+0000 INFO Telegram sent: 🏠 New offer (ID 17882) — details not rendered, see site:
🔗 h
2026-06-12T09:04:02+0000 WARNING ID 17883 not in top-10 details (>10 new in one window?)
2026-06-12T09:04:02+0000 INFO Telegram sent: 🏠 New offer (ID 17883) — details not rendered, see site:
🔗 h
2026-06-12T09:04:02+0000 WARNING ID 17884 not in top-10 details (>10 new in one window?)
2026-06-12T09:04:03+0000 INFO Telegram sent: 🏠 New offer (ID 17884) — details not rendered, see site:
🔗 h
2026-06-12T09:04:03+0000 WARNING ID 17885 not in top-10 details (>10 new in one window?)
2026-06-12T09:04:03+0000 INFO Telegram sent: 🏠 New offer (ID 17885) — details not rendered, see site:
🔗 h
2026-06-12T09:04:03+0000 WARNING ID 17886 not in top-10 details (>10 new in one window?)
2026-06-12T09:04:03+0000 INFO Telegram sent: 🏠 New offer (ID 17886) — details not rendered, see site:
🔗 h
2026-06-12T09:04:03+0000 WARNING ID 17887 not in top-10 details (>10 new in one window?)
2026-06-12T09:04:04+0000 INFO Telegram sent: 🏠 New offer (ID 17887) — details not rendered, see site:
🔗 h
2026-06-12T09:04:04+0000 INFO Skipped (district Marzahn-Hellersdorf not in allowlist): ID 17888
2026-06-12T09:04:04+0000 INFO Skipped (district Marzahn-Hellersdorf not in allowlist): ID 17889
2026-06-12T09:04:04+0000 INFO Skipped (district Marzahn-Hellersdorf not in allowlist): ID 17890
2026-06-12T09:04:04+0000 INFO Skipped (district Marzahn-Hellersdorf not in allowlist): ID 17891
2026-06-12T09:04:04+0000 INFO Skipped (district Marzahn-Hellersdorf not in allowlist): ID 17892
2026-06-12T09:04:04+0000 INFO Skipped (district Marzahn-Hellersdorf not in allowlist): ID 17893
2026-06-12T09:04:04+0000 INFO Skipped (district Marzahn-Hellersdorf not in allowlist): ID 17894
2026-06-12T09:04:04+0000 INFO Skipped (district Marzahn-Hellersdorf not in allowlist): ID 17895
2026-06-12T09:04:04+0000 INFO Skipped (district Lichtenberg not in allowlist): ID 17896
2026-06-12T09:04:04+0000 INFO Skipped (district Treptow-Köpenick not in allowlist): ID 17897
2026-06-12T12:28:14+0000 INFO Fetched page: 246 total IDs, 10 rendered details
2026-06-12T12:28:14+0000 INFO 8 new offer(s) found
2026-06-12T12:28:14+0000 INFO Skipped (district Spandau not in allowlist): ID 17900
2026-06-12T12:28:14+0000 INFO Skipped (district Lichtenberg not in allowlist): ID 17903
2026-06-12T12:28:14+0000 INFO Skipped (district Lichtenberg not in allowlist): ID 17904
2026-06-12T12:28:14+0000 INFO Telegram sent: 🏠 Neues Wohnungsangebot — Charlottenburg-Wilmersdorf

📍 Delp
2026-06-12T12:28:14+0000 INFO Notified: ID 17905 — Delpzeile 3, 13627 Charlottenburg-Wilmersdorf
2026-06-12T12:28:14+0000 INFO Skipped (district Spandau not in allowlist): ID 17906
2026-06-12T12:28:15+0000 INFO Telegram sent: 🏠 Neues Wohnungsangebot — Charlottenburg-Wilmersdorf

📍 Heck
2026-06-12T12:28:15+0000 INFO Notified: ID 17907 — Heckerdamm 233, 13627 Charlottenburg-Wilmersdorf
2026-06-12T12:28:15+0000 INFO Telegram sent: 🏠 Neues Wohnungsangebot — Charlottenburg-Wilmersdorf

📍 Strü
2026-06-12T12:28:15+0000 INFO Notified: ID 17908 — Strünckweg 11, 13627 Charlottenburg-Wilmersdorf
2026-06-12T12:28:15+0000 INFO Skipped (district Treptow-Köpenick not in allowlist): ID 17909
2026-06-12T15:47:57+0000 INFO Fetched page: 245 total IDs, 10 rendered details
2026-06-12T15:47:57+0000 INFO 3 new offer(s) found
2026-06-12T15:47:57+0000 INFO Skipped (district Treptow-Köpenick not in allowlist): ID 17910
2026-06-12T15:47:57+0000 INFO Skipped (district Treptow-Köpenick not in allowlist): ID 17911
2026-06-12T15:47:57+0000 INFO Skipped (district Treptow-Köpenick not in allowlist): ID 17913
2026-06-12T17:55:02+0000 INFO Fetched page: 245 total IDs, 10 rendered details
2026-06-12T17:55:02+0000 INFO 4 new offer(s) found
2026-06-12T17:55:02+0000 INFO Skipped (district Spandau not in allowlist): ID 17914
2026-06-12T17:55:02+0000 INFO Skipped (district Spandau not in allowlist): ID 17915
2026-06-12T17:55:02+0000 INFO Skipped (district Spandau not in allowlist): ID 17916
2026-06-12T17:55:02+0000 INFO Skipped (district Spandau not in allowlist): ID 17917
2026-06-12T20:08:15+0000 INFO Fetched page: 245 total IDs, 10 rendered details
2026-06-12T20:08:15+0000 INFO 0 new offer(s) found
2026-06-12T21:59:40+0000 INFO Fetched page: 245 total IDs, 10 rendered details
2026-06-12T21:59:40+0000 INFO 0 new offer(s) found
2026-06-12T23:26:17+0000 INFO Fetched page: 243 total IDs, 10 rendered details
2026-06-12T23:26:17+0000 INFO 0 new offer(s) found
2026-06-13T01:37:50+0000 INFO Fetched page: 242 total IDs, 10 rendered details
2026-06-13T01:37:50+0000 INFO 0 new offer(s) found
2026-06-13T06:01:43+0000 INFO Fetched page: 242 total IDs, 10 rendered details
2026-06-13T06:01:43+0000 INFO 0 new offer(s) found
2026-06-13T09:30:45+0000 INFO Fetched page: 242 total IDs, 10 rendered details
2026-06-13T09:30:45+0000 INFO 1 new offer(s) found
2026-06-13T09:30:45+0000 INFO Telegram sent: 🏠 Neues Wohnungsangebot — Neukölln

📍 Bienwaldring 39, 12349
2026-06-13T09:30:45+0000 INFO Notified: ID 17918 — Bienwaldring 39, 12349 Neukölln
2026-06-13T11:29:15+0000 INFO Fetched page: 241 total IDs, 10 rendered details
2026-06-13T11:29:15+0000 INFO 0 new offer(s) found
2026-06-13T13:08:18+0000 INFO Fetched page: 239 total IDs, 10 rendered details
2026-06-13T13:08:18+0000 INFO 0 new offer(s) found
2026-06-13T15:08:30+0000 INFO Fetched page: 239 total IDs, 10 rendered details
2026-06-13T15:08:30+0000 INFO 0 new offer(s) found
2026-06-13T16:44:08+0000 INFO Fetched page: 239 total IDs, 10 rendered details
2026-06-13T16:44:08+0000 INFO 0 new offer(s) found
2026-06-13T17:58:54+0000 INFO Fetched page: 238 total IDs, 10 rendered details
2026-06-13T17:58:54+0000 INFO 0 new offer(s) found
2026-06-13T19:47:27+0000 INFO Fetched page: 237 total IDs, 10 rendered details
2026-06-13T19:47:27+0000 INFO 0 new offer(s) found
2026-06-13T20:55:47+0000 INFO Fetched page: 237 total IDs, 10 rendered details
2026-06-13T20:55:47+0000 INFO 0 new offer(s) found
2026-06-13T22:03:59+0000 INFO Fetched page: 237 total IDs, 10 rendered details
2026-06-13T22:03:59+0000 INFO 0 new offer(s) found
2026-06-13T23:18:59+0000 INFO Fetched page: 237 total IDs, 10 rendered details
2026-06-13T23:18:59+0000 INFO 0 new offer(s) found
2026-06-14T01:39:06+0000 INFO Fetched page: 237 total IDs, 10 rendered details
2026-06-14T01:39:06+0000 INFO 0 new offer(s) found
2026-06-14T06:19:53+0000 INFO Fetched page: 237 total IDs, 10 rendered details
2026-06-14T06:19:53+0000 INFO 0 new offer(s) found
2026-06-14T10:00:01+0000 INFO Fetched page: 233 total IDs, 10 rendered details
2026-06-14T10:00:01+0000 INFO 0 new offer(s) found
2026-06-14T12:06:22+0000 INFO Fetched page: 232 total IDs, 10 rendered details
2026-06-14T12:06:22+0000 INFO 0 new offer(s) found
2026-06-14T14:25:48+0000 INFO Fetched page: 232 total IDs, 10 rendered details
2026-06-14T14:25:48+0000 INFO 0 new offer(s) found
2026-06-14T16:05:35+0000 INFO Fetched page: 234 total IDs, 10 rendered details
2026-06-14T16:05:35+0000 INFO 3 new offer(s) found
2026-06-14T16:05:35+0000 INFO Telegram sent: 🏠 Neues Wohnungsangebot — Mitte

📍 Steegerstraße 13, 13359 M
2026-06-14T16:05:35+0000 INFO Notified: ID 17919 — Steegerstraße 13, 13359 Mitte
2026-06-14T16:05:35+0000 INFO Skipped (district Reinickendorf not in allowlist): ID 17920
2026-06-14T16:05:35+0000 INFO Skipped (district Reinickendorf not in allowlist): ID 17921
2026-06-14T17:42:31+0000 INFO Fetched page: 234 total IDs, 10 rendered details
2026-06-14T17:42:31+0000 INFO 0 new offer(s) found
2026-06-14T18:59:08+0000 INFO Fetched page: 235 total IDs, 10 rendered details
2026-06-14T18:59:08+0000 INFO 1 new offer(s) found
2026-06-14T18:59:08+0000 INFO Skipped (district Reinickendorf not in allowlist): ID 17922
2026-06-14T20:22:28+0000 INFO Fetched page: 236 total IDs, 10 rendered details
2026-06-14T20:22:28+0000 INFO 1 new offer(s) found
2026-06-14T20:22:28+0000 INFO Skipped (district Lichtenberg not in allowlist): ID 17923
2026-06-14T21:48:56+0000 INFO Fetched page: 236 total IDs, 10 rendered details
2026-06-14T21:48:56+0000 INFO 0 new offer(s) found
2026-06-14T22:55:41+0000 INFO Fetched page: 236 total IDs, 10 rendered details
2026-06-14T22:55:41+0000 INFO 0 new offer(s) found
2026-06-15T00:09:18+0000 INFO Fetched page: 236 total IDs, 10 rendered details
2026-06-15T00:09:18+0000 INFO 0 new offer(s) found
2026-06-15T05:26:39+0000 INFO Fetched page: 236 total IDs, 10 rendered details
2026-06-15T05:26:39+0000 INFO 0 new offer(s) found
2026-06-15T11:29:26+0000 INFO Fetched page: 253 total IDs, 10 rendered details
2026-06-15T11:29:26+0000 INFO 28 new offer(s) found
2026-06-15T11:29:26+0000 WARNING ID 17924 not in top-10 details (>10 new in one window?)
2026-06-15T11:29:27+0000 INFO Telegram sent: 🏠 New offer (ID 17924) — details not rendered, see site:
🔗 h
2026-06-15T11:29:27+0000 WARNING ID 17925 not in top-10 details (>10 new in one window?)
2026-06-15T11:29:27+0000 INFO Telegram sent: 🏠 New offer (ID 17925) — details not rendered, see site:
🔗 h
2026-06-15T11:29:27+0000 WARNING ID 17926 not in top-10 details (>10 new in one window?)
2026-06-15T11:29:27+0000 INFO Telegram sent: 🏠 New offer (ID 17926) — details not rendered, see site:
🔗 h
2026-06-15T11:29:27+0000 WARNING ID 17928 not in top-10 details (>10 new in one window?)
2026-06-15T11:29:28+0000 INFO Telegram sent: 🏠 New offer (ID 17928) — details not rendered, see site:
🔗 h
2026-06-15T11:29:28+0000 WARNING ID 17930 not in top-10 details (>10 new in one window?)
2026-06-15T11:29:28+0000 INFO Telegram sent: 🏠 New offer (ID 17930) — details not rendered, see site:
🔗 h
2026-06-15T11:29:28+0000 WARNING ID 17932 not in top-10 details (>10 new in one window?)
2026-06-15T11:29:29+0000 INFO Telegram sent: 🏠 New offer (ID 17932) — details not rendered, see site:
🔗 h
2026-06-15T11:29:29+0000 WARNING ID 17933 not in top-10 details (>10 new in one window?)
2026-06-15T11:29:29+0000 INFO Telegram sent: 🏠 New offer (ID 17933) — details not rendered, see site:
🔗 h
2026-06-15T11:29:29+0000 WARNING ID 17935 not in top-10 details (>10 new in one window?)
2026-06-15T11:29:29+0000 INFO Telegram sent: 🏠 New offer (ID 17935) — details not rendered, see site:
🔗 h
2026-06-15T11:29:29+0000 WARNING ID 17936 not in top-10 details (>10 new in one window?)
2026-06-15T11:29:30+0000 INFO Telegram sent: 🏠 New offer (ID 17936) — details not rendered, see site:
🔗 h
2026-06-15T11:29:30+0000 WARNING ID 17938 not in top-10 details (>10 new in one window?)
2026-06-15T11:29:30+0000 INFO Telegram sent: 🏠 New offer (ID 17938) — details not rendered, see site:
🔗 h
2026-06-15T11:29:30+0000 WARNING ID 17939 not in top-10 details (>10 new in one window?)
2026-06-15T11:29:31+0000 INFO Telegram sent: 🏠 New offer (ID 17939) — details not rendered, see site:
🔗 h
2026-06-15T11:29:31+0000 WARNING ID 17940 not in top-10 details (>10 new in one window?)
2026-06-15T11:29:31+0000 INFO Telegram sent: 🏠 New offer (ID 17940) — details not rendered, see site:
🔗 h
2026-06-15T11:29:31+0000 WARNING ID 17941 not in top-10 details (>10 new in one window?)
2026-06-15T11:29:31+0000 INFO Telegram sent: 🏠 New offer (ID 17941) — details not rendered, see site:
🔗 h
2026-06-15T11:29:31+0000 WARNING ID 17942 not in top-10 details (>10 new in one window?)
2026-06-15T11:29:32+0000 INFO Telegram sent: 🏠 New offer (ID 17942) — details not rendered, see site:
🔗 h
2026-06-15T11:29:32+0000 WARNING ID 17943 not in top-10 details (>10 new in one window?)
2026-06-15T11:29:32+0000 INFO Telegram sent: 🏠 New offer (ID 17943) — details not rendered, see site:
🔗 h
2026-06-15T11:29:32+0000 WARNING ID 17944 not in top-10 details (>10 new in one window?)
2026-06-15T11:29:32+0000 INFO Telegram sent: 🏠 New offer (ID 17944) — details not rendered, see site:
🔗 h
2026-06-15T11:29:32+0000 WARNING ID 17946 not in top-10 details (>10 new in one window?)
2026-06-15T11:29:33+0000 INFO Telegram sent: 🏠 New offer (ID 17946) — details not rendered, see site:
🔗 h
2026-06-15T11:29:33+0000 WARNING ID 17947 not in top-10 details (>10 new in one window?)
2026-06-15T11:29:33+0000 INFO Telegram sent: 🏠 New offer (ID 17947) — details not rendered, see site:
🔗 h
2026-06-15T11:29:33+0000 INFO Skipped (district Treptow-Köpenick not in allowlist): ID 17948
2026-06-15T11:29:33+0000 INFO Skipped (district Treptow-Köpenick not in allowlist): ID 17949
2026-06-15T11:29:33+0000 INFO Skipped (district Lichtenberg not in allowlist): ID 17952
2026-06-15T11:29:34+0000 INFO Telegram sent: 🏠 Neues Wohnungsangebot — Tempelhof-Schöneberg

📍 Meraner St
2026-06-15T11:29:34+0000 INFO Notified: ID 17953 — Meraner Straße 45, 10825 Tempelhof-Schöneberg
2026-06-15T11:29:34+0000 INFO Skipped (district Marzahn-Hellersdorf not in allowlist): ID 17954
2026-06-15T11:29:34+0000 INFO Telegram sent: 🏠 Neues Wohnungsangebot — Tempelhof-Schöneberg

📍 Werner-Voß
2026-06-15T11:29:34+0000 INFO Notified: ID 17955 — Werner-Voß-Damm 33, 12101 Tempelhof-Schöneberg
2026-06-15T11:29:34+0000 INFO Telegram sent: 🏠 Neues Wohnungsangebot — Tempelhof-Schöneberg

📍 Hoeppnerst
2026-06-15T11:29:34+0000 INFO Notified: ID 17956 — Hoeppnerstraße 111, 12101 Tempelhof-Schöneberg
2026-06-15T11:29:34+0000 INFO Skipped (district Pankow not in allowlist): ID 17957
2026-06-15T11:29:34+0000 INFO Skipped (district Lichtenberg not in allowlist): ID 17958
2026-06-15T11:29:34+0000 INFO Skipped (district Marzahn-Hellersdorf not in allowlist): ID 17959
2026-06-15T16:27:52+0000 INFO Fetched page: 250 total IDs, 10 rendered details
2026-06-15T16:27:52+0000 INFO 13 new offer(s) found
2026-06-15T16:27:52+0000 WARNING ID 17962 not in top-10 details (>10 new in one window?)
2026-06-15T16:27:52+0000 INFO Telegram sent: 🏠 New offer (ID 17962) — details not rendered, see site:
🔗 h
2026-06-15T16:27:52+0000 WARNING ID 17963 not in top-10 details (>10 new in one window?)
2026-06-15T16:27:53+0000 INFO Telegram sent: 🏠 New offer (ID 17963) — details not rendered, see site:
🔗 h
2026-06-15T16:27:53+0000 WARNING ID 17964 not in top-10 details (>10 new in one window?)
2026-06-15T16:27:53+0000 INFO Telegram sent: 🏠 New offer (ID 17964) — details not rendered, see site:
🔗 h
2026-06-15T16:27:53+0000 INFO Skipped (district Pankow not in allowlist): ID 17965
2026-06-15T16:27:53+0000 INFO Skipped (district Reinickendorf not in allowlist): ID 17966
2026-06-15T16:27:53+0000 INFO Telegram sent: 🏠 Neues Wohnungsangebot — Neukölln

📍 Alt-Britz 107, 12359 N
2026-06-15T16:27:53+0000 INFO Notified: ID 17967 — Alt-Britz 107, 12359 Neukölln
2026-06-15T16:27:54+0000 INFO Telegram sent: 🏠 Neues Wohnungsangebot — Tempelhof-Schöneberg

📍 Potsdamer 
2026-06-15T16:27:54+0000 INFO Notified: ID 17968 — Potsdamer Straße 175, 10783 Tempelhof-Schöneberg
2026-06-15T16:27:54+0000 INFO Telegram sent: 🏠 Neues Wohnungsangebot — Neukölln

📍 Alt-Britz 107A, 12359 
2026-06-15T16:27:54+0000 INFO Notified: ID 17969 — Alt-Britz 107A, 12359 Neukölln
2026-06-15T16:27:54+0000 INFO Telegram sent: 🏠 Neues Wohnungsangebot — Neukölln

📍 Alt-Britz 107, 12359 N
2026-06-15T16:27:54+0000 INFO Notified: ID 17970 — Alt-Britz 107, 12359 Neukölln
2026-06-15T16:27:54+0000 INFO Skipped (district Treptow-Köpenick not in allowlist): ID 17971
2026-06-15T16:27:54+0000 INFO Skipped (district Treptow-Köpenick not in allowlist): ID 17974
2026-06-15T16:27:54+0000 INFO Skipped (district Lichtenberg not in allowlist): ID 17975
2026-06-15T16:27:54+0000 INFO Skipped (district Lichtenberg not in allowlist): ID 17976
2026-06-15T20:03:06+0000 INFO Fetched page: 248 total IDs, 10 rendered details
2026-06-15T20:03:06+0000 INFO 1 new offer(s) found
2026-06-15T20:03:06+0000 INFO Skipped (district Pankow not in allowlist): ID 17979
2026-06-15T22:25:26+0000 INFO Fetched page: 249 total IDs, 10 rendered details
2026-06-15T22:25:26+0000 INFO 3 new offer(s) found
2026-06-15T22:25:26+0000 INFO Skipped (district Pankow not in allowlist): ID 17980
2026-06-15T22:25:26+0000 INFO Skipped (district Pankow not in allowlist): ID 17981
2026-06-15T22:25:26+0000 INFO Skipped (district Pankow not in allowlist): ID 17982
2026-06-16T00:10:50+0000 INFO Fetched page: 243 total IDs, 10 rendered details
2026-06-16T00:10:50+0000 INFO 0 new offer(s) found
2026-06-16T05:33:18+0000 INFO Fetched page: 243 total IDs, 10 rendered details
2026-06-16T05:33:18+0000 INFO 0 new offer(s) found
2026-06-16T10:28:18+0000 INFO Fetched page: 248 total IDs, 10 rendered details
2026-06-16T10:28:18+0000 INFO 21 new offer(s) found
2026-06-16T10:28:18+0000 WARNING ID 17984 not in top-10 details (>10 new in one window?)
2026-06-16T10:28:18+0000 INFO Telegram sent: 🏠 New offer (ID 17984) — details not rendered, see site:
🔗 h
2026-06-16T10:28:18+0000 WARNING ID 17985 not in top-10 details (>10 new in one window?)
2026-06-16T10:28:19+0000 INFO Telegram sent: 🏠 New offer (ID 17985) — details not rendered, see site:
🔗 h
2026-06-16T10:28:19+0000 WARNING ID 17986 not in top-10 details (>10 new in one window?)
2026-06-16T10:28:19+0000 INFO Telegram sent: 🏠 New offer (ID 17986) — details not rendered, see site:
🔗 h
2026-06-16T10:28:19+0000 WARNING ID 17987 not in top-10 details (>10 new in one window?)
2026-06-16T10:28:19+0000 INFO Telegram sent: 🏠 New offer (ID 17987) — details not rendered, see site:
🔗 h
2026-06-16T10:28:19+0000 WARNING ID 17989 not in top-10 details (>10 new in one window?)
2026-06-16T10:28:20+0000 INFO Telegram sent: 🏠 New offer (ID 17989) — details not rendered, see site:
🔗 h
2026-06-16T10:28:20+0000 WARNING ID 17990 not in top-10 details (>10 new in one window?)
2026-06-16T10:28:20+0000 INFO Telegram sent: 🏠 New offer (ID 17990) — details not rendered, see site:
🔗 h
2026-06-16T10:28:20+0000 WARNING ID 17992 not in top-10 details (>10 new in one window?)
2026-06-16T10:28:20+0000 INFO Telegram sent: 🏠 New offer (ID 17992) — details not rendered, see site:
🔗 h
2026-06-16T10:28:20+0000 WARNING ID 17993 not in top-10 details (>10 new in one window?)
2026-06-16T10:28:21+0000 INFO Telegram sent: 🏠 New offer (ID 17993) — details not rendered, see site:
🔗 h
2026-06-16T10:28:21+0000 WARNING ID 17994 not in top-10 details (>10 new in one window?)
2026-06-16T10:28:21+0000 INFO Telegram sent: 🏠 New offer (ID 17994) — details not rendered, see site:
🔗 h
2026-06-16T10:28:21+0000 WARNING ID 17996 not in top-10 details (>10 new in one window?)
2026-06-16T10:28:21+0000 INFO Telegram sent: 🏠 New offer (ID 17996) — details not rendered, see site:
🔗 h
2026-06-16T10:28:21+0000 WARNING ID 17997 not in top-10 details (>10 new in one window?)
2026-06-16T10:28:21+0000 INFO Telegram sent: 🏠 New offer (ID 17997) — details not rendered, see site:
🔗 h
2026-06-16T10:28:21+0000 INFO Skipped (district Lichtenberg not in allowlist): ID 17998
2026-06-16T10:28:21+0000 INFO Skipped (district Marzahn-Hellersdorf not in allowlist): ID 17999
2026-06-16T10:28:21+0000 INFO Skipped (district Lichtenberg not in allowlist): ID 18000
2026-06-16T10:28:21+0000 INFO Skipped (district Lichtenberg not in allowlist): ID 18001
2026-06-16T10:28:21+0000 INFO Skipped (district Treptow-Köpenick not in allowlist): ID 18003
2026-06-16T10:28:21+0000 INFO Skipped (district Lichtenberg not in allowlist): ID 18004
2026-06-16T10:28:22+0000 INFO Telegram sent: 🏠 Neues Wohnungsangebot — Friedrichshain-Kreuzberg

📍 Ohlaue
2026-06-16T10:28:22+0000 INFO Notified: ID 18005 — Ohlauer Straße 18, 10999 Friedrichshain-Kreuzberg
2026-06-16T10:28:22+0000 INFO Skipped (district Lichtenberg not in allowlist): ID 18006
2026-06-16T10:28:22+0000 INFO Telegram sent: 🏠 Neues Wohnungsangebot — Friedrichshain-Kreuzberg

📍 Ohlaue
2026-06-16T10:28:22+0000 INFO Notified: ID 18007 — Ohlauer Straße 18, 10999 Friedrichshain-Kreuzberg
2026-06-16T10:28:22+0000 INFO Telegram sent: 🏠 Neues Wohnungsangebot — Friedrichshain-Kreuzberg

📍 Ohlaue
2026-06-16T10:28:22+0000 INFO Notified: ID 18008 — Ohlauer Straße 18, 10999 Friedrichshain-Kreuzberg
2026-06-16T15:28:49+0000 INFO Fetched page: 245 total IDs, 10 rendered details
2026-06-16T15:28:49+0000 INFO 10 new offer(s) found
2026-06-16T15:28:49+0000 INFO Skipped (district Marzahn-Hellersdorf not in allowlist): ID 18011
2026-06-16T15:28:49+0000 INFO Skipped (district Steglitz-Zehlendorf not in allowlist): ID 18012
2026-06-16T15:28:49+0000 INFO Skipped (district Marzahn-Hellersdorf not in allowlist): ID 18013
2026-06-16T15:28:49+0000 INFO Skipped (district Steglitz-Zehlendorf not in allowlist): ID 18014
2026-06-16T15:28:49+0000 INFO Skipped (district Pankow not in allowlist): ID 18015
2026-06-16T15:28:49+0000 INFO Skipped (district Pankow not in allowlist): ID 18016
2026-06-16T15:28:49+0000 INFO Skipped (district Pankow not in allowlist): ID 18017
2026-06-16T15:28:49+0000 INFO Skipped (district Pankow not in allowlist): ID 18018
2026-06-16T15:28:49+0000 INFO Skipped (district Pankow not in allowlist): ID 18019
2026-06-16T15:28:49+0000 INFO Skipped (district Lichtenberg not in allowlist): ID 18020
2026-06-16T19:04:08+0000 INFO Fetched page: 243 total IDs, 10 rendered details
2026-06-16T19:04:08+0000 INFO 2 new offer(s) found
2026-06-16T19:04:08+0000 INFO Skipped (district Lichtenberg not in allowlist): ID 18021
2026-06-16T19:04:08+0000 INFO Telegram sent: 🏠 Neues Wohnungsangebot — Friedrichshain-Kreuzberg

📍 Lange 
2026-06-16T19:04:08+0000 INFO Notified: ID 18024 — Lange Straße 82, 10243 Friedrichshain-Kreuzberg
2026-06-16T21:45:18+0000 INFO Fetched page: 240 total IDs, 10 rendered details
2026-06-16T21:45:18+0000 INFO 0 new offer(s) found
2026-06-16T23:12:40+0000 INFO Fetched page: 238 total IDs, 10 rendered details
2026-06-16T23:12:40+0000 INFO 0 new offer(s) found
2026-06-17T01:42:09+0000 INFO Fetched page: 239 total IDs, 10 rendered details
2026-06-17T01:42:09+0000 INFO 1 new offer(s) found
2026-06-17T01:42:10+0000 INFO Telegram sent: 🏠 Neues Wohnungsangebot — Mitte

📍 Iranische Straße 4B, 1334
2026-06-17T01:42:10+0000 INFO Notified: ID 18025 — Iranische Straße 4B, 13347 Mitte
2026-06-17T06:51:30+0000 INFO Fetched page: 238 total IDs, 10 rendered details
2026-06-17T06:51:30+0000 INFO 1 new offer(s) found
2026-06-17T06:51:31+0000 INFO Telegram sent: 🏠 Neues Wohnungsangebot — Neukölln

📍 Holzmindener Straße 55
2026-06-17T06:51:31+0000 INFO Notified: ID 18026 — Holzmindener Straße 55, 12347 Neukölln
2026-06-17T11:26:17+0000 INFO Fetched page: 243 total IDs, 10 rendered details
2026-06-17T11:26:17+0000 INFO 16 new offer(s) found
2026-06-17T11:26:17+0000 WARNING ID 18027 not in top-10 details (>10 new in one window?)
2026-06-17T11:26:18+0000 INFO Telegram sent: 🏠 New offer (ID 18027) — details not rendered, see site:
🔗 h
2026-06-17T11:26:18+0000 WARNING ID 18028 not in top-10 details (>10 new in one window?)
2026-06-17T11:26:18+0000 INFO Telegram sent: 🏠 New offer (ID 18028) — details not rendered, see site:
🔗 h
2026-06-17T11:26:18+0000 WARNING ID 18029 not in top-10 details (>10 new in one window?)
2026-06-17T11:26:18+0000 INFO Telegram sent: 🏠 New offer (ID 18029) — details not rendered, see site:
🔗 h
2026-06-17T11:26:18+0000 WARNING ID 18030 not in top-10 details (>10 new in one window?)
2026-06-17T11:26:19+0000 INFO Telegram sent: 🏠 New offer (ID 18030) — details not rendered, see site:
🔗 h
2026-06-17T11:26:19+0000 WARNING ID 18031 not in top-10 details (>10 new in one window?)
2026-06-17T11:26:19+0000 INFO Telegram sent: 🏠 New offer (ID 18031) — details not rendered, see site:
🔗 h
2026-06-17T11:26:19+0000 WARNING ID 18032 not in top-10 details (>10 new in one window?)
2026-06-17T11:26:19+0000 INFO Telegram sent: 🏠 New offer (ID 18032) — details not rendered, see site:
🔗 h
2026-06-17T11:26:20+0000 INFO Telegram sent: 🏠 Neues Wohnungsangebot — Mitte

📍 Müllerstraße 70C, 13349 M
2026-06-17T11:26:20+0000 INFO Notified: ID 18033 — Müllerstraße 70C, 13349 Mitte
2026-06-17T11:26:20+0000 INFO Skipped (district Treptow-Köpenick not in allowlist): ID 18034
2026-06-17T11:26:20+0000 INFO Skipped (district Treptow-Köpenick not in allowlist): ID 18035
2026-06-17T11:26:20+0000 INFO Skipped (district Marzahn-Hellersdorf not in allowlist): ID 18036
2026-06-17T11:26:20+0000 INFO Telegram sent: 🏠 Neues Wohnungsangebot — Neukölln

📍 Bruno-Taut-Ring 16A, 1
2026-06-17T11:26:20+0000 INFO Notified: ID 18037 — Bruno-Taut-Ring 16A, 12359 Neukölln
2026-06-17T11:26:20+0000 INFO Skipped (district Marzahn-Hellersdorf not in allowlist): ID 18038
2026-06-17T11:26:20+0000 INFO Skipped (district Marzahn-Hellersdorf not in allowlist): ID 18039
2026-06-17T11:26:20+0000 INFO Skipped (district Marzahn-Hellersdorf not in allowlist): ID 18040
2026-06-17T11:26:21+0000 INFO Telegram sent: 🏠 Neues Wohnungsangebot — Neukölln

📍 In den Bauerngärten 8,
2026-06-17T11:26:21+0000 INFO Notified: ID 18041 — In den Bauerngärten 8, 12349 Neukölln
2026-06-17T11:26:21+0000 INFO Telegram sent: 🏠 Neues Wohnungsangebot — Neukölln

📍 In den Bauerngärten 8,
2026-06-17T11:26:21+0000 INFO Notified: ID 18042 — In den Bauerngärten 8, 12349 Neukölln
2026-06-17T14:37:02+0000 INFO Fetched page: 249 total IDs, 10 rendered details
2026-06-17T14:37:02+0000 INFO 18 new offer(s) found
2026-06-17T14:37:02+0000 WARNING ID 18043 not in top-10 details (>10 new in one window?)
2026-06-17T14:37:03+0000 INFO Telegram sent: 🏠 New offer (ID 18043) — details not rendered, see site:
🔗 h
2026-06-17T14:37:03+0000 WARNING ID 18044 not in top-10 details (>10 new in one window?)
2026-06-17T14:37:03+0000 INFO Telegram sent: 🏠 New offer (ID 18044) — details not rendered, see site:
🔗 h
2026-06-17T14:37:03+0000 WARNING ID 18045 not in top-10 details (>10 new in one window?)
2026-06-17T14:37:03+0000 INFO Telegram sent: 🏠 New offer (ID 18045) — details not rendered, see site:
🔗 h
2026-06-17T14:37:03+0000 WARNING ID 18046 not in top-10 details (>10 new in one window?)
2026-06-17T14:37:04+0000 INFO Telegram sent: 🏠 New offer (ID 18046) — details not rendered, see site:
🔗 h
2026-06-17T14:37:04+0000 WARNING ID 18047 not in top-10 details (>10 new in one window?)
2026-06-17T14:37:04+0000 INFO Telegram sent: 🏠 New offer (ID 18047) — details not rendered, see site:
🔗 h
2026-06-17T14:37:04+0000 WARNING ID 18048 not in top-10 details (>10 new in one window?)
2026-06-17T14:37:04+0000 INFO Telegram sent: 🏠 New offer (ID 18048) — details not rendered, see site:
🔗 h
2026-06-17T14:37:04+0000 WARNING ID 18049 not in top-10 details (>10 new in one window?)
2026-06-17T14:37:05+0000 INFO Telegram sent: 🏠 New offer (ID 18049) — details not rendered, see site:
🔗 h
2026-06-17T14:37:05+0000 WARNING ID 18050 not in top-10 details (>10 new in one window?)
2026-06-17T14:37:05+0000 INFO Telegram sent: 🏠 New offer (ID 18050) — details not rendered, see site:
🔗 h
2026-06-17T14:37:05+0000 INFO Telegram sent: 🏠 Neues Wohnungsangebot — Charlottenburg-Wilmersdorf

📍 Soph
2026-06-17T14:37:05+0000 INFO Notified: ID 18051 — Sophie-Charlotten-Straße 86, 14059 Charlottenburg-Wilmersdorf
2026-06-17T14:37:06+0000 INFO Telegram sent: 🏠 Neues Wohnungsangebot — Charlottenburg-Wilmersdorf

📍 Gard
2026-06-17T14:37:06+0000 INFO Notified: ID 18052 — Gardes-Du-Corps-Straße 8, 14059 Charlottenburg-Wilmersdorf
2026-06-17T14:37:06+0000 INFO Telegram sent: 🏠 Neues Wohnungsangebot — Charlottenburg-Wilmersdorf

📍 Gard
2026-06-17T14:37:06+0000 INFO Notified: ID 18053 — Gardes-Du-Corps-Straße 11, 14059 Charlottenburg-Wilmersdorf
2026-06-17T14:37:06+0000 INFO Telegram sent: 🏠 Neues Wohnungsangebot — Charlottenburg-Wilmersdorf

📍 Span
2026-06-17T14:37:06+0000 INFO Notified: ID 18054 — Spandauer Damm 69, 14059 Charlottenburg-Wilmersdorf
2026-06-17T14:37:07+0000 INFO Telegram sent: 🏠 Neues Wohnungsangebot — Charlottenburg-Wilmersdorf

📍 Schl
2026-06-17T14:37:07+0000 INFO Notified: ID 18056 — Schloßstraße 2A, 14059 Charlottenburg-Wilmersdorf
2026-06-17T14:37:07+0000 INFO Skipped (district Lichtenberg not in allowlist): ID 18057
2026-06-17T14:37:07+0000 INFO Telegram sent: 🏠 Neues Wohnungsangebot — Charlottenburg-Wilmersdorf

📍 Schw
2026-06-17T14:37:07+0000 INFO Notified: ID 18058 — Schwambzeile 1, 13627 Charlottenburg-Wilmersdorf
2026-06-17T14:37:07+0000 INFO Telegram sent: 🏠 Neues Wohnungsangebot — Charlottenburg-Wilmersdorf

📍 Schw
2026-06-17T14:37:07+0000 INFO Notified: ID 18059 — Schwambzeile 7, 13627 Charlottenburg-Wilmersdorf
2026-06-17T14:37:07+0000 INFO Skipped (district Lichtenberg not in allowlist): ID 18060
2026-06-17T14:37:07+0000 INFO Skipped (district Treptow-Köpenick not in allowlist): ID 18061
2026-06-17T17:36:24+0000 INFO Fetched page: 250 total IDs, 10 rendered details
2026-06-17T17:36:24+0000 INFO 8 new offer(s) found
2026-06-17T17:36:24+0000 INFO Telegram sent: 🏠 Neues Wohnungsangebot — Charlottenburg-Wilmersdorf

📍 Gloe
2026-06-17T17:36:24+0000 INFO Notified: ID 18062 — Gloedenpfad 4, 13627 Charlottenburg-Wilmersdorf
2026-06-17T17:36:25+0000 INFO Telegram sent: 🏠 Neues Wohnungsangebot — Neukölln

📍 Jupiterstraße 24, 1205
2026-06-17T17:36:25+0000 INFO Notified: ID 18063 — Jupiterstraße 24, 12057 Neukölln
2026-06-17T17:36:25+0000 INFO Telegram sent: 🏠 Neues Wohnungsangebot — Neukölln

📍 Sonnenallee 294B, 1205
2026-06-17T17:36:25+0000 INFO Notified: ID 18064 — Sonnenallee 294B, 12057 Neukölln
2026-06-17T17:36:25+0000 INFO Skipped (district Spandau not in allowlist): ID 18065
2026-06-17T17:36:25+0000 INFO Skipped (district Spandau not in allowlist): ID 18066
2026-06-17T17:36:25+0000 INFO Skipped (district Spandau not in allowlist): ID 18068
2026-06-17T17:36:25+0000 INFO Skipped (district Lichtenberg not in allowlist): ID 18069
2026-06-17T17:36:25+0000 INFO Skipped (district Pankow not in allowlist): ID 18071
2026-06-17T19:47:55+0000 INFO Fetched page: 247 total IDs, 10 rendered details
2026-06-17T19:47:55+0000 INFO 1 new offer(s) found
2026-06-17T19:47:55+0000 INFO Skipped (district Treptow-Köpenick not in allowlist): ID 18072
2026-06-17T21:47:24+0000 INFO Fetched page: 246 total IDs, 10 rendered details
2026-06-17T21:47:24+0000 INFO 0 new offer(s) found
2026-06-17T23:10:43+0000 INFO Fetched page: 244 total IDs, 10 rendered details
2026-06-17T23:10:43+0000 INFO 1 new offer(s) found
2026-06-17T23:10:43+0000 INFO Skipped (district Spandau not in allowlist): ID 18073
2026-06-18T01:41:53+0000 INFO Fetched page: 244 total IDs, 10 rendered details
2026-06-18T01:41:53+0000 INFO 0 new offer(s) found
2026-06-18T06:29:01+0000 INFO Fetched page: 242 total IDs, 10 rendered details
2026-06-18T06:29:01+0000 INFO 1 new offer(s) found
2026-06-18T06:29:01+0000 INFO Skipped (district Marzahn-Hellersdorf not in allowlist): ID 18074
2026-06-18T10:56:16+0000 INFO Fetched page: 242 total IDs, 10 rendered details
2026-06-18T10:56:16+0000 INFO 9 new offer(s) found
2026-06-18T10:56:16+0000 INFO Skipped (district Steglitz-Zehlendorf not in allowlist): ID 18075
2026-06-18T10:56:16+0000 INFO Skipped (district Reinickendorf not in allowlist): ID 18076
2026-06-18T10:56:17+0000 INFO Telegram sent: 🏠 Neues Wohnungsangebot — Neukölln

📍 Friedrich-Kayßler-Weg 
2026-06-18T10:56:17+0000 INFO Notified: ID 18077 — Friedrich-Kayßler-Weg 3, 12353 Neukölln
2026-06-18T10:56:17+0000 INFO Skipped (district Marzahn-Hellersdorf not in allowlist): ID 18079
2026-06-18T10:56:17+0000 INFO Skipped (district Marzahn-Hellersdorf not in allowlist): ID 18080
2026-06-18T10:56:17+0000 INFO Skipped (district Reinickendorf not in allowlist): ID 18081
2026-06-18T10:56:17+0000 INFO Skipped (district Reinickendorf not in allowlist): ID 18082
2026-06-18T10:56:17+0000 INFO Skipped (district Treptow-Köpenick not in allowlist): ID 18083
2026-06-18T10:56:17+0000 INFO Skipped (district Marzahn-Hellersdorf not in allowlist): ID 18084
2026-06-18T14:11:07+0000 INFO Fetched page: 270 total IDs, 10 rendered details
2026-06-18T14:11:07+0000 INFO 36 new offer(s) found
2026-06-18T14:11:07+0000 WARNING ID 18085 not in top-10 details (>10 new in one window?)
2026-06-18T14:11:07+0000 INFO Telegram sent: 🏠 New offer (ID 18085) — details not rendered, see site:
🔗 h
2026-06-18T14:11:07+0000 WARNING ID 18086 not in top-10 details (>10 new in one window?)
2026-06-18T14:11:07+0000 INFO Telegram sent: 🏠 New offer (ID 18086) — details not rendered, see site:
🔗 h
2026-06-18T14:11:07+0000 WARNING ID 18087 not in top-10 details (>10 new in one window?)
2026-06-18T14:11:08+0000 INFO Telegram sent: 🏠 New offer (ID 18087) — details not rendered, see site:
🔗 h
2026-06-18T14:11:08+0000 WARNING ID 18088 not in top-10 details (>10 new in one window?)
2026-06-18T14:11:08+0000 INFO Telegram sent: 🏠 New offer (ID 18088) — details not rendered, see site:
🔗 h
2026-06-18T14:11:08+0000 WARNING ID 18089 not in top-10 details (>10 new in one window?)
2026-06-18T14:11:08+0000 INFO Telegram sent: 🏠 New offer (ID 18089) — details not rendered, see site:
🔗 h
2026-06-18T14:11:08+0000 WARNING ID 18090 not in top-10 details (>10 new in one window?)
2026-06-18T14:11:09+0000 INFO Telegram sent: 🏠 New offer (ID 18090) — details not rendered, see site:
🔗 h
2026-06-18T14:11:09+0000 WARNING ID 18091 not in top-10 details (>10 new in one window?)
2026-06-18T14:11:09+0000 INFO Telegram sent: 🏠 New offer (ID 18091) — details not rendered, see site:
🔗 h
2026-06-18T14:11:09+0000 WARNING ID 18092 not in top-10 details (>10 new in one window?)
2026-06-18T14:11:09+0000 INFO Telegram sent: 🏠 New offer (ID 18092) — details not rendered, see site:
🔗 h
2026-06-18T14:11:09+0000 WARNING ID 18093 not in top-10 details (>10 new in one window?)
2026-06-18T14:11:10+0000 INFO Telegram sent: 🏠 New offer (ID 18093) — details not rendered, see site:
🔗 h
2026-06-18T14:11:10+0000 WARNING ID 18094 not in top-10 details (>10 new in one window?)
2026-06-18T14:11:10+0000 INFO Telegram sent: 🏠 New offer (ID 18094) — details not rendered, see site:
🔗 h
2026-06-18T14:11:10+0000 WARNING ID 18095 not in top-10 details (>10 new in one window?)
2026-06-18T14:11:10+0000 INFO Telegram sent: 🏠 New offer (ID 18095) — details not rendered, see site:
🔗 h
2026-06-18T14:11:10+0000 WARNING ID 18096 not in top-10 details (>10 new in one window?)
2026-06-18T14:11:11+0000 INFO Telegram sent: 🏠 New offer (ID 18096) — details not rendered, see site:
🔗 h
2026-06-18T14:11:11+0000 WARNING ID 18097 not in top-10 details (>10 new in one window?)
2026-06-18T14:11:11+0000 INFO Telegram sent: 🏠 New offer (ID 18097) — details not rendered, see site:
🔗 h
2026-06-18T14:11:11+0000 WARNING ID 18098 not in top-10 details (>10 new in one window?)
2026-06-18T14:11:11+0000 INFO Telegram sent: 🏠 New offer (ID 18098) — details not rendered, see site:
🔗 h
2026-06-18T14:11:11+0000 WARNING ID 18100 not in top-10 details (>10 new in one window?)
2026-06-18T14:11:12+0000 INFO Telegram sent: 🏠 New offer (ID 18100) — details not rendered, see site:
🔗 h
2026-06-18T14:11:12+0000 WARNING ID 18101 not in top-10 details (>10 new in one window?)
2026-06-18T14:11:12+0000 INFO Telegram sent: 🏠 New offer (ID 18101) — details not rendered, see site:
🔗 h
2026-06-18T14:11:12+0000 WARNING ID 18102 not in top-10 details (>10 new in one window?)
2026-06-18T14:11:12+0000 INFO Telegram sent: 🏠 New offer (ID 18102) — details not rendered, see site:
🔗 h
2026-06-18T14:11:12+0000 WARNING ID 18103 not in top-10 details (>10 new in one window?)
2026-06-18T14:11:13+0000 INFO Telegram sent: 🏠 New offer (ID 18103) — details not rendered, see site:
🔗 h
2026-06-18T14:11:13+0000 WARNING ID 18104 not in top-10 details (>10 new in one window?)
2026-06-18T14:11:13+0000 INFO Telegram sent: 🏠 New offer (ID 18104) — details not rendered, see site:
🔗 h
2026-06-18T14:11:13+0000 WARNING ID 18105 not in top-10 details (>10 new in one window?)
2026-06-18T14:11:13+0000 INFO Telegram sent: 🏠 New offer (ID 18105) — details not rendered, see site:
🔗 h
2026-06-18T14:11:13+0000 WARNING ID 18106 not in top-10 details (>10 new in one window?)
2026-06-18T14:11:14+0000 INFO Telegram sent: 🏠 New offer (ID 18106) — details not rendered, see site:
🔗 h
2026-06-18T14:11:14+0000 WARNING ID 18107 not in top-10 details (>10 new in one window?)
2026-06-18T14:11:14+0000 INFO Telegram sent: 🏠 New offer (ID 18107) — details not rendered, see site:
🔗 h
2026-06-18T14:11:14+0000 WARNING ID 18108 not in top-10 details (>10 new in one window?)
2026-06-18T14:11:14+0000 INFO Telegram sent: 🏠 New offer (ID 18108) — details not rendered, see site:
🔗 h
2026-06-18T14:11:14+0000 WARNING ID 18109 not in top-10 details (>10 new in one window?)
2026-06-18T14:11:15+0000 INFO Telegram sent: 🏠 New offer (ID 18109) — details not rendered, see site:
🔗 h
2026-06-18T14:11:15+0000 WARNING ID 18110 not in top-10 details (>10 new in one window?)
2026-06-18T14:11:15+0000 INFO Telegram sent: 🏠 New offer (ID 18110) — details not rendered, see site:
🔗 h
2026-06-18T14:11:15+0000 WARNING ID 18111 not in top-10 details (>10 new in one window?)
2026-06-18T14:11:15+0000 INFO Telegram sent: 🏠 New offer (ID 18111) — details not rendered, see site:
🔗 h
2026-06-18T14:11:15+0000 INFO Skipped (district Spandau not in allowlist): ID 18112
2026-06-18T14:11:15+0000 INFO Skipped (district Spandau not in allowlist): ID 18113
2026-06-18T14:11:15+0000 INFO Skipped (district Spandau not in allowlist): ID 18114
2026-06-18T14:11:15+0000 INFO Skipped (district Spandau not in allowlist): ID 18115
2026-06-18T14:11:15+0000 INFO Skipped (district Spandau not in allowlist): ID 18116
2026-06-18T14:11:15+0000 INFO Skipped (district Spandau not in allowlist): ID 18117
2026-06-18T14:11:15+0000 INFO Skipped (district Treptow-Köpenick not in allowlist): ID 18118
2026-06-18T14:11:15+0000 INFO Skipped (district Lichtenberg not in allowlist): ID 18119
2026-06-18T14:11:15+0000 INFO Skipped (district Marzahn-Hellersdorf not in allowlist): ID 18120
2026-06-18T14:11:15+0000 INFO Skipped (district Spandau not in allowlist): ID 18121
2026-06-18T17:29:11+0000 INFO Fetched page: 270 total IDs, 10 rendered details
2026-06-18T17:29:11+0000 INFO 2 new offer(s) found
2026-06-18T17:29:11+0000 INFO Skipped (district Spandau not in allowlist): ID 18122
2026-06-18T17:29:11+0000 INFO Skipped (district Lichtenberg not in allowlist): ID 18123
2026-06-18T19:40:11+0000 INFO Fetched page: 268 total IDs, 10 rendered details
2026-06-18T19:40:11+0000 INFO 2 new offer(s) found
2026-06-18T19:40:11+0000 INFO Skipped (district Lichtenberg not in allowlist): ID 18124
2026-06-18T19:40:11+0000 INFO Skipped (district Lichtenberg not in allowlist): ID 18125
2026-06-18T21:50:36+0000 INFO Fetched page: 268 total IDs, 10 rendered details
2026-06-18T21:50:36+0000 INFO 0 new offer(s) found
2026-06-18T23:25:59+0000 INFO Fetched page: 267 total IDs, 10 rendered details
2026-06-18T23:25:59+0000 INFO 0 new offer(s) found
2026-06-19T02:17:18+0000 INFO Fetched page: 267 total IDs, 10 rendered details
2026-06-19T02:17:18+0000 INFO 0 new offer(s) found
2026-06-19T07:32:50+0000 INFO Fetched page: 269 total IDs, 10 rendered details
2026-06-19T07:32:50+0000 INFO 10 new offer(s) found
2026-06-19T07:32:51+0000 INFO Telegram sent: 🏠 Neues Wohnungsangebot — Neukölln

📍 Joseph-Schmidt-Straße 
2026-06-19T07:32:51+0000 INFO Notified: ID 18127 — Joseph-Schmidt-Straße 23, 12057 Neukölln
2026-06-19T07:32:51+0000 INFO Skipped (district Marzahn-Hellersdorf not in allowlist): ID 18128
2026-06-19T07:32:51+0000 INFO Skipped (district Marzahn-Hellersdorf not in allowlist): ID 18129
2026-06-19T07:32:51+0000 INFO Skipped (district Marzahn-Hellersdorf not in allowlist): ID 18131
2026-06-19T07:32:51+0000 INFO Skipped (district Treptow-Köpenick not in allowlist): ID 18132
2026-06-19T07:32:51+0000 INFO Skipped (district Treptow-Köpenick not in allowlist): ID 18133
2026-06-19T07:32:51+0000 INFO Telegram sent: 🏠 Neues Wohnungsangebot — Neukölln

📍 Wutzkyallee 55, 12353 
2026-06-19T07:32:51+0000 INFO Notified: ID 18134 — Wutzkyallee 55, 12353 Neukölln
2026-06-19T07:32:51+0000 INFO Telegram sent: 🏠 Neues Wohnungsangebot — Tempelhof-Schöneberg

📍 Waldsassen
2026-06-19T07:32:51+0000 INFO Notified: ID 18135 — Waldsassener Straße 52, 12279 Tempelhof-Schöneberg
2026-06-19T07:32:52+0000 INFO Telegram sent: 🏠 Neues Wohnungsangebot — Tempelhof-Schöneberg

📍 Tirschenre
2026-06-19T07:32:52+0000 INFO Notified: ID 18136 — Tirschenreuther Ring 18, 12279 Tempelhof-Schöneberg
2026-06-19T07:32:52+0000 INFO Skipped (district Treptow-Köpenick not in allowlist): ID 18137
2026-06-19T11:51:10+0000 INFO Fetched page: 277 total IDs, 10 rendered details
2026-06-19T11:51:10+0000 INFO 29 new offer(s) found
2026-06-19T11:51:10+0000 WARNING ID 18138 not in top-10 details (>10 new in one window?)
2026-06-19T11:51:11+0000 INFO Telegram sent: 🏠 New offer (ID 18138) — details not rendered, see site:
🔗 h
2026-06-19T11:51:11+0000 WARNING ID 18139 not in top-10 details (>10 new in one window?)
2026-06-19T11:51:12+0000 INFO Telegram sent: 🏠 New offer (ID 18139) — details not rendered, see site:
🔗 h
2026-06-19T11:51:12+0000 WARNING ID 18157 not in top-10 details (>10 new in one window?)
2026-06-19T11:51:12+0000 INFO Telegram sent: 🏠 New offer (ID 18157) — details not rendered, see site:
🔗 h
2026-06-19T11:51:12+0000 WARNING ID 18158 not in top-10 details (>10 new in one window?)
2026-06-19T11:51:13+0000 INFO Telegram sent: 🏠 New offer (ID 18158) — details not rendered, see site:
🔗 h
2026-06-19T11:51:13+0000 WARNING ID 18159 not in top-10 details (>10 new in one window?)
2026-06-19T11:51:13+0000 INFO Telegram sent: 🏠 New offer (ID 18159) — details not rendered, see site:
🔗 h
2026-06-19T11:51:13+0000 WARNING ID 18160 not in top-10 details (>10 new in one window?)
2026-06-19T11:51:14+0000 INFO Telegram sent: 🏠 New offer (ID 18160) — details not rendered, see site:
🔗 h
2026-06-19T11:51:14+0000 WARNING ID 18161 not in top-10 details (>10 new in one window?)
2026-06-19T11:51:14+0000 INFO Telegram sent: 🏠 New offer (ID 18161) — details not rendered, see site:
🔗 h
2026-06-19T11:51:14+0000 WARNING ID 18162 not in top-10 details (>10 new in one window?)
2026-06-19T11:51:15+0000 INFO Telegram sent: 🏠 New offer (ID 18162) — details not rendered, see site:
🔗 h
2026-06-19T11:51:15+0000 WARNING ID 18163 not in top-10 details (>10 new in one window?)
2026-06-19T11:51:15+0000 INFO Telegram sent: 🏠 New offer (ID 18163) — details not rendered, see site:
🔗 h
2026-06-19T11:51:15+0000 WARNING ID 18164 not in top-10 details (>10 new in one window?)
2026-06-19T11:51:16+0000 INFO Telegram sent: 🏠 New offer (ID 18164) — details not rendered, see site:
🔗 h
2026-06-19T11:51:16+0000 WARNING ID 18165 not in top-10 details (>10 new in one window?)
2026-06-19T11:51:16+0000 INFO Telegram sent: 🏠 New offer (ID 18165) — details not rendered, see site:
🔗 h
2026-06-19T11:51:16+0000 WARNING ID 18166 not in top-10 details (>10 new in one window?)
2026-06-19T11:51:17+0000 INFO Telegram sent: 🏠 New offer (ID 18166) — details not rendered, see site:
🔗 h
2026-06-19T11:51:17+0000 WARNING ID 18167 not in top-10 details (>10 new in one window?)
2026-06-19T11:51:17+0000 INFO Telegram sent: 🏠 New offer (ID 18167) — details not rendered, see site:
🔗 h
2026-06-19T11:51:17+0000 WARNING ID 18168 not in top-10 details (>10 new in one window?)
2026-06-19T11:51:18+0000 INFO Telegram sent: 🏠 New offer (ID 18168) — details not rendered, see site:
🔗 h
2026-06-19T11:51:18+0000 INFO Skipped (district Lichtenberg not in allowlist): ID 18169
2026-06-19T11:51:18+0000 WARNING ID 18170 not in top-10 details (>10 new in one window?)
2026-06-19T11:51:18+0000 INFO Telegram sent: 🏠 New offer (ID 18170) — details not rendered, see site:
🔗 h
2026-06-19T11:51:18+0000 WARNING ID 18171 not in top-10 details (>10 new in one window?)
2026-06-19T11:51:19+0000 INFO Telegram sent: 🏠 New offer (ID 18171) — details not rendered, see site:
🔗 h
2026-06-19T11:51:19+0000 WARNING ID 18172 not in top-10 details (>10 new in one window?)
2026-06-19T11:51:20+0000 INFO Telegram sent: 🏠 New offer (ID 18172) — details not rendered, see site:
🔗 h
2026-06-19T11:51:20+0000 WARNING ID 18173 not in top-10 details (>10 new in one window?)
2026-06-19T11:51:20+0000 INFO Telegram sent: 🏠 New offer (ID 18173) — details not rendered, see site:
🔗 h
2026-06-19T11:51:20+0000 WARNING ID 18174 not in top-10 details (>10 new in one window?)
2026-06-19T11:51:21+0000 INFO Telegram sent: 🏠 New offer (ID 18174) — details not rendered, see site:
🔗 h
2026-06-19T11:51:21+0000 INFO Skipped (district Lichtenberg not in allowlist): ID 18175
2026-06-19T11:51:21+0000 INFO Skipped (district Lichtenberg not in allowlist): ID 18176
2026-06-19T11:51:21+0000 INFO Skipped (district Lichtenberg not in allowlist): ID 18177
2026-06-19T11:51:21+0000 INFO Skipped (district Lichtenberg not in allowlist): ID 18178
2026-06-19T11:51:21+0000 INFO Skipped (district Lichtenberg not in allowlist): ID 18179
2026-06-19T11:51:21+0000 INFO Skipped (district Treptow-Köpenick not in allowlist): ID 18181
2026-06-19T11:51:21+0000 INFO Skipped (district Lichtenberg not in allowlist): ID 18182
2026-06-19T11:51:21+0000 INFO Telegram sent: 🏠 Neues Wohnungsangebot — Mitte

📍 Amrumer Straße 36, 13353 
2026-06-19T11:51:21+0000 INFO Notified: ID 18183 — Amrumer Straße 36, 13353 Mitte
2026-06-19T11:51:22+0000 INFO Telegram sent: 🏠 Neues Wohnungsangebot — Neukölln

📍 Selgenauer Weg 36, 123
2026-06-19T11:51:22+0000 INFO Notified: ID 18184 — Selgenauer Weg 36, 12355 Neukölln
2026-06-19T14:35:35+0000 INFO Fetched page: 278 total IDs, 10 rendered details
2026-06-19T14:35:35+0000 INFO 12 new offer(s) found
2026-06-19T14:35:35+0000 WARNING ID 18185 not in top-10 details (>10 new in one window?)
2026-06-19T14:35:35+0000 INFO Telegram sent: 🏠 New offer (ID 18185) — details not rendered, see site:
🔗 h
2026-06-19T14:35:35+0000 WARNING ID 18186 not in top-10 details (>10 new in one window?)
2026-06-19T14:35:36+0000 INFO Telegram sent: 🏠 New offer (ID 18186) — details not rendered, see site:
🔗 h
2026-06-19T14:35:36+0000 INFO Skipped (district Pankow not in allowlist): ID 18187
2026-06-19T14:35:36+0000 INFO Skipped (district Lichtenberg not in allowlist): ID 18188
2026-06-19T14:35:36+0000 INFO Telegram sent: 🏠 Neues Wohnungsangebot — Mitte

📍 Bremer Straße 11, 10551 M
2026-06-19T14:35:36+0000 INFO Notified: ID 18189 — Bremer Straße 11, 10551 Mitte
2026-06-19T14:35:36+0000 INFO Skipped (district Treptow-Köpenick not in allowlist): ID 18190
2026-06-19T14:35:37+0000 INFO Telegram sent: 🏠 Neues Wohnungsangebot — Charlottenburg-Wilmersdorf

📍 Motz
2026-06-19T14:35:37+0000 INFO Notified: ID 18191 — Motzstraße 84, 10779 Charlottenburg-Wilmersdorf
2026-06-19T14:35:37+0000 INFO Telegram sent: 🏠 Neues Wohnungsangebot — Neukölln

📍 Alt-Britz 107A, 12359 
2026-06-19T14:35:37+0000 INFO Notified: ID 18192 — Alt-Britz 107A, 12359 Neukölln
2026-06-19T14:35:37+0000 INFO Telegram sent: 🏠 Neues Wohnungsangebot — Neukölln

📍 Alt-Britz 107A, 12359 
2026-06-19T14:35:37+0000 INFO Notified: ID 18193 — Alt-Britz 107A, 12359 Neukölln
2026-06-19T14:35:38+0000 INFO Telegram sent: 🏠 Neues Wohnungsangebot — Neukölln

📍 Alt-Britz 107A, 12359 
2026-06-19T14:35:38+0000 INFO Notified: ID 18194 — Alt-Britz 107A, 12359 Neukölln
2026-06-19T14:35:38+0000 INFO Skipped (district Spandau not in allowlist): ID 18195
2026-06-19T14:35:38+0000 INFO Skipped (district Treptow-Köpenick not in allowlist): ID 18196
2026-06-19T17:01:52+0000 INFO Fetched page: 278 total IDs, 10 rendered details
2026-06-19T17:01:52+0000 INFO 7 new offer(s) found
2026-06-19T17:01:52+0000 INFO Skipped (district Pankow not in allowlist): ID 18197
2026-06-19T17:01:52+0000 INFO Skipped (district Lichtenberg not in allowlist): ID 18198
2026-06-19T17:01:52+0000 INFO Skipped (district Lichtenberg not in allowlist): ID 18199
2026-06-19T17:01:52+0000 INFO Skipped (district Lichtenberg not in allowlist): ID 18200
2026-06-19T17:01:52+0000 INFO Skipped (district Lichtenberg not in allowlist): ID 18201
2026-06-19T17:01:52+0000 INFO Skipped (district Lichtenberg not in allowlist): ID 18202
2026-06-19T17:01:52+0000 INFO Skipped (district Lichtenberg not in allowlist): ID 18203
2026-06-19T19:04:32+0000 INFO Fetched page: 278 total IDs, 10 rendered details
2026-06-19T19:04:32+0000 INFO 2 new offer(s) found
2026-06-19T19:04:32+0000 INFO Skipped (district Marzahn-Hellersdorf not in allowlist): ID 18204
2026-06-19T19:04:32+0000 INFO Skipped (district Marzahn-Hellersdorf not in allowlist): ID 18205
2026-06-19T20:44:03+0000 INFO Fetched page: 277 total IDs, 10 rendered details
2026-06-19T20:44:03+0000 INFO 0 new offer(s) found
2026-06-19T21:51:55+0000 INFO Fetched page: 277 total IDs, 10 rendered details
2026-06-19T21:51:55+0000 INFO 0 new offer(s) found
2026-06-19T22:42:48+0000 INFO Fetched page: 277 total IDs, 10 rendered details
2026-06-19T22:42:48+0000 INFO 0 new offer(s) found
2026-06-19T23:49:18+0000 INFO Fetched page: 278 total IDs, 10 rendered details
2026-06-19T23:49:18+0000 INFO 1 new offer(s) found
2026-06-19T23:49:18+0000 INFO Telegram sent: 🏠 Neues Wohnungsangebot — Neukölln

📍 Ringslebenstraße 2A, 1
2026-06-19T23:49:18+0000 INFO Notified: ID 18206 — Ringslebenstraße 2A, 12353 Neukölln
2026-06-20T01:56:13+0000 INFO Fetched page: 278 total IDs, 10 rendered details
2026-06-20T01:56:13+0000 INFO 0 new offer(s) found
2026-06-20T06:22:51+0000 INFO Fetched page: 277 total IDs, 10 rendered details
2026-06-20T06:22:51+0000 INFO 0 new offer(s) found
2026-06-20T09:47:18+0000 INFO Fetched page: 277 total IDs, 10 rendered details
2026-06-20T09:47:18+0000 INFO 1 new offer(s) found
2026-06-20T09:47:18+0000 INFO Skipped (district Lichtenberg not in allowlist): ID 18207
2026-06-20T11:46:00+0000 INFO Fetched page: 276 total IDs, 10 rendered details
2026-06-20T11:46:00+0000 INFO 0 new offer(s) found
2026-06-20T13:15:01+0000 INFO Fetched page: 276 total IDs, 10 rendered details
2026-06-20T13:15:01+0000 INFO 0 new offer(s) found
2026-06-20T15:16:40+0000 INFO Fetched page: 274 total IDs, 10 rendered details
2026-06-20T15:16:40+0000 INFO 0 new offer(s) found
2026-06-20T16:54:58+0000 INFO Fetched page: 274 total IDs, 10 rendered details
2026-06-20T16:54:58+0000 INFO 0 new offer(s) found
2026-06-20T18:09:19+0000 INFO Fetched page: 274 total IDs, 10 rendered details
2026-06-20T18:09:19+0000 INFO 0 new offer(s) found
2026-06-20T19:55:33+0000 INFO Fetched page: 273 total IDs, 10 rendered details
2026-06-20T19:55:33+0000 INFO 0 new offer(s) found
2026-06-20T21:18:00+0000 INFO Fetched page: 272 total IDs, 10 rendered details
2026-06-20T21:18:00+0000 INFO 0 new offer(s) found
2026-06-20T22:37:25+0000 INFO Fetched page: 272 total IDs, 10 rendered details
2026-06-20T22:37:25+0000 INFO 0 new offer(s) found
2026-06-20T23:47:53+0000 INFO Fetched page: 272 total IDs, 10 rendered details
2026-06-20T23:47:53+0000 INFO 0 new offer(s) found
2026-06-21T02:07:29+0000 INFO Fetched page: 272 total IDs, 10 rendered details
2026-06-21T02:07:29+0000 INFO 0 new offer(s) found
2026-06-21T07:05:14+0000 INFO Fetched page: 272 total IDs, 10 rendered details
2026-06-21T07:05:14+0000 INFO 0 new offer(s) found
2026-06-21T10:41:34+0000 INFO Fetched page: 272 total IDs, 10 rendered details
2026-06-21T10:41:34+0000 INFO 0 new offer(s) found
2026-06-21T12:30:18+0000 INFO Fetched page: 272 total IDs, 10 rendered details
2026-06-21T12:30:18+0000 INFO 0 new offer(s) found
2026-06-21T14:58:56+0000 INFO Fetched page: 272 total IDs, 10 rendered details
2026-06-21T14:58:56+0000 INFO 0 new offer(s) found
2026-06-21T16:50:38+0000 INFO Fetched page: 272 total IDs, 10 rendered details
2026-06-21T16:50:38+0000 INFO 0 new offer(s) found
2026-06-21T18:12:32+0000 INFO Fetched page: 272 total IDs, 10 rendered details
2026-06-21T18:12:32+0000 INFO 0 new offer(s) found
2026-06-21T20:03:52+0000 INFO Fetched page: 272 total IDs, 10 rendered details
2026-06-21T20:03:52+0000 INFO 0 new offer(s) found
2026-06-21T21:39:12+0000 INFO Fetched page: 272 total IDs, 10 rendered details
2026-06-21T21:39:12+0000 INFO 0 new offer(s) found
2026-06-21T22:48:27+0000 INFO Fetched page: 272 total IDs, 10 rendered details
2026-06-21T22:48:27+0000 INFO 0 new offer(s) found
2026-06-22T00:00:07+0000 INFO Fetched page: 272 total IDs, 10 rendered details
2026-06-22T00:00:07+0000 INFO 0 new offer(s) found
2026-06-22T05:22:41+0000 INFO Fetched page: 272 total IDs, 10 rendered details
2026-06-22T05:22:41+0000 INFO 0 new offer(s) found
2026-06-22T11:11:08+0000 INFO Fetched page: 257 total IDs, 10 rendered details
2026-06-22T11:11:08+0000 INFO 15 new offer(s) found
2026-06-22T11:11:08+0000 WARNING ID 18212 not in top-10 details (>10 new in one window?)
2026-06-22T11:11:08+0000 INFO Telegram sent: 🏠 New offer (ID 18212) — details not rendered, see site:
🔗 h
2026-06-22T11:11:08+0000 WARNING ID 18214 not in top-10 details (>10 new in one window?)
2026-06-22T11:11:09+0000 INFO Telegram sent: 🏠 New offer (ID 18214) — details not rendered, see site:
🔗 h
2026-06-22T11:11:09+0000 WARNING ID 18215 not in top-10 details (>10 new in one window?)
2026-06-22T11:11:09+0000 INFO Telegram sent: 🏠 New offer (ID 18215) — details not rendered, see site:
🔗 h
2026-06-22T11:11:09+0000 WARNING ID 18216 not in top-10 details (>10 new in one window?)
2026-06-22T11:11:10+0000 INFO Telegram sent: 🏠 New offer (ID 18216) — details not rendered, see site:
🔗 h
2026-06-22T11:11:10+0000 WARNING ID 18218 not in top-10 details (>10 new in one window?)
2026-06-22T11:11:10+0000 INFO Telegram sent: 🏠 New offer (ID 18218) — details not rendered, see site:
🔗 h
2026-06-22T11:11:10+0000 INFO Skipped (district Treptow-Köpenick not in allowlist): ID 18219
2026-06-22T11:11:11+0000 INFO Telegram sent: 🏠 Neues Wohnungsangebot — Neukölln

📍 Gensweg 10, 12349 Neuk
2026-06-22T11:11:11+0000 INFO Notified: ID 18220 — Gensweg 10, 12349 Neukölln
2026-06-22T11:11:11+0000 INFO Telegram sent: 🏠 Neues Wohnungsangebot — Friedrichshain-Kreuzberg

📍 Mainze
2026-06-22T11:11:11+0000 INFO Notified: ID 18221 — Mainzer Straße 25, 10247 Friedrichshain-Kreuzberg
2026-06-22T11:11:11+0000 INFO Skipped (district Reinickendorf not in allowlist): ID 18222
2026-06-22T11:11:12+0000 INFO Telegram sent: 🏠 Neues Wohnungsangebot — Neukölln

📍 Neuköllner Straße 312,
2026-06-22T11:11:12+0000 INFO Notified: ID 18223 — Neuköllner Straße 312, 12357 Neukölln
2026-06-22T11:11:12+0000 INFO Skipped (district Reinickendorf not in allowlist): ID 18224
2026-06-22T11:11:12+0000 INFO Skipped (district Reinickendorf not in allowlist): ID 18225
2026-06-22T11:11:12+0000 INFO Skipped (district Marzahn-Hellersdorf not in allowlist): ID 18226
2026-06-22T11:11:12+0000 INFO Skipped (district Lichtenberg not in allowlist): ID 18227
2026-06-22T11:11:12+0000 INFO Skipped (district Lichtenberg not in allowlist): ID 18228
2026-06-22T16:00:42+0000 INFO Fetched page: 266 total IDs, 10 rendered details
2026-06-22T16:00:42+0000 INFO 26 new offer(s) found
2026-06-22T16:00:42+0000 WARNING ID 18230 not in top-10 details (>10 new in one window?)
2026-06-22T16:00:42+0000 INFO Telegram sent: 🏠 New offer (ID 18230) — details not rendered, see site:
🔗 h
2026-06-22T16:00:42+0000 WARNING ID 18231 not in top-10 details (>10 new in one window?)
2026-06-22T16:00:43+0000 INFO Telegram sent: 🏠 New offer (ID 18231) — details not rendered, see site:
🔗 h
2026-06-22T16:00:43+0000 WARNING ID 18232 not in top-10 details (>10 new in one window?)
2026-06-22T16:00:43+0000 INFO Telegram sent: 🏠 New offer (ID 18232) — details not rendered, see site:
🔗 h
2026-06-22T16:00:43+0000 WARNING ID 18233 not in top-10 details (>10 new in one window?)
2026-06-22T16:00:43+0000 INFO Telegram sent: 🏠 New offer (ID 18233) — details not rendered, see site:
🔗 h
2026-06-22T16:00:43+0000 WARNING ID 18234 not in top-10 details (>10 new in one window?)
2026-06-22T16:00:44+0000 INFO Telegram sent: 🏠 New offer (ID 18234) — details not rendered, see site:
🔗 h
2026-06-22T16:00:44+0000 WARNING ID 18235 not in top-10 details (>10 new in one window?)
2026-06-22T16:00:44+0000 INFO Telegram sent: 🏠 New offer (ID 18235) — details not rendered, see site:
🔗 h
2026-06-22T16:00:44+0000 WARNING ID 18236 not in top-10 details (>10 new in one window?)
2026-06-22T16:00:44+0000 INFO Telegram sent: 🏠 New offer (ID 18236) — details not rendered, see site:
🔗 h
2026-06-22T16:00:44+0000 WARNING ID 18237 not in top-10 details (>10 new in one window?)
2026-06-22T16:00:45+0000 INFO Telegram sent: 🏠 New offer (ID 18237) — details not rendered, see site:
🔗 h
2026-06-22T16:00:45+0000 WARNING ID 18238 not in top-10 details (>10 new in one window?)
2026-06-22T16:00:45+0000 INFO Telegram sent: 🏠 New offer (ID 18238) — details not rendered, see site:
🔗 h
2026-06-22T16:00:45+0000 WARNING ID 18239 not in top-10 details (>10 new in one window?)
2026-06-22T16:00:45+0000 INFO Telegram sent: 🏠 New offer (ID 18239) — details not rendered, see site:
🔗 h
2026-06-22T16:00:45+0000 WARNING ID 18240 not in top-10 details (>10 new in one window?)
2026-06-22T16:00:46+0000 INFO Telegram sent: 🏠 New offer (ID 18240) — details not rendered, see site:
🔗 h
2026-06-22T16:00:46+0000 WARNING ID 18241 not in top-10 details (>10 new in one window?)
2026-06-22T16:00:46+0000 INFO Telegram sent: 🏠 New offer (ID 18241) — details not rendered, see site:
🔗 h
2026-06-22T16:00:46+0000 WARNING ID 18242 not in top-10 details (>10 new in one window?)
2026-06-22T16:00:46+0000 INFO Telegram sent: 🏠 New offer (ID 18242) — details not rendered, see site:
🔗 h
2026-06-22T16:00:46+0000 WARNING ID 18243 not in top-10 details (>10 new in one window?)
2026-06-22T16:00:47+0000 INFO Telegram sent: 🏠 New offer (ID 18243) — details not rendered, see site:
🔗 h
2026-06-22T16:00:47+0000 WARNING ID 18244 not in top-10 details (>10 new in one window?)
2026-06-22T16:00:47+0000 INFO Telegram sent: 🏠 New offer (ID 18244) — details not rendered, see site:
🔗 h
2026-06-22T16:00:47+0000 WARNING ID 18245 not in top-10 details (>10 new in one window?)
2026-06-22T16:00:47+0000 INFO Telegram sent: 🏠 New offer (ID 18245) — details not rendered, see site:
🔗 h
2026-06-22T16:00:47+0000 INFO Skipped (district Lichtenberg not in allowlist): ID 18246
2026-06-22T16:00:48+0000 INFO Telegram sent: 🏠 Neues Wohnungsangebot — Charlottenburg-Wilmersdorf

📍 Otto
2026-06-22T16:00:48+0000 INFO Notified: ID 18247 — Otto-Suhr-Allee 91, 10585 Charlottenburg-Wilmersdorf
2026-06-22T16:00:48+0000 INFO Telegram sent: 🏠 Neues Wohnungsangebot — Charlottenburg-Wilmersdorf

📍 Krum
2026-06-22T16:00:48+0000 INFO Notified: ID 18248 — Krumme Straße 90, 10585 Charlottenburg-Wilmersdorf
2026-06-22T16:00:48+0000 INFO Skipped (district Steglitz-Zehlendorf not in allowlist): ID 18249
2026-06-22T16:00:48+0000 INFO Skipped (district Lichtenberg not in allowlist): ID 18250
2026-06-22T16:00:48+0000 INFO Telegram sent: 🏠 Neues Wohnungsangebot — Charlottenburg-Wilmersdorf

📍 Kant
2026-06-22T16:00:48+0000 INFO Notified: ID 18251 — Kantstraße 16, 10623 Charlottenburg-Wilmersdorf
2026-06-22T16:00:48+0000 INFO Skipped (district Lichtenberg not in allowlist): ID 18252
2026-06-22T16:00:49+0000 INFO Telegram sent: 🏠 Neues Wohnungsangebot — Friedrichshain-Kreuzberg

📍 George
2026-06-22T16:00:49+0000 INFO Notified: ID 18253 — Georgenkirchstraße 10, 10249 Friedrichshain-Kreuzberg
2026-06-22T16:00:49+0000 INFO Telegram sent: 🏠 Neues Wohnungsangebot — Friedrichshain-Kreuzberg

📍 Weinst
2026-06-22T16:00:49+0000 INFO Notified: ID 18254 — Weinstraße 11, 10249 Friedrichshain-Kreuzberg
2026-06-22T16:00:49+0000 INFO Telegram sent: 🏠 Neues Wohnungsangebot — Friedrichshain-Kreuzberg

📍 Platz 
2026-06-22T16:00:49+0000 INFO Notified: ID 18255 — Platz der Vereinten Nationen 7, 10249 Friedrichshain-Kreuzberg
2026-06-22T19:37:50+0000 INFO Fetched page: 254 total IDs, 10 rendered details
2026-06-22T19:37:50+0000 INFO 2 new offer(s) found
2026-06-22T19:37:50+0000 INFO Skipped (district Marzahn-Hellersdorf not in allowlist): ID 18256
2026-06-22T19:37:50+0000 INFO Skipped (district Spandau not in allowlist): ID 18257
2026-06-22T21:47:48+0000 INFO Fetched page: 254 total IDs, 10 rendered details
2026-06-22T21:47:48+0000 INFO 0 new offer(s) found
